condition,size,observed_survival,original_survival,local_survival,original_tolerance
aligned,256,0.8571428571428571,0.8571428571428571,0.8571428571428571,0.03571428571428571
aligned,384,0.7142857142857143,0.7142857142857143,0.7142857142857143,0.03571428571428571
aligned,576,0.5714285714285714,0.5714285714285714,0.5714285714285714,0.03571428571428571
aligned,864,0.42857142857142855,0.42857142857142855,0.42857142857142855,0.03571428571428571
aligned,1296,0.2857142857142857,0.2857142857142857,0.2857142857142857,0.03571428571428571
aligned,1944,0.0,0.13095238095238096,0.0,0.03571428571428571
opposed,256,0.7142857142857143,0.7142857142857143,0.7142857142857143,0.03571428571428571
opposed,384,0.42857142857142855,0.42857142857142855,0.42857142857142855,0.03571428571428571
opposed,576,0.14285714285714285,0.14285714285714285,0.14285714285714285,0.03571428571428571
opposed,864,0.0,0.0,0.0,0.03571428571428571
opposed,1296,0.0,0.0,0.0,0.03571428571428571
opposed,1944,0.0,0.0,0.0,0.03571428571428571
permuted,256,0.7142857142857143,0.7142857142857143,0.7142857142857143,0.03571428571428571
permuted,384,0.42857142857142855,0.42857142857142855,0.42857142857142855,0.03571428571428571
permuted,576,0.2857142857142857,0.2857142857142857,0.2857142857142857,0.03571428571428571
permuted,864,0.14285714285714285,0.14285714285714285,0.14285714285714285,0.03571428571428571
permuted,1296,0.0,0.0,0.0,0.03571428571428571
permuted,1944,0.0,0.0,0.0,0.03571428571428571
cpu_tightened,256,0.75,0.8571428571428571,0.7142857142857143,0.03571428571428571
cpu_tightened,384,0.7142857142857143,0.7142857142857143,0.6666666666666666,0.03571428571428571
cpu_tightened,576,0.5714285714285714,0.5714285714285714,0.5714285714285714,0.03571428571428571
cpu_tightened,864,0.42857142857142855,0.42857142857142855,0.42857142857142855,0.03571428571428571
cpu_tightened,1296,0.2857142857142857,0.2857142857142857,0.2857142857142857,0.03571428571428571
cpu_tightened,1944,0.0,0.0,0.0,0.03571428571428571
