block_id,condition,budget_stratum,memory_budget_bytes,cpu_budget_seconds,largest_completed_size,zero_completion,upper_censored,nonmonotone_success_pattern
0,aligned,0,29899981,0.0012537499999999975,0,True,False,False
0,cpu_tightened,0,29899981,0.0008149374999999984,0,True,False,False
0,opposed,0,29899981,0.2561979,0,True,False,False
0,permuted,0,29899981,0.16093625,0,True,False,False
1,aligned,1,36192256,0.0023979999999999974,256,False,False,False
1,cpu_tightened,1,36192256,0.0015586999999999984,0,True,False,False
1,opposed,1,36192256,0.16093625,256,False,False,False
1,permuted,1,36192256,0.2561979,256,False,False,False
2,aligned,2,39567360,0.006184249999999995,384,False,False,False
2,cpu_tightened,2,39567360,0.004019762499999997,384,False,False,False
2,opposed,2,39567360,0.051746249999999994,384,False,False,False
2,permuted,2,39567360,0.0012537499999999975,0,True,False,False
3,aligned,3,47861760,0.017332749999999997,576,False,False,False
3,cpu_tightened,3,47861760,0.0112662875,576,False,False,False
3,opposed,3,47861760,0.017332749999999997,576,False,False,False
3,permuted,3,47861760,0.0023979999999999974,256,False,False,False
4,aligned,4,72605696,0.051746249999999994,864,False,False,False
4,cpu_tightened,4,72605696,0.0336350625,864,False,False,False
4,opposed,4,72605696,0.006184249999999995,384,False,False,False
4,permuted,4,72605696,0.006184249999999995,384,False,False,False
5,aligned,5,118218752,0.16093625,1296,False,False,False
5,cpu_tightened,5,118218752,0.1046085625,1296,False,False,False
5,opposed,5,118218752,0.0023979999999999974,256,False,False,False
5,permuted,5,118218752,0.017332749999999997,576,False,False,False
6,aligned,6,152274125,0.2561979,1296,False,False,False
6,cpu_tightened,6,152274125,0.16652863499999998,1296,False,False,False
6,opposed,6,152274125,0.0012537499999999975,0,True,False,False
6,permuted,6,152274125,0.051746249999999994,864,False,False,False
7,aligned,0,29899981,0.0012537499999999975,0,True,False,False
7,cpu_tightened,0,29899981,0.0008149374999999984,0,True,False,False
7,opposed,0,29899981,0.2561979,0,True,False,False
7,permuted,0,29899981,0.16093625,0,True,False,False
8,aligned,1,36192256,0.0023979999999999974,256,False,False,False
8,cpu_tightened,1,36192256,0.0015586999999999984,256,False,False,False
8,opposed,1,36192256,0.16093625,256,False,False,False
8,permuted,1,36192256,0.2561979,256,False,False,False
9,aligned,2,39567360,0.006184249999999995,384,False,False,False
9,cpu_tightened,2,39567360,0.004019762499999997,384,False,False,False
9,opposed,2,39567360,0.051746249999999994,384,False,False,False
9,permuted,2,39567360,0.0012537499999999975,0,True,False,False
10,aligned,3,47861760,0.017332749999999997,576,False,False,False
10,cpu_tightened,3,47861760,0.0112662875,576,False,False,False
10,opposed,3,47861760,0.017332749999999997,576,False,False,False
10,permuted,3,47861760,0.0023979999999999974,256,False,False,False
11,aligned,4,72605696,0.051746249999999994,864,False,False,False
11,cpu_tightened,4,72605696,0.0336350625,864,False,False,False
11,opposed,4,72605696,0.006184249999999995,384,False,False,False
11,permuted,4,72605696,0.006184249999999995,384,False,False,False
12,aligned,5,118218752,0.16093625,1296,False,False,False
12,cpu_tightened,5,118218752,0.1046085625,1296,False,False,False
12,opposed,5,118218752,0.0023979999999999974,256,False,False,False
12,permuted,5,118218752,0.017332749999999997,576,False,False,False
13,aligned,6,152274125,0.2561979,1296,False,False,False
13,cpu_tightened,6,152274125,0.16652863499999998,1296,False,False,False
13,opposed,6,152274125,0.0012537499999999975,0,True,False,False
13,permuted,6,152274125,0.051746249999999994,864,False,False,False
14,aligned,0,29899981,0.0012537499999999975,0,True,False,False
14,cpu_tightened,0,29899981,0.0008149374999999984,0,True,False,False
14,opposed,0,29899981,0.2561979,0,True,False,False
14,permuted,0,29899981,0.16093625,0,True,False,False
15,aligned,1,36192256,0.0023979999999999974,256,False,False,False
15,cpu_tightened,1,36192256,0.0015586999999999984,0,True,False,False
15,opposed,1,36192256,0.16093625,256,False,False,False
15,permuted,1,36192256,0.2561979,256,False,False,False
16,aligned,2,39567360,0.006184249999999995,384,False,False,False
16,cpu_tightened,2,39567360,0.004019762499999997,384,False,False,False
16,opposed,2,39567360,0.051746249999999994,384,False,False,False
16,permuted,2,39567360,0.0012537499999999975,0,True,False,False
17,aligned,3,47861760,0.017332749999999997,576,False,False,False
17,cpu_tightened,3,47861760,0.0112662875,576,False,False,False
17,opposed,3,47861760,0.017332749999999997,576,False,False,False
17,permuted,3,47861760,0.0023979999999999974,256,False,False,False
18,aligned,4,72605696,0.051746249999999994,864,False,False,False
18,cpu_tightened,4,72605696,0.0336350625,864,False,False,False
18,opposed,4,72605696,0.006184249999999995,384,False,False,False
18,permuted,4,72605696,0.006184249999999995,384,False,False,False
19,aligned,5,118218752,0.16093625,1296,False,False,False
19,cpu_tightened,5,118218752,0.1046085625,1296,False,False,False
19,opposed,5,118218752,0.0023979999999999974,256,False,False,False
19,permuted,5,118218752,0.017332749999999997,576,False,False,False
20,aligned,6,152274125,0.2561979,1296,False,False,False
20,cpu_tightened,6,152274125,0.16652863499999998,1296,False,False,False
20,opposed,6,152274125,0.0012537499999999975,0,True,False,False
20,permuted,6,152274125,0.051746249999999994,864,False,False,False
21,aligned,0,29899981,0.0012537499999999975,0,True,False,False
21,cpu_tightened,0,29899981,0.0008149374999999984,0,True,False,False
21,opposed,0,29899981,0.2561979,0,True,False,False
21,permuted,0,29899981,0.16093625,0,True,False,False
22,aligned,1,36192256,0.0023979999999999974,256,False,False,False
22,cpu_tightened,1,36192256,0.0015586999999999984,0,True,False,False
22,opposed,1,36192256,0.16093625,256,False,False,False
22,permuted,1,36192256,0.2561979,256,False,False,False
23,aligned,2,39567360,0.006184249999999995,384,False,False,False
23,cpu_tightened,2,39567360,0.004019762499999997,384,False,False,False
23,opposed,2,39567360,0.051746249999999994,384,False,False,False
23,permuted,2,39567360,0.0012537499999999975,0,True,False,False
24,aligned,3,47861760,0.017332749999999997,576,False,False,False
24,cpu_tightened,3,47861760,0.0112662875,576,False,False,False
24,opposed,3,47861760,0.017332749999999997,576,False,False,False
24,permuted,3,47861760,0.0023979999999999974,256,False,False,False
25,aligned,4,72605696,0.051746249999999994,864,False,False,False
25,cpu_tightened,4,72605696,0.0336350625,864,False,False,False
25,opposed,4,72605696,0.006184249999999995,384,False,False,False
25,permuted,4,72605696,0.006184249999999995,384,False,False,False
26,aligned,5,118218752,0.16093625,1296,False,False,False
26,cpu_tightened,5,118218752,0.1046085625,1296,False,False,False
26,opposed,5,118218752,0.0023979999999999974,256,False,False,False
26,permuted,5,118218752,0.017332749999999997,576,False,False,False
27,aligned,6,152274125,0.2561979,1296,False,False,False
27,cpu_tightened,6,152274125,0.16652863499999998,1296,False,False,False
27,opposed,6,152274125,0.0012537499999999975,0,True,False,False
27,permuted,6,152274125,0.051746249999999994,864,False,False,False
