Category,Treatment,Chemostat,OEV_biovolume_algae,OEV_biovolume_rotifers,TC_at_pulse,Relative_Biovolume_Monoraphidium_Chlorella_at_pulse,Relative_Biovolume_Chlamydomonas_at_pulse,Relative_Biovolume_Cryptomonas_at_pulse,Relative_Biovolume_Brachionus_at_pulse,Relative_Biovolume_Cephalodella_at_pulse,Relative_Biovolume_Lecane_at_pulse
Monocultures,Bc,Bc1,0.194108256368482,0.246537496971258,2.74338511109651,0.407648041681833,0.503775964550965,0.0885759937672026,1,0,0
Monocultures,Bc,Bc2,0.603660231563735,0.537791787247026,2.64109705779701,0.368516318056462,0.628482741160371,0.00300094078316685,1,0,0
Monocultures,Bc,Bc3,0.423205360474889,0.185484188469937,3.34093931428517,0.468202961293558,0.527295053193584,0.00450198551285877,1,0,0
Monocultures,Bc,Bc4,1.0959411917938,2.68735076090653,1.85290664494286,0.573306550729558,0.426036997810026,0.000656451460416065,1,0,0
Monocultures,Ce,Ce1,0.654281807183948,0.286059906429061,0.659392341670711,0.610892221714006,0.386958011555132,0.00214976673086184,0,1,0
Monocultures,Ce,Ce2,0.411098511151643,0.488316343471649,-0.0608325219653061,0.780247883936005,0.218226085295262,0.00152605654052631,0,1,0
Monocultures,Ce,Ce3,0.586336796131177,1.31889424368275,0.542035458028194,0.71951707240587,0.268796138944375,0.0116867886497554,0,1,0
Monocultures,Ce,Ce4,0.410984133459006,0.627668582031323,0.291431722808037,0.563235906093139,0.429484692341745,0.00727940156511436,0,1,0
Monocultures,Le,Le1,0.596705291897017,2.07519108206962,0.233111571493853,0.190254006651504,0.808218891050808,0.00152710229768693,0,0,1
Monocultures,Le,Le2,1.05180347780535,0.59106185162202,1.04570889420223,0.129633105204492,0.869973952630814,0.000392942164693232,0,0,1
Monocultures,Le,Le3,1.41486575016805,1.92388724570655,2.25629315513488,0.161250314334232,0.838014671524836,0.000734885710194244,0,0,1
Monocultures,Le,Le4,0.407316584657329,1.82648528391915,0.128085951996099,0.111906960530541,0.884661458946007,0.0034315805234523,0,0,1
Polycultures,13d,1,0.402484273254764,0.498621654045895,0.998628075560214,0.310777767560497,0.644465133481194,0.0447570989583101,0.47741935483871,0.512903225806452,0.00890322580645161
Polycultures,13d,2,0.677326191985754,0.342525942461366,0.645148030945851,0.590263816013753,0.395586135590325,0.0141500483959214,0.486842105263158,0.364035087719298,0.150584795321637
Polycultures,9d,3,0.931678829167635,1.87047736632718,3.01290654337654,0.336732351311226,0.659959150895828,0.00330849779294497,0.628571428571429,0.25578231292517,0.112244897959184
Polycultures,9d,4,1.46618885583012,1.27645349673693,2.44042155953681,0.166232888475401,0.767627121187063,0.0661401362515989,0.62406015037594,0.311654135338346,0.062781954887218
Polycultures,13d,5,0.748872169642291,0.507014475288547,2.49337905859656,0.557230915384036,0.406817748685608,0.035951335930356,0.749539594843462,0.206261510128913,0.0443830570902394
Polycultures,9d,6,0.657289724151853,1.7849439149303,1.26929175410263,0.37986633506379,0.616471106557877,0.00366255837833255,0.152892561983471,0.697520661157025,0.153719008264463
Polycultures,13d,7,1.37065897721722,0.384769609624911,0.979340547078855,0.767809437103107,0.214862908949364,0.0173276539475294,0.516129032258065,0.425806451612903,0.056989247311828
Polycultures,13d,8,0.467342955711964,0.297059576339034,3.02388790330329,0.614276593697799,0.34100838571928,0.0447148019386898,0.929203539823009,0.0583185840707965,0.0111504424778761
Polycultures,13d,9,0.294666436957765,0.348556409268179,3.2484085695482,0.619131665884954,0.366271775855735,0.014596558259311,0.885819521178637,0.106445672191529,0.00856353591160221
Polycultures,9d,10,0.906430358843473,2.63902068335653,1.59363210262038,0.437588656164822,0.533645386576722,0.028765957258455,0.329761904761905,0.552380952380952,0.11702380952381
Polycultures,9d,11,0.767865477081768,1.7655550226865,1.94026126949522,0.247345245768776,0.747983957854901,0.00467079637632277,0.227049180327869,0.591803278688525,0.181967213114754
Polycultures,9d,12,1.17959039062422,1.5393659008365,2.83086837144416,0.320837223962938,0.674116374480645,0.00504640155641685,0.481739130434783,0.368695652173913,0.15304347826087
