row_i,row_j,lag,correlation,residual_covariance_kJy_sr_squared,mode_energy_over_kBT_covariance
0,0,0,1.0,196.0,1.3037462512326426e-09
0,1,1,0.176,46.815999999999995,2.1689283831517568e-10
0,2,2,-0.203,-71.05000000000001,-2.408233303683146e-10
0,3,3,0.145,46.69,1.214505090800255e-10
0,4,4,0.077,23.716,4.8832598100200434e-11
0,5,5,-0.005,-1.47,-2.444524221061196e-12
0,6,6,-0.022,-5.544,-7.631516473997975e-12
0,7,7,0.032,8.064,9.305639634457352e-12
0,8,8,0.053,11.872,1.1689840360250001e-11
0,9,9,0.025,4.9,4.165214246374039e-12
0,10,10,-0.003,-0.546,-4.0354050633391224e-13
0,11,11,0.007,1.176,7.647558292895181e-13
0,12,12,0.029,4.466,2.575127153667497e-12
0,13,13,0.029,4.0600000000000005,2.08482994456328e-12
0,14,14,0.003,0.462,2.131160507253472e-13
0,15,15,-0.002,-0.336,-1.3968709834635453e-13
0,16,16,0.016,3.136,1.183529175857393e-12
0,17,17,0.02,4.48,1.5417204997975763e-12
0,18,18,0.011,2.772,8.717278966572205e-13
0,19,19,0.002,0.616,1.7803839412031011e-13
0,20,20,0.007,2.156,5.746605221154026e-13
0,21,21,0.011,3.542,8.719132108323229e-13
0,22,22,0.009,2.8979999999999997,6.619343511637628e-13
0,23,23,0.003,0.966,2.0496265637167101e-13
0,24,24,-0.004,-1.232,-2.438302842656112e-13
0,25,25,-0.001,-0.294,-5.440261751049088e-14
0,26,26,0.003,0.84,1.454386407022516e-13
0,27,27,0.003,0.798,1.297353638973285e-13
0,28,28,-0.001,-0.266,-4.068429096688054e-14
0,29,29,-0.003,-0.798,-1.148840546570546e-13
0,30,30,0.0,0.0,0.0
0,31,31,0.003,0.966,1.240114363576429e-13
0,32,32,0.009,3.276,3.9831917753148336e-13
0,33,33,0.015,5.88,6.780965250351931e-13
0,34,34,0.008,3.36,3.6760504277515634e-13
0,35,35,0.003,1.344,1.3984106592722596e-13
0,36,36,-0.002,-0.924,-9.144667952821264e-14
0,37,37,0.0,0.0,0.0
0,38,38,-0.006,-3.444,-3.10125387333875e-13
0,39,39,-0.006,-4.62,-3.9707684409730464e-13
0,40,40,0.0,0.0,0.0
0,41,41,0.002,4.34,3.4153368742617066e-13
0,42,42,0.008,31.584,2.3794365905002995e-12
1,0,1,0.176,46.815999999999995,2.168928383151757e-10
1,1,0,1.0,361.0,1.164855396106344e-09
1,2,1,0.176,83.6,1.9735796549537964e-10
1,3,2,-0.203,-88.71100000000001,-1.6071886132854073e-10
1,4,3,0.145,60.60999999999999,8.692137341705828e-11
1,5,4,0.077,30.723,3.558398128608338e-11
1,6,5,-0.005,-1.71,-1.6394479807199809e-12
1,7,6,-0.022,-7.523999999999999,-6.047256699765788e-12
1,8,7,0.032,9.728,6.6714795736664434e-12
1,9,8,0.053,14.097999999999999,8.346659129994006e-12
1,10,9,0.025,6.175000000000001,3.1786693926962455e-12
1,11,10,-0.003,-0.684,-3.098029025394883e-13
1,12,11,0.007,1.463,5.875410188701812e-13
1,13,12,0.029,5.510000000000001,1.970652768605003e-12
1,14,13,0.029,6.061,1.947297805311293e-12
1,15,14,0.003,0.684,1.9805555446799722e-13
1,16,15,-0.002,-0.532,-1.3983904617798052e-13
1,17,16,0.016,4.864,1.165829675178657e-12
1,18,17,0.02,6.84,1.4981583749770837e-12
1,19,18,0.011,4.598,9.25583980426614e-13
1,20,19,0.002,0.836,1.5519681002114215e-13
1,21,20,0.007,3.059,5.244669000782683e-13
1,22,21,0.011,4.8069999999999995,7.647237297182162e-13
1,23,22,0.009,3.933,5.812131976894814e-13
1,24,23,0.003,1.254,1.7285756064090833e-13
1,25,24,-0.004,-1.596,-2.0569287983603946e-13
1,26,25,-0.001,-0.38,-4.5824530470609986e-14
1,27,26,0.003,1.083,1.2263031558854699e-13
1,28,27,0.003,1.083,1.153685616062214e-13
1,29,28,-0.001,-0.361,-3.6197449575984094e-14
1,30,29,-0.003,-1.197,-1.1331718471545066e-13
1,31,30,0.0,0.0,0.0
1,32,31,0.003,1.482,1.2550164935319824e-13
1,33,32,0.009,4.787999999999999,3.8457605559439187e-13
1,34,33,0.015,8.549999999999999,6.515116771158619e-13
1,35,34,0.008,4.864,3.5248685800048386e-13
1,36,35,0.003,1.881,1.2965780685994235e-13
1,37,36,-0.002,-1.33,-8.739940386123812e-14
1,38,37,0.0,0.0,0.0
1,39,38,-0.006,-6.2700000000000005,-3.7533065188835105e-13
1,40,39,-0.006,-10.032,-5.743527039733141e-13
1,41,40,0.0,0.0,0.0
1,42,41,0.002,10.716000000000001,5.622812686734148e-13
2,0,2,-0.203,-71.05000000000001,-2.408233303683146e-10
2,1,1,0.176,83.6,1.9735796549537964e-10
2,2,0,1.0,625.0,1.0794734557386433e-09
2,3,1,0.176,101.19999999999999,1.3413850216420798e-10
2,4,2,-0.203,-111.65,-1.1714522513322256e-10
2,5,3,0.145,76.125,6.45062492057983e-11
2,6,4,0.077,34.65,2.4304592158429322e-11
2,7,5,-0.005,-2.25,-1.3230483139709226e-12
2,8,6,-0.022,-8.799999999999999,-4.415346987166496e-12
2,9,7,0.032,11.200000000000001,4.851284700569203e-12
2,10,8,0.053,17.224999999999998,6.487109024308715e-12
2,11,9,0.025,7.5,2.4852736319949685e-12
2,12,10,-0.003,-0.8250000000000001,-2.4239931184812555e-13
2,13,11,0.007,1.75,4.579099977178969e-13
2,14,12,0.029,7.9750000000000005,1.8745729686241264e-12
2,15,13,0.029,8.700000000000001,1.8430356915942437e-12
2,16,14,0.003,1.05,2.0192481232847537e-13
2,17,15,-0.002,-0.8,-1.4028624622470076e-13
2,18,16,0.016,7.2,1.1537658738339466e-12
2,19,17,0.02,11.0,1.6200302193744889e-12
2,20,18,0.011,6.05,8.217041032391075e-13
2,21,19,0.002,1.1500000000000001,1.4425139304663217e-13
2,22,20,0.007,4.025,4.684679642638614e-13
2,23,21,0.011,6.324999999999999,6.838417609988374e-13
2,24,22,0.009,4.949999999999999,4.992057861657467e-13
2,25,23,0.003,1.575,1.4850822174992798e-13
2,26,24,-0.004,-2.0,-1.7645257111839852e-13
2,27,25,-0.001,-0.47500000000000003,-3.935016583992019e-14
2,28,26,0.003,1.425,1.1105994492788826e-13
2,29,27,0.003,1.425,1.0453680015948166e-13
2,30,28,-0.001,-0.525,-3.6361726622534305e-14
2,31,29,-0.003,-1.725,-1.128421065804813e-13
2,32,30,0.0,0.0,0.0
2,33,31,0.003,2.1,1.2340449009751257e-13
2,34,32,0.009,6.749999999999999,3.7630798186077997e-13
2,35,33,0.015,12.0,6.362300497907109e-13
2,36,34,0.008,6.6000000000000005,3.3284143014017175e-13
2,37,35,0.003,2.625,1.2620300770529752e-13
2,38,36,-0.002,-2.05,-9.406444824415958e-14
2,39,37,0.0,0.0,0.0
2,40,38,-0.006,-13.200000000000001,-5.529026173541209e-13
2,41,39,-0.006,-23.25,-9.32318386658059e-13
2,42,40,0.0,0.0,0.0
3,0,3,0.145,46.69,1.2145050908002547e-10
3,1,2,-0.203,-88.71100000000001,-1.6071886132854073e-10
3,2,1,0.176,101.19999999999999,1.3413850216420798e-10
3,3,0,1.0,529.0,5.381081899102144e-10
3,4,1,0.176,89.056,7.170840100989373e-11
3,5,2,-0.203,-98.049,-6.376151726701314e-11
3,6,3,0.145,60.029999999999994,3.2314276156929664e-11
3,7,4,0.077,31.878,1.4385509287934757e-11
3,8,5,-0.005,-1.84,-7.085018355672826e-13
3,9,6,-0.022,-7.084,-2.3548230702454903e-12
3,10,7,0.032,9.568,2.765375576206375e-12
3,11,8,0.053,14.628,3.719965312857581e-12
3,12,9,0.025,6.325,1.4261951451924377e-12
3,13,10,-0.003,-0.6900000000000001,-1.3855817603041256e-13
3,14,11,0.007,1.7710000000000001,3.194708296210381e-13
3,15,12,0.029,8.004,1.3012554544288436e-12
3,16,13,0.029,9.338000000000001,1.3781460616189926e-12
3,17,14,0.003,1.104,1.4857138462956222e-13
3,18,15,-0.002,-0.8280000000000001,-1.0182549253574192e-13
3,19,16,0.016,8.096,9.15043878494662e-13
3,20,17,0.02,10.120000000000001,1.0548278395880872e-12
3,21,18,0.011,5.819,5.601592637453808e-13
3,22,19,0.002,1.058,9.450192829824763e-14
3,23,20,0.007,3.7030000000000003,3.072485138943203e-13
3,24,21,0.011,5.566,4.3078304668917845e-13
3,25,22,0.009,4.3469999999999995,3.145578804485247e-13
3,26,23,0.003,1.3800000000000001,9.343682477081936e-14
3,27,24,-0.004,-1.748,-1.111310392205877e-13
3,28,25,-0.001,-0.437,-2.613755840705264e-14
3,29,26,0.003,1.311,7.380707927495265e-14
3,30,27,0.003,1.449,7.701841366798691e-14
3,31,28,-0.001,-0.529,-2.6556983739162305e-14
3,32,29,-0.003,-1.794,-8.529984194516725e-14
3,33,30,0.0,0.0,0.0
3,34,31,0.003,2.07,8.856272944591009e-14
3,35,32,0.009,6.624,2.6952201512024696e-13
3,36,33,0.015,11.385,4.406233100962932e-13
3,37,34,0.008,6.44,2.376113899343098e-13
3,38,35,0.003,2.829,9.96197823817022e-14
3,39,36,-0.002,-2.5300000000000002,-8.503379689497566e-14
3,40,37,0.0,0.0,0.0
3,41,38,-0.006,-21.39,-6.582533324971494e-13
3,42,39,-0.006,-38.916000000000004,-1.1464989566373732e-12
4,0,4,0.077,23.716,4.8832598100200434e-11
4,1,3,0.145,60.60999999999999,8.692137341705828e-11
4,2,2,-0.203,-111.65,-1.1714522513322256e-10
4,3,1,0.176,89.056,7.170840100989374e-11
4,4,0,1.0,484.0,3.084928760113385e-10
4,5,1,0.176,81.312,4.18565126573145e-11
4,6,2,-0.203,-80.388,-3.425391664044652e-11
4,7,3,0.145,57.419999999999995,2.0511163075229012e-11
4,8,4,0.077,27.104,8.26132046622147e-12
4,9,5,-0.005,-1.54,-4.052223344584981e-13
4,10,6,-0.022,-6.292,-1.4395096945637282e-12
4,11,7,0.032,8.448,1.7005944903532168e-12
4,12,8,0.053,12.826,2.289299341696348e-12
4,13,9,0.025,5.5,8.742561183567275e-13
4,14,10,-0.003,-0.726,-1.0366739677398307e-13
4,15,11,0.007,1.848,2.378210946438332e-13
4,16,12,0.029,8.932,1.0434773270356923e-12
4,17,13,0.029,10.208,1.0874259250935437e-12
4,18,14,0.003,1.188,1.156473131561259e-13
4,19,15,-0.002,-0.968,-8.660434904576516e-14
4,20,16,0.016,7.744,6.389389137712526e-13
4,21,17,0.02,10.120000000000001,7.711459850774882e-13
4,22,18,0.011,5.566,3.93542036346217e-13
4,23,19,0.002,1.012,6.646752618151323e-14
4,24,20,0.007,3.388,2.0756385449278687e-13
4,25,21,0.011,5.082,2.9109752584983395e-13
4,26,22,0.009,3.9599999999999995,2.1223993060072017e-13
4,27,23,0.003,1.254,6.310799866545117e-14
4,28,24,-0.004,-1.672,-7.916127424052629e-14
4,29,25,-0.001,-0.418,-1.862792726717312e-14
4,30,26,0.003,1.3860000000000001,5.83152763447934e-14
4,31,27,0.003,1.518,6.032367216661397e-14
4,32,28,-0.001,-0.5720000000000001,-2.1528548037195827e-14
4,33,29,-0.003,-1.848,-6.597016158344353e-14
4,34,30,0.0,0.0,0.0
4,35,31,0.003,2.112,6.802377961412856e-14
4,36,32,0.009,6.534,2.0017345620482348e-13
4,37,33,0.015,11.549999999999999,3.373310324468843e-13
4,38,34,0.008,7.216,2.0114168763296078e-13
4,39,35,0.003,3.63,9.657630808823077e-14
4,40,36,-0.002,-3.872,-9.852444044766413e-14
4,41,37,0.0,0.0,0.0
4,42,38,-0.006,-37.224000000000004,-8.680833621624661e-13
5,0,5,-0.005,-1.47,-2.444524221061196e-12
5,1,4,0.077,30.723,3.558398128608338e-11
5,2,3,0.145,76.125,6.45062492057983e-11
5,3,2,-0.203,-98.049,-6.376151726701314e-11
5,4,1,0.176,81.312,4.1856512657314506e-11
5,5,0,1.0,441.0,1.83339316579589e-10
5,6,1,0.176,66.52799999999999,2.289454942199384e-11
5,7,2,-0.203,-76.73400000000001,-2.213724428665823e-11
5,8,3,0.145,48.72,1.1993114520539462e-11
5,9,4,0.077,22.637999999999998,4.810822454561996e-12
5,10,5,-0.005,-1.365,-2.5221281645869416e-13
5,11,6,-0.022,-5.544,-9.013193702340716e-13
5,12,7,0.032,7.392,1.0655698566899944e-12
5,13,8,0.053,11.129999999999999,1.4288274189032766e-12
5,14,9,0.025,5.775,6.659876585167075e-13
5,15,10,-0.003,-0.756,-7.857399281982411e-14
5,16,11,0.007,2.058,1.9417275541410279e-13
5,17,12,0.029,9.744,8.383105217649288e-13
5,18,13,0.029,10.962,8.618218978315671e-13
5,19,14,0.003,1.3860000000000001,1.0014659669267406e-13
5,20,15,-0.002,-0.924,-6.157077022665005e-14
5,21,16,0.016,7.728,4.755890240903561e-13
5,22,17,0.02,9.66,5.516119593031336e-13
5,23,18,0.011,5.313,2.8182365251104664e-13
5,24,19,0.002,0.924,4.571817829980193e-14
5,25,20,0.007,3.087,1.4280687096503805e-13
5,26,21,0.011,4.62,1.999781309655952e-13
5,27,22,0.009,3.5909999999999997,1.4595228438449398e-13
5,28,23,0.003,1.197,4.576982733774043e-14
5,29,24,-0.004,-1.596,-5.744202732852708e-14
5,30,25,-0.001,-0.441,-1.498533022230592e-14
5,31,26,0.003,1.449,4.6504288634115913e-14
5,32,27,0.003,1.6380000000000001,4.978989719143523e-14
5,33,28,-0.001,-0.588,-1.6952413125879763e-14
5,34,29,-0.003,-1.8900000000000001,-5.169445914025618e-14
5,35,30,0.0,0.0,0.0
5,36,31,0.003,2.079,5.1438757234619416e-14
5,37,32,0.009,6.614999999999999,1.5603167845776165e-13
5,38,33,0.015,12.915,2.907425506255067e-13
5,39,34,0.008,9.24,1.9853842204865154e-13
5,40,35,0.003,5.5440000000000005,1.1393062254494342e-13
5,41,36,-0.002,-6.51,-1.2807513278481352e-13
5,42,37,0.0,0.0,0.0
6,0,6,-0.022,-5.544,-7.631516473997975e-12
6,1,5,-0.005,-1.71,-1.6394479807199807e-12
6,2,4,0.077,34.65,2.4304592158429322e-11
6,3,3,0.145,60.029999999999994,3.2314276156929664e-11
6,4,2,-0.203,-80.388,-3.425391664044652e-11
6,5,1,0.176,66.52799999999999,2.289454942199384e-11
6,6,0,1.0,324.0,9.229608037087013e-11
6,7,1,0.176,57.023999999999994,1.3617707836994104e-11
6,8,2,-0.203,-58.464000000000006,-1.191307404797015e-11
6,9,3,0.145,36.54,6.4277715234955744e-12
6,10,4,0.077,18.018,2.7558253933881512e-12
6,11,5,-0.005,-1.08,-1.4534157192022386e-13
6,12,6,-0.022,-4.356,-5.197786703660681e-13
6,13,7,0.032,5.76,6.120934176607051e-13
6,14,8,0.053,10.494,1.0017650299019992e-12
6,15,9,0.025,5.4,4.645809541800714e-13
6,16,10,-0.003,-0.756,-5.904394038486347e-14
6,17,11,0.007,2.016,1.435716805769096e-13
6,18,12,0.029,9.396,6.114787225528689e-13
6,19,13,0.029,11.484,6.868735028526096e-13
6,20,14,0.003,1.188,6.552841605588839e-14
6,21,15,-0.002,-0.8280000000000001,-4.217991119201238e-14
6,22,16,0.016,6.6240000000000006,3.1310318483969296e-13
6,23,17,0.02,8.28,3.635620758898548e-13
6,24,18,0.011,4.356,1.7840845462386857e-13
6,25,19,0.002,0.756,2.8949754417833866e-14
6,26,20,0.007,2.52,9.029250143669662e-14
6,27,21,0.011,3.7619999999999996,1.2656828554719445e-13
6,28,22,0.009,3.078,9.742364039147449e-14
6,29,23,0.003,1.026,3.0567142915553474e-14
6,30,24,-0.004,-1.512,-4.252948598509323e-14
6,31,25,-0.001,-0.41400000000000003,-1.0998553598590756e-14
6,32,26,0.003,1.4040000000000001,3.5326861393591196e-14
6,33,27,0.003,1.512,3.608416059681288e-14
6,34,28,-0.001,-0.54,-1.2226061215076067e-14
6,35,29,-0.003,-1.728,-3.720744241157724e-14
6,36,30,0.0,0.0,0.0
6,37,31,0.003,1.8900000000000001,3.6902462740539784e-14
6,38,32,0.009,6.6419999999999995,1.2377235985456002e-13
6,39,33,0.015,14.85,2.6412509286452875e-13
6,40,34,0.008,12.672,2.1556240860970558e-13
6,41,35,0.003,8.370000000000001,1.3630754588000605e-13
6,42,36,-0.002,-10.152000000000001,-1.5827387564235339e-13
7,0,7,0.032,8.064,9.305639634457352e-12
7,1,6,-0.022,-7.523999999999999,-6.0472566997657875e-12
7,2,5,-0.005,-2.25,-1.3230483139709223e-12
7,3,4,0.077,31.878,1.4385509287934757e-11
7,4,3,0.145,57.419999999999995,2.0511163075229012e-11
7,5,2,-0.203,-76.73400000000001,-2.2137244286658226e-11
7,6,1,0.176,57.023999999999994,1.3617707836994106e-11
7,7,0,1.0,324.0,6.486335840110228e-11
7,8,1,0.176,50.687999999999995,8.658617559754565e-12
7,9,2,-0.203,-51.156000000000006,-7.543910956891505e-12
7,10,3,0.145,33.93,4.350478846962317e-12
7,11,4,0.077,16.632,1.8763707766871484e-12
7,12,5,-0.005,-0.99,-9.903161556635258e-14
7,13,6,-0.022,-3.96,-3.527755668715328e-13
7,14,7,0.032,6.336,5.070468189889434e-13
7,15,8,0.053,11.448,8.256678023876775e-13
7,16,9,0.025,6.300000000000001,4.1247931430495326e-13
7,17,10,-0.003,-0.864,-5.1582226655280876e-14
7,18,11,0.007,2.2680000000000002,1.2373412127281895e-13
7,19,12,0.029,11.484,5.758174870256823e-13
7,20,13,0.029,11.484,5.310244285426452e-13
7,21,14,0.003,1.242,5.304018213983157e-14
7,22,15,-0.002,-0.8280000000000001,-3.280995123654099e-14
7,23,16,0.016,6.6240000000000006,2.438241103170443e-13
7,24,17,0.02,7.92,2.7193232041868574e-13
7,25,18,0.011,4.1579999999999995,1.334798346902548e-13
7,26,19,0.002,0.72,2.16267732636637e-14
7,27,20,0.007,2.394,6.752091810048424e-14
7,28,21,0.011,3.7619999999999996,9.982116084216404e-14
7,29,22,0.009,3.078,7.6874833631335e-14
7,30,23,0.003,1.1340000000000001,2.6739881844392498e-14
7,31,24,-0.004,-1.6560000000000001,-3.688108199111466e-14
7,32,25,-0.001,-0.468,-9.871698581898984e-15
7,33,26,0.003,1.512,3.024995226922663e-14
7,34,27,0.003,1.62,3.074793167526472e-14
7,35,28,-0.001,-0.5760000000000001,-1.039720603532271e-14
7,36,29,-0.003,-1.782,-3.059583984850971e-14
7,37,30,0.0,0.0,0.0
7,38,31,0.003,2.214,3.4586809613270964e-14
7,39,32,0.009,8.91,1.3285227623606253e-13
7,40,33,0.015,23.759999999999998,3.3883041393543586e-13
7,41,34,0.008,22.32,3.0471702365495625e-13
7,42,35,0.003,15.228,1.9902543544561127e-13
8,0,8,0.053,11.872,1.1689840360250002e-11
8,1,7,0.032,9.728,6.6714795736664434e-12
8,2,6,-0.022,-8.799999999999999,-4.415346987166496e-12
8,3,5,-0.005,-1.84,-7.085018355672826e-13
8,4,4,0.077,27.104,8.261320466221468e-12
8,5,3,0.145,48.72,1.1993114520539462e-11
8,6,2,-0.203,-58.464000000000006,-1.191307404797015e-11
8,7,1,0.176,50.687999999999995,8.658617559754565e-12
8,8,0,1.0,256.0,3.7314046536698525e-11
8,9,1,0.176,39.424,4.960776286964872e-12
8,10,2,-0.203,-42.224000000000004,-4.619570037541132e-12
8,11,3,0.145,27.839999999999996,2.679985204102338e-12
8,12,4,0.077,13.552,1.1567274549443053e-12
8,13,5,-0.005,-0.8,-6.081101898039116e-14
8,14,6,-0.022,-3.872,-2.643974265875229e-13
8,15,7,0.032,6.144,3.7810804399730446e-13
8,16,8,0.053,11.872,6.632457770439633e-13
8,17,9,0.025,6.4,3.2602829906869707e-13
8,18,10,-0.003,-0.864,-4.022065621106039e-14
8,19,11,0.007,2.464,1.0541959678972101e-13
8,20,12,0.029,10.208,4.027642909454609e-13
8,21,13,0.029,10.672,3.888823287496535e-13
8,22,14,0.003,1.104,3.732787806581861e-14
8,23,15,-0.002,-0.736,-2.3116555385400143e-14
8,24,16,0.016,5.632,1.650012652249051e-13
8,25,17,0.02,6.72,1.8407271983900115e-13
8,26,18,0.011,3.5199999999999996,9.02175181014866e-14
8,27,19,0.002,0.608,1.4632103125846046e-14
8,28,20,0.007,2.128,4.817973752904085e-14
8,29,21,0.011,3.344,7.126410306469909e-14
8,30,22,0.009,3.0239999999999996,6.084392151550845e-14
8,31,23,0.003,1.104,2.0979801548234872e-14
8,32,24,-0.004,-1.6640000000000001,-2.994941449814342e-14
8,33,25,-0.001,-0.448,-7.647859446746502e-15
8,34,26,0.003,1.44,2.332127908543652e-14
8,35,27,0.003,1.536,2.3657800422420603e-14
8,36,28,-0.001,-0.528,-7.735307505083556e-15
8,37,29,-0.003,-1.68,-2.34638836218384e-14
8,38,30,0.0,0.0,0.0
8,39,31,0.003,2.64,3.358800459554322e-14
8,40,32,0.009,12.671999999999999,1.5419493049763154e-13
8,41,33,0.015,37.199999999999996,4.3334565714408423e-13
8,42,34,0.008,36.096000000000004,4.0254438567534814e-13
9,0,9,0.025,4.9,4.1652142463740395e-12
9,1,8,0.053,14.097999999999999,8.346659129994008e-12
9,2,7,0.032,11.200000000000001,4.851284700569203e-12
9,3,6,-0.022,-7.084,-2.35482307024549e-12
9,4,5,-0.005,-1.54,-4.052223344584981e-13
9,5,4,0.077,22.637999999999998,4.810822454561996e-12
9,6,3,0.145,36.54,6.4277715234955744e-12
9,7,2,-0.203,-51.156000000000006,-7.543910956891506e-12
9,8,1,0.176,39.424,4.960776286964872e-12
9,9,0,1.0,196.0,2.1291271612762892e-11
9,10,1,0.176,32.032,3.0254000621281828e-12
9,11,2,-0.203,-34.104,-2.834164525255945e-12
9,12,3,0.145,22.33,1.6454055068675364e-12
9,13,4,0.077,10.78,7.074041891073819e-13
9,14,5,-0.005,-0.77,-4.5390939623561784e-14
9,15,6,-0.022,-3.6959999999999997,-1.9636010018620459e-13
9,16,7,0.032,6.272,3.0249153650074086e-13
9,17,8,0.053,11.872,5.221025145521327e-13
9,18,9,0.025,6.300000000000001,2.5318182825317435e-13
9,19,10,-0.003,-0.924,-3.412787058326789e-14
9,20,11,0.007,2.156,7.343711834356648e-14
9,21,12,0.029,9.338000000000001,2.9375335435063544e-13
9,22,13,0.029,9.338000000000001,2.7256787711641804e-13
9,23,14,0.003,0.966,2.619262377128363e-14
9,24,15,-0.002,-0.616,-1.5579801249826628e-14
9,25,16,0.016,4.704,1.112356615863832e-13
9,26,17,0.02,5.6000000000000005,1.2390613539581006e-13
9,27,18,0.011,2.9259999999999997,6.079026947644604e-14
9,28,19,0.002,0.532,1.0398268109528863e-14
9,29,20,0.007,1.862,3.425632766401189e-14
9,30,21,0.011,3.234,5.617356656144669e-14
9,31,22,0.009,2.8979999999999997,4.7543073748450484e-14
9,32,23,0.003,1.092,1.696735809123923e-14
9,33,24,-0.004,-1.568,-2.3108114717449547e-14
9,34,25,-0.001,-0.42,-5.872131021501964e-15
9,35,26,0.003,1.344,1.7870594050874893e-14
9,36,27,0.003,1.3860000000000001,1.7529255190312867e-14
9,37,28,-0.001,-0.49,-5.908037822280113e-15
9,38,29,-0.003,-1.722,-1.9815798975667743e-14
9,39,30,0.0,0.0,0.0
9,40,31,0.003,3.696,3.8825178988527754e-14
9,41,32,0.009,19.529999999999998,1.9640399828191253e-13
9,42,33,0.015,59.22,5.70137584809458e-13
10,0,10,-0.003,-0.546,-4.035405063339123e-13
10,1,9,0.025,6.175000000000001,3.1786693926962455e-12
10,2,8,0.053,17.224999999999998,6.487109024308715e-12
10,3,7,0.032,9.568,2.7653755762063754e-12
10,4,6,-0.022,-6.292,-1.4395096945637282e-12
10,5,5,-0.005,-1.365,-2.522128164586942e-13
10,6,4,0.077,18.018,2.7558253933881512e-12
10,7,3,0.145,33.93,4.350478846962317e-12
10,8,2,-0.203,-42.224000000000004,-4.619570037541132e-12
10,9,1,0.176,32.032,3.0254000621281828e-12
10,10,0,1.0,169.0,1.3878377201959911e-11
10,11,1,0.176,27.456,1.9838563916263193e-12
10,12,2,-0.203,-29.029000000000003,-1.8598140554265207e-12
10,13,3,0.145,18.849999999999998,1.0755075110842288e-12
10,14,4,0.077,11.011,5.643628750689735e-13
10,15,5,-0.005,-0.78,-3.6030402351242144e-14
10,16,6,-0.022,-4.004,-1.6790146046389559e-13
10,17,7,0.032,6.656000000000001,2.545062412364247e-13
10,18,8,0.053,12.402,4.333481391030472e-13
10,19,9,0.025,7.15,2.2961300829008193e-13
10,20,10,-0.003,-0.858,-2.5410159141157198e-14
10,21,11,0.007,2.093,5.724682697383924e-14
10,22,12,0.029,8.671000000000001,2.2006106736220284e-13
10,23,13,0.029,8.671000000000001,2.0442042712201008e-13
10,24,14,0.003,0.858,1.8867819615791298e-14
10,25,15,-0.002,-0.546,-1.1225936946609204e-14
10,26,16,0.016,4.16,8.002972821711181e-14
10,27,17,0.02,4.94,8.923596458546384e-14
10,28,18,0.011,2.7169999999999996,4.617344133542779e-14
10,29,19,0.002,0.494,7.902077833554e-15
10,30,20,0.007,1.911,2.8860635983700324e-14
10,31,21,0.011,3.2889999999999997,4.691437936281187e-14
10,32,22,0.009,3.042,4.1096423078645005e-14
10,33,23,0.003,1.092,1.399246797691665e-14
10,34,24,-0.004,-1.56,-1.8963752206654845e-14
10,35,25,-0.001,-0.41600000000000004,-4.809348828185009e-15
10,36,26,0.003,1.287,1.4152462307937635e-14
10,37,27,0.003,1.365,1.4309783562263875e-14
10,38,28,-0.001,-0.533,-5.33284396209043e-15
10,39,29,-0.003,-2.145,-2.0484122909781538e-14
10,40,30,0.0,0.0,0.0
10,41,31,0.003,6.045,5.2856404006431045e-14
10,42,32,0.009,32.994,2.761846042544984e-13
11,0,11,0.007,1.176,7.647558292895182e-13
11,1,10,-0.003,-0.684,-3.098029025394883e-13
11,2,9,0.025,7.5,2.4852736319949685e-12
11,3,8,0.053,14.628,3.719965312857581e-12
11,4,7,0.032,8.448,1.7005944903532166e-12
11,5,6,-0.022,-5.544,-9.013193702340716e-13
11,6,5,-0.005,-1.08,-1.4534157192022386e-13
11,7,4,0.077,16.632,1.8763707766871484e-12
11,8,3,0.145,27.839999999999996,2.679985204102338e-12
11,9,2,-0.203,-34.104,-2.8341645252559444e-12
11,10,1,0.176,27.456,1.983856391626319e-12
11,11,0,1.0,144.0,9.154959752725823e-12
11,12,1,0.176,23.232,1.3096191941941033e-12
11,13,2,-0.203,-24.360000000000003,-1.2229265101814712e-12
11,14,3,0.145,19.139999999999997,8.631665272369688e-13
11,15,4,0.077,11.088,4.5065968511703724e-13
11,16,5,-0.005,-0.84,-3.0992789991431713e-14
11,17,6,-0.022,-4.224,-1.4211175921088603e-13
11,18,7,0.032,6.912,2.125053757267664e-13
11,19,8,0.053,13.991999999999999,3.9535863228437957e-13
11,20,9,0.025,6.6000000000000005,1.7198279993284084e-13
11,21,10,-0.003,-0.8280000000000001,-1.9926614125329813e-14
11,22,11,0.007,1.932,4.314218465789579e-14
11,23,12,0.029,8.004,1.660287000546953e-13
11,24,13,0.029,7.656000000000001,1.4813488166782076e-13
11,25,14,0.003,0.756,1.3676429584718509e-14
11,26,15,-0.002,-0.48,-8.124941284419099e-15
11,27,16,0.016,3.648,5.798141176726333e-14
11,28,17,0.02,4.5600000000000005,6.818493497492016e-14
11,29,18,0.011,2.508,3.5299037914107905e-14
11,30,19,0.002,0.504,6.697253362433666e-15
11,31,20,0.007,1.932,2.424768080532218e-14
11,32,21,0.011,3.432,4.0795576582471424e-14
11,33,22,0.009,3.0239999999999996,3.409372490026886e-14
11,34,23,0.003,1.08,1.1551660362510052e-14
11,35,24,-0.004,-1.536,-1.5624464644652047e-14
11,36,25,-0.001,-0.396,-3.831507044315605e-15
11,37,26,0.003,1.26,1.162229624678693e-14
11,38,27,0.003,1.476,1.2993884658482933e-14
11,39,28,-0.001,-0.66,-5.5456824061940816e-15
11,40,29,-0.003,-3.168,-2.5458973329380214e-14
11,41,30,0.0,0.0,0.0
11,42,31,0.003,10.152000000000001,7.477167108504631e-14
12,0,12,0.029,4.466,2.575127153667497e-12
12,1,11,0.007,1.463,5.875410188701812e-13
12,2,10,-0.003,-0.8250000000000001,-2.4239931184812555e-13
12,3,9,0.025,6.325,1.4261951451924375e-12
12,4,8,0.053,12.826,2.289299341696348e-12
12,5,7,0.032,7.392,1.0655698566899946e-12
12,6,6,-0.022,-4.356,-5.197786703660681e-13
12,7,5,-0.005,-0.99,-9.903161556635259e-14
12,8,4,0.077,13.552,1.1567274549443053e-12
12,9,3,0.145,22.33,1.6454055068675364e-12
12,10,2,-0.203,-29.029000000000003,-1.859814055426521e-12
12,11,1,0.176,23.232,1.3096191941941033e-12
12,12,0,1.0,121.0,6.047951338588219e-12
12,13,1,0.176,19.36,8.617730609281569e-13
12,14,2,-0.203,-24.563000000000002,-9.821968807464015e-13
12,15,3,0.145,19.139999999999997,6.897662018752218e-13
12,16,4,0.077,11.858,3.87933530368943e-13
12,17,5,-0.005,-0.88,-2.6251447998286357e-14
12,18,6,-0.022,-4.356,-1.18745879299171e-13
12,19,7,0.032,7.744,1.9401765839912532e-13
12,20,8,0.053,12.826,2.9634445161120725e-13
12,21,9,0.025,6.325,1.3496718477941823e-13
12,22,10,-0.003,-0.759,-1.5028002979041023e-14
12,23,11,0.007,1.7710000000000001,3.257310311198093e-14
12,24,12,0.029,7.018000000000001,1.2040187753276185e-13
12,25,13,0.029,6.699000000000001,1.0745469637929824e-13
12,26,14,0.003,0.66,9.905751175619451e-15
12,27,15,-0.002,-0.418,-5.890806034490499e-15
12,28,16,0.016,3.344,4.433577884155035e-14
12,29,17,0.02,4.18,5.216462667620029e-14
12,30,18,0.011,2.541,2.99388657512007e-14
12,31,19,0.002,0.506,5.630903523110095e-15
12,32,20,0.007,2.0020000000000002,2.1100578142529246e-14
12,33,21,0.011,3.388,3.3868857956772337e-14
12,34,22,0.009,2.9699999999999998,2.8167064649617757e-14
12,35,23,0.003,1.056,9.524503230502555e-15
12,36,24,-0.004,-1.452,-1.245677282005928e-14
12,37,25,-0.001,-0.385,-3.1488111231245473e-15
12,38,26,0.003,1.353,1.056124048374859e-14
12,39,27,0.003,1.815,1.3522350031036981e-14
12,40,28,-0.001,-0.968,-6.897561092976436e-15
12,41,29,-0.003,-5.115,-3.4892526250931816e-14
12,42,30,0.0,0.0,0.0
13,0,13,0.029,4.0600000000000005,2.08482994456328e-12
13,1,12,0.029,5.510000000000001,1.970652768605003e-12
13,2,11,0.007,1.75,4.579099977178969e-13
13,3,10,-0.003,-0.6900000000000001,-1.3855817603041256e-13
13,4,9,0.025,5.5,8.742561183567274e-13
13,5,8,0.053,11.129999999999999,1.4288274189032764e-12
13,6,7,0.032,5.76,6.120934176607051e-13
13,7,6,-0.022,-3.96,-3.527755668715328e-13
13,8,5,-0.005,-0.8,-6.081101898039116e-14
13,9,4,0.077,10.78,7.074041891073819e-13
13,10,3,0.145,18.849999999999998,1.0755075110842288e-12
13,11,2,-0.203,-24.360000000000003,-1.2229265101814712e-12
13,12,1,0.176,19.36,8.61773060928157e-13
13,13,0,1.0,100.0,3.964169392131207e-12
13,14,1,0.176,19.36,6.894251755093839e-13
13,15,2,-0.203,-24.360000000000003,-7.818112292112296e-13
13,16,3,0.145,20.299999999999997,5.91434362648911e-13
13,17,4,0.077,12.32,3.2729995249912816e-13
13,18,5,-0.005,-0.9,-2.1849315162044658e-14
13,19,6,-0.022,-4.84,-1.0799059130228583e-13
13,20,7,0.032,7.04,1.4485812751155733e-13
13,21,8,0.053,12.19,2.316519754284267e-13
13,22,9,0.025,5.75,1.013892672350487e-13
13,23,10,-0.003,-0.6900000000000001,-1.1301974072313058e-14
13,24,11,0.007,1.54,2.3529096955011017e-14
13,25,12,0.029,6.090000000000001,8.699561432392194e-14
13,26,13,0.029,5.800000000000001,7.752398979631603e-14
13,27,14,0.003,0.5700000000000001,7.153818871135427e-15
13,28,15,-0.002,-0.38,-4.4867958856301904e-15
13,29,16,0.016,3.04,3.3786098860902885e-14
13,30,17,0.02,4.2,4.407015837536996e-14
13,31,18,0.011,2.53,2.5073371405229788e-14
13,32,19,0.002,0.52,4.880881551420563e-15
13,33,20,0.007,1.96,1.744929421485521e-14
13,34,21,0.011,3.3,2.787171703267921e-14
13,35,22,0.009,2.88,2.3133191128555867e-14
13,36,23,0.003,0.99,7.563777855851132e-15
13,37,24,-0.004,-1.4000000000000001,-1.0197144183601948e-14
13,38,25,-0.001,-0.41000000000000003,-2.850136336102141e-15
13,39,26,0.003,1.6500000000000001,1.0947731348108898e-14
13,40,27,0.003,2.64,1.675285263946468e-14
13,41,28,-0.001,-1.55,-9.41636137148924e-15
13,42,29,-0.003,-8.46,-4.9202250659838305e-14
14,0,14,0.003,0.462,2.131160507253472e-13
14,1,13,0.029,6.061,1.9472978053112935e-12
14,2,12,0.029,7.9750000000000005,1.8745729686241264e-12
14,3,11,0.007,1.7710000000000001,3.194708296210381e-13
14,4,10,-0.003,-0.726,-1.0366739677398306e-13
14,5,9,0.025,5.775,6.659876585167075e-13
14,6,8,0.053,10.494,1.0017650299019992e-12
14,7,7,0.032,6.336,5.070468189889434e-13
14,8,6,-0.022,-3.872,-2.643974265875229e-13
14,9,5,-0.005,-0.77,-4.5390939623561784e-14
14,10,4,0.077,11.011,5.643628750689735e-13
14,11,3,0.145,19.139999999999997,8.631665272369688e-13
14,12,2,-0.203,-24.563000000000002,-9.821968807464015e-13
14,13,1,0.176,19.36,6.894251755093838e-13
14,14,0,1.0,121.0,3.870764390934315e-12
14,15,1,0.176,23.232,6.697933022796622e-13
14,16,2,-0.203,-31.262,-8.181950654158374e-13
14,17,3,0.145,25.52,6.090395359991211e-13
14,18,4,0.077,15.246,3.324917061811613e-13
14,19,5,-0.005,-1.21,-2.4252443932583915e-14
14,20,6,-0.022,-5.324,-9.840968374367805e-14
14,21,7,0.032,8.096,1.3820774571620466e-13
14,22,8,0.053,13.408999999999999,2.1239784781690747e-13
14,23,9,0.025,6.325,9.306691695141422e-14
14,24,10,-0.003,-0.726,-9.964390536271089e-15
14,25,11,0.007,1.617,2.0750074864125786e-14
14,26,12,0.029,6.38,7.660522320033345e-14
14,27,13,0.029,6.061,6.833401673959312e-14
14,28,14,0.003,0.627,6.6504317149329405e-15
14,29,15,-0.002,-0.418,-4.173210852389251e-15
14,30,16,0.016,3.696,3.483829279364246e-14
14,31,17,0.02,5.0600000000000005,4.504766771794253e-14
14,32,18,0.011,3.146,2.6526699916224054e-14
14,33,19,0.002,0.616,4.926427406643655e-15
14,34,20,0.007,2.31,1.7526344565460758e-14
14,35,21,0.011,3.872,2.7938815410336783e-14
14,36,22,0.009,3.267,2.2422409853036875e-14
14,37,23,0.003,1.155,7.557220431796552e-15
14,38,24,-0.004,-1.804,-1.1265433100238112e-14
14,39,25,-0.001,-0.605,-3.605995192209189e-15
14,40,26,0.003,2.904,1.6554308144618645e-14
14,41,27,0.003,5.115,2.791429336234484e-14
14,42,28,-0.001,-3.102,-1.6206378626188724e-14
15,0,15,-0.002,-0.336,-1.3968709834635453e-13
15,1,14,0.003,0.684,1.9805555446799722e-13
15,2,13,0.029,8.700000000000001,1.8430356915942437e-12
15,3,12,0.029,8.004,1.3012554544288438e-12
15,4,11,0.007,1.848,2.378210946438332e-13
15,5,10,-0.003,-0.756,-7.857399281982413e-14
15,6,9,0.025,5.4,4.645809541800714e-13
15,7,8,0.053,11.448,8.256678023876775e-13
15,8,7,0.032,6.144,3.7810804399730446e-13
15,9,6,-0.022,-3.6959999999999997,-1.9636010018620456e-13
15,10,5,-0.005,-0.78,-3.603040235124215e-14
15,11,4,0.077,11.088,4.506596851170373e-13
15,12,3,0.145,19.139999999999997,6.897662018752218e-13
15,13,2,-0.203,-24.360000000000003,-7.818112292112295e-13
15,14,1,0.176,23.232,6.697933022796622e-13
15,15,0,1.0,144.0,3.741618705705923e-12
15,16,1,0.176,29.567999999999998,6.974368357731061e-13
15,17,2,-0.203,-38.976,-8.383105217649316e-13
15,18,3,0.145,31.319999999999997,6.155870698796928e-13
15,19,4,0.077,20.328,3.672041878731394e-13
15,20,5,-0.005,-1.32,-2.1989560795232232e-14
15,21,6,-0.022,-6.072,-9.341927258917741e-14
15,22,7,0.032,8.832,1.260827335550024e-13
15,23,8,0.053,14.628,1.9398251406604572e-13
15,24,9,0.025,6.6000000000000005,8.163960410678944e-14
15,25,10,-0.003,-0.756,-8.743277814186031e-15
15,26,11,0.007,1.68,1.8179830087781444e-14
15,27,12,0.029,6.612,6.718438487540222e-14
15,28,13,0.029,6.612,6.320595203783223e-14
15,29,14,0.003,0.684,6.154502928056493e-15
15,30,15,-0.002,-0.504,-4.281522920658848e-15
15,31,16,0.016,4.416,3.543183895932653e-14
15,32,17,0.02,6.24,4.7418949706128955e-14
15,33,18,0.011,3.6959999999999997,2.6639506340668283e-14
15,34,19,0.002,0.72,4.923281822881556e-15
15,35,20,0.007,2.688,1.748013324090324e-14
15,36,21,0.011,4.356,2.694411093241978e-14
15,37,22,0.009,3.78,2.229023977968031e-14
15,38,23,0.003,1.476,8.306930017871647e-15
15,39,24,-0.004,-2.64,-1.4181315860618015e-14
15,40,25,-0.001,-1.056,-5.425267740235419e-15
15,41,26,0.003,5.58,2.7444671311031556e-14
15,42,27,0.003,10.152000000000001,4.7801181505586354e-14
16,0,16,0.016,3.136,1.1835291758573927e-12
16,1,15,-0.002,-0.532,-1.3983904617798055e-13
16,2,14,0.003,1.05,2.0192481232847537e-13
16,3,13,0.029,9.338000000000001,1.3781460616189928e-12
16,4,12,0.029,8.932,1.0434773270356923e-12
16,5,11,0.007,2.058,1.9417275541410276e-13
16,6,10,-0.003,-0.756,-5.904394038486347e-14
16,7,9,0.025,6.300000000000001,4.124793143049532e-13
16,8,8,0.053,11.872,6.632457770439632e-13
16,9,7,0.032,6.272,3.0249153650074086e-13
16,10,6,-0.022,-4.004,-1.6790146046389556e-13
16,11,5,-0.005,-0.84,-3.099278999143171e-14
16,12,4,0.077,11.858,3.8793353036894295e-13
16,13,3,0.145,20.299999999999997,5.914343626489109e-13
16,14,2,-0.203,-31.262,-8.181950654158374e-13
16,15,1,0.176,29.567999999999998,6.974368357731061e-13
16,16,0,1.0,196.0,4.1968640273573765e-12
16,17,1,0.176,39.424,7.697580376100745e-13
16,18,2,-0.203,-51.156000000000006,-9.127465712217935e-13
16,19,3,0.145,44.66,7.323481486864193e-13
16,20,4,0.077,23.716,3.5864927839839685e-13
16,21,5,-0.005,-1.61,-2.2486221804261644e-14
16,22,6,-0.022,-7.084,-9.180387309095689e-14
16,23,7,0.032,10.304,1.2404217643208629e-13
16,24,8,0.053,16.323999999999998,1.8330294239814302e-13
16,25,9,0.025,7.3500000000000005,7.716595182656409e-14
16,26,10,-0.003,-0.84,-8.251743504794936e-15
16,27,11,0.007,1.862,1.7175171120251676e-14
16,28,12,0.029,7.714,6.69407636873661e-14
16,29,13,0.029,7.714,6.300897448358149e-14
16,30,14,0.003,0.882,6.801774314284071e-15
16,31,15,-0.002,-0.644,-4.690686324456863e-15
16,32,16,0.016,5.824,4.017673151643828e-14
16,33,17,0.02,7.84,5.1297496264315624e-14
16,34,18,0.011,4.62,2.867807998224677e-14
16,35,19,0.002,0.896,5.2894361585376705e-15
16,36,20,0.007,3.234,1.8159416855517177e-14
16,37,21,0.011,5.39,2.885344018808205e-14
16,38,22,0.009,5.1659999999999995,2.6393348475836296e-14
16,39,23,0.003,2.31,1.1264462639926469e-14
16,40,24,-0.004,-4.928,-2.2983377611172553e-14
16,41,25,-0.001,-2.17,-9.688788252144113e-15
16,42,26,0.003,11.844,5.062573210236698e-14
17,0,17,0.02,4.48,1.5417204997975761e-12
17,1,16,0.016,4.864,1.1658296751786568e-12
17,2,15,-0.002,-0.8,-1.4028624622470076e-13
17,3,14,0.003,1.104,1.485713846295622e-13
17,4,13,0.029,10.208,1.087425925093544e-12
17,5,12,0.029,9.744,8.383105217649288e-13
17,6,11,0.007,2.016,1.435716805769096e-13
17,7,10,-0.003,-0.864,-5.158222665528088e-14
17,8,9,0.025,6.4,3.26028299068697e-13
17,9,8,0.053,11.872,5.221025145521327e-13
17,10,7,0.032,6.656000000000001,2.5450624123642465e-13
17,11,6,-0.022,-4.224,-1.4211175921088603e-13
17,12,5,-0.005,-0.88,-2.6251447998286357e-14
17,13,4,0.077,12.32,3.272999524991282e-13
17,14,3,0.145,25.52,6.090395359991211e-13
17,15,2,-0.203,-38.976,-8.383105217649316e-13
17,16,1,0.176,39.424,7.697580376100745e-13
17,17,0,1.0,256.0,4.557831129425717e-12
17,18,1,0.176,50.687999999999995,8.246762848222625e-13
17,19,2,-0.203,-71.456,-1.0684698933262851e-12
17,20,3,0.145,51.04,7.038237280076925e-13
17,21,4,0.077,28.336,3.6087257353166266e-13
17,22,5,-0.005,-1.84,-2.174327672497875e-14
17,23,6,-0.022,-8.096,-8.88707296619648e-14
17,24,7,0.032,11.264,1.153347585447235e-13
17,25,8,0.053,17.808,1.7048188712724447e-13
17,26,9,0.025,8.0,7.166071542594994e-14
17,27,10,-0.003,-0.912,-7.670805184678479e-15
17,28,11,0.007,2.128,1.683865389482281e-14
17,29,12,0.029,8.816,6.566275144822621e-14
17,30,13,0.029,9.744,6.85197274204282e-14
17,31,14,0.003,1.104,7.332369065727196e-15
17,32,15,-0.002,-0.8320000000000001,-5.233609095346862e-15
17,33,16,0.016,7.168,4.276641255918577e-14
17,34,17,0.02,9.6,5.43380498447827e-14
17,35,18,0.011,5.632,3.03171752983223e-14
17,36,19,0.002,1.056,5.4069271659944785e-15
17,37,20,0.007,3.92,1.9134610309909585e-14
17,38,21,0.011,7.215999999999999,3.361718415802876e-14
17,39,22,0.009,7.919999999999999,3.521667904860395e-14
17,40,23,0.003,4.224,1.796353405080886e-14
17,41,24,-0.004,-9.92,-4.038742100148341e-14
17,42,25,-0.001,-4.5120000000000005,-1.758598618248377e-14
18,0,18,0.011,2.772,8.717278966572204e-13
18,1,17,0.02,6.84,1.4981583749770835e-12
18,2,16,0.016,7.2,1.1537658738339466e-12
18,3,15,-0.002,-0.8280000000000001,-1.0182549253574192e-13
18,4,14,0.003,1.188,1.156473131561259e-13
18,5,13,0.029,10.962,8.618218978315671e-13
18,6,12,0.029,9.396,6.114787225528689e-13
18,7,11,0.007,2.2680000000000002,1.2373412127281898e-13
18,8,10,-0.003,-0.864,-4.022065621106039e-14
18,9,9,0.025,6.300000000000001,2.5318182825317435e-13
18,10,8,0.053,12.402,4.333481391030472e-13
18,11,7,0.032,6.912,2.125053757267664e-13
18,12,6,-0.022,-4.356,-1.1874587929917098e-13
18,13,5,-0.005,-0.9,-2.1849315162044658e-14
18,14,4,0.077,15.246,3.324917061811613e-13
18,15,3,0.145,31.319999999999997,6.155870698796927e-13
18,16,2,-0.203,-51.156000000000006,-9.127465712217933e-13
18,17,1,0.176,50.687999999999995,8.246762848222624e-13
18,18,0,1.0,324.0,4.817075415576023e-12
18,19,1,0.176,69.696,9.523389060347623e-13
18,20,2,-0.203,-80.388,-1.0129885756733875e-12
18,21,3,0.145,60.029999999999994,6.98624419082739e-13
18,22,4,0.077,31.878,3.442376130270872e-13
18,23,5,-0.005,-2.07,-2.0764366086322882e-14
18,24,6,-0.022,-8.712,-8.15164993353699e-14
18,25,7,0.032,12.096,1.0581931856248507e-13
18,26,8,0.053,19.08,1.5618150672053358e-13
18,27,9,0.025,8.55,6.571618064467036e-14
18,28,10,-0.003,-1.026,-7.418962789594228e-15
18,29,11,0.007,2.394,1.629415062652305e-14
18,30,12,0.029,10.962,7.044144143634386e-14
18,31,13,0.029,12.006,7.286746606541866e-14
18,32,14,0.003,1.4040000000000001,8.070587460057835e-15
18,33,15,-0.002,-1.008,-5.4957306806803315e-15
18,34,16,0.016,8.64,4.468961801228922e-14
18,35,17,0.02,11.52,5.6668100193804275e-14
18,36,18,0.011,6.534,3.057213837663835e-14
18,37,19,0.002,1.26,5.6203606602327364e-15
18,38,20,0.007,5.166,2.1992737762484008e-14
18,39,21,0.011,10.889999999999999,4.424978682124242e-14
18,40,22,0.009,14.255999999999998,5.540202564141694e-14
18,41,23,0.003,8.370000000000001,3.114009926423878e-14
18,42,24,-0.004,-20.304000000000002,-7.231682100384171e-14
19,0,19,0.002,0.616,1.7803839412031011e-13
19,1,18,0.011,4.598,9.255839804266143e-13
19,2,17,0.02,11.0,1.6200302193744889e-12
19,3,16,0.016,8.096,9.15043878494662e-13
19,4,15,-0.002,-0.968,-8.660434904576516e-14
19,5,14,0.003,1.3860000000000001,1.0014659669267406e-13
19,6,13,0.029,11.484,6.868735028526096e-13
19,7,12,0.029,11.484,5.758174870256824e-13
19,8,11,0.007,2.464,1.0541959678972101e-13
19,9,10,-0.003,-0.924,-3.412787058326789e-14
19,10,9,0.025,7.15,2.2961300829008193e-13
19,11,8,0.053,13.991999999999999,3.953586322843796e-13
19,12,7,0.032,7.744,1.9401765839912532e-13
19,13,6,-0.022,-4.84,-1.0799059130228582e-13
19,14,5,-0.005,-1.21,-2.4252443932583918e-14
19,15,4,0.077,20.328,3.672041878731394e-13
19,16,3,0.145,44.66,7.323481486864193e-13
19,17,2,-0.203,-71.456,-1.0684698933262851e-12
19,18,1,0.176,69.696,9.523389060347623e-13
19,19,0,1.0,484.0,6.0781900141553475e-12
19,20,1,0.176,85.184,9.865442982814162e-13
19,21,2,-0.203,-102.718,-1.0986698602928696e-12
19,22,3,0.145,73.36999999999999,7.281670320565437e-13
19,23,4,0.077,38.961999999999996,3.591987457121995e-13
19,24,5,-0.005,-2.42,-2.081077520237572e-14
19,25,6,-0.022,-10.164,-8.172088788893483e-14
19,26,7,0.032,14.08,1.0592516044872248e-13
19,27,8,0.053,22.154,1.56496125279233e-13
19,28,9,0.025,10.450000000000001,6.944761895593681e-14
19,29,10,-0.003,-1.254,-7.84423064757949e-15
19,30,11,0.007,3.234,1.9099574403977383e-14
19,31,12,0.029,14.674000000000001,8.185195954389134e-14
19,32,13,0.029,16.588,8.763494228827145e-14
19,33,14,0.003,1.848,9.260024046986553e-15
19,34,15,-0.002,-1.32,-6.2749759993881405e-15
19,35,16,0.016,11.264,5.092418106405082e-14
19,36,17,0.02,14.52,6.243937405551321e-14
19,37,18,0.011,8.469999999999999,3.4723403601511365e-14
19,38,19,0.002,1.804,7.058406481151184e-15
19,39,20,0.007,8.47,3.1630929279773474e-14
19,40,21,0.011,21.296,7.60626116754318e-14
19,41,22,0.009,30.689999999999998,1.0493893706476268e-13
19,42,23,0.003,18.612000000000002,6.092506532855592e-14
20,0,20,0.007,2.156,5.746605221154027e-13
20,1,19,0.002,0.836,1.5519681002114212e-13
20,2,18,0.011,6.05,8.217041032391075e-13
20,3,17,0.02,10.120000000000001,1.0548278395880872e-12
20,4,16,0.016,7.744,6.389389137712526e-13
20,5,15,-0.002,-0.924,-6.157077022665006e-14
20,6,14,0.003,1.188,6.552841605588838e-14
20,7,13,0.029,11.484,5.310244285426452e-13
20,8,12,0.029,10.208,4.027642909454609e-13
20,9,11,0.007,2.156,7.343711834356648e-14
20,10,10,-0.003,-0.858,-2.5410159141157195e-14
20,11,9,0.025,6.6000000000000005,1.7198279993284084e-13
20,12,8,0.053,12.826,2.963444516112072e-13
20,13,7,0.032,7.04,1.4485812751155736e-13
20,14,6,-0.022,-5.324,-9.840968374367804e-14
20,15,5,-0.005,-1.32,-2.1989560795232235e-14
20,16,4,0.077,23.716,3.5864927839839685e-13
20,17,3,0.145,51.04,7.038237280076926e-13
20,18,2,-0.203,-80.388,-1.0129885756733875e-12
20,19,1,0.176,85.184,9.865442982814162e-13
20,20,0,1.0,484.0,5.169321857727733e-12
20,21,1,0.176,89.056,8.784428069758725e-13
20,22,2,-0.203,-102.718,-9.401317033809421e-13
20,23,3,0.145,73.36999999999999,6.237947839391544e-13
20,24,4,0.077,37.268,2.9555521667705643e-13
20,25,5,-0.005,-2.31,-1.7128133941196226e-14
20,26,6,-0.022,-9.68,-6.715857668582783e-14
20,27,7,0.032,13.376,8.713795196597235e-14
20,28,8,0.053,22.154,1.357759567248558e-13
20,29,9,0.025,10.450000000000001,6.028354167255165e-14
20,30,10,-0.003,-1.3860000000000001,-7.548776288970779e-15
20,31,11,0.007,3.5420000000000003,1.8220436351063005e-14
20,32,12,0.029,16.588,8.081778722868389e-14
20,33,13,0.029,17.864,8.255027190068831e-14
20,34,14,0.003,1.98,8.680264891065947e-15
20,35,15,-0.002,-1.408,-5.870346237707623e-15
20,36,16,0.016,11.616,4.6065753365924466e-14
20,37,17,0.02,15.4,5.82222854542854e-14
20,38,18,0.011,9.921999999999999,3.580131715154578e-14
20,39,19,0.002,2.42,8.334384976157441e-15
20,40,20,0.007,13.552,4.4638155264550245e-14
20,41,21,0.011,37.51,1.182814083677468e-13
20,42,22,0.009,55.836,1.6855704487441214e-13
21,0,21,0.011,3.542,8.719132108323228e-13
21,1,20,0.007,3.059,5.244669000782682e-13
21,2,19,0.002,1.1500000000000001,1.4425139304663217e-13
21,3,18,0.011,5.819,5.601592637453807e-13
21,4,17,0.02,10.120000000000001,7.711459850774882e-13
21,5,16,0.016,7.728,4.755890240903561e-13
21,6,15,-0.002,-0.8280000000000001,-4.217991119201238e-14
21,7,14,0.003,1.242,5.304018213983158e-14
21,8,13,0.029,10.672,3.8888232874965347e-13
21,9,12,0.029,9.338000000000001,2.9375335435063544e-13
21,10,11,0.007,2.093,5.724682697383924e-14
21,11,10,-0.003,-0.8280000000000001,-1.9926614125329813e-14
21,12,9,0.025,6.325,1.3496718477941826e-13
21,13,8,0.053,12.19,2.316519754284267e-13
21,14,7,0.032,8.096,1.3820774571620466e-13
21,15,6,-0.022,-6.072,-9.34192725891774e-14
21,16,5,-0.005,-1.61,-2.2486221804261644e-14
21,17,4,0.077,28.336,3.608725735316626e-13
21,18,3,0.145,60.029999999999994,6.98624419082739e-13
21,19,2,-0.203,-102.718,-1.0986698602928696e-12
21,20,1,0.176,89.056,8.784428069758726e-13
21,21,0,1.0,529.0,4.819123686014007e-12
21,22,1,0.176,93.104,7.869960958876726e-13
21,23,2,-0.203,-107.387,-8.432124773002569e-13
21,24,3,0.145,73.36999999999999,5.373820503174379e-13
21,25,4,0.077,37.191,2.5468186471474206e-13
21,26,5,-0.005,-2.3000000000000003,-1.4737236621691653e-14
21,27,6,-0.022,-9.613999999999999,-5.784253266935992e-14
21,28,7,0.032,13.984,7.91524259405668e-14
21,29,8,0.053,23.160999999999998,1.2339622391458503e-13
21,30,9,0.025,12.075000000000001,6.073828970732159e-14
21,31,10,-0.003,-1.587,-7.539616181396879e-15
21,32,11,0.007,4.186,1.883537396172294e-14
21,33,12,0.029,18.676000000000002,7.970503517156093e-14
21,34,13,0.029,20.01,8.101715182284428e-14
21,35,14,0.003,2.208,8.502022026807373e-15
21,36,15,-0.002,-1.518,-5.559752269278785e-15
21,37,16,0.016,12.88,4.497244360852343e-14
21,38,17,0.02,18.86,6.284975153047253e-14
21,39,18,0.011,13.915,4.425919355558542e-14
21,40,19,0.002,4.048,1.2314178477241363e-14
21,41,20,0.007,24.955000000000002,7.267567791687219e-14
21,42,21,0.011,71.34599999999999,1.989135343278568e-13
22,0,22,0.009,2.8979999999999997,6.619343511637627e-13
22,1,21,0.011,4.8069999999999995,7.647237297182161e-13
22,2,20,0.007,4.025,4.684679642638614e-13
22,3,19,0.002,1.058,9.450192829824763e-14
22,4,18,0.011,5.566,3.93542036346217e-13
22,5,17,0.02,9.66,5.516119593031337e-13
22,6,16,0.016,6.6240000000000006,3.1310318483969296e-13
22,7,15,-0.002,-0.8280000000000001,-3.2809951236540994e-14
22,8,14,0.003,1.104,3.732787806581861e-14
22,9,13,0.029,9.338000000000001,2.7256787711641804e-13
22,10,12,0.029,8.671000000000001,2.200610673622028e-13
22,11,11,0.007,1.932,4.314218465789579e-14
22,12,10,-0.003,-0.759,-1.5028002979041023e-14
22,13,9,0.025,5.75,1.013892672350487e-13
22,14,8,0.053,13.408999999999999,2.1239784781690747e-13
22,15,7,0.032,8.832,1.2608273355500238e-13
22,16,6,-0.022,-7.084,-9.180387309095689e-14
22,17,5,-0.005,-1.84,-2.174327672497875e-14
22,18,4,0.077,31.878,3.4423761302708726e-13
22,19,3,0.145,73.36999999999999,7.281670320565437e-13
22,20,2,-0.203,-102.718,-9.40131703380942e-13
22,21,1,0.176,93.104,7.869960958876727e-13
22,22,0,1.0,529.0,4.149079413554941e-12
22,23,1,0.176,93.104,6.783369766608624e-13
22,24,2,-0.203,-102.718,-6.980765171890384e-13
22,25,3,0.145,70.035,4.450072999642096e-13
22,26,4,0.077,35.42,2.105855729375888e-13
22,27,5,-0.005,-2.185,-1.2197939114583585e-14
22,28,6,-0.022,-9.613999999999999,-5.049272039467294e-14
22,29,7,0.032,13.984,6.913020040036629e-14
22,30,8,0.053,25.599,1.1947863625327186e-13
22,31,9,0.025,13.225000000000001,5.82988286601528e-14
22,32,10,-0.003,-1.794,-7.490129028419973e-15
22,33,11,0.007,4.508,1.785162014241583e-14
22,34,12,0.029,20.01,7.517419888255119e-14
22,35,13,0.029,21.344,7.625894735719472e-14
22,36,14,0.003,2.277,7.738174820235348e-15
22,37,15,-0.002,-1.61,-5.216129152895296e-15
22,38,16,0.016,15.088000000000001,4.665362447301888e-14
22,39,17,0.02,25.3,7.466767768799016e-14
22,40,18,0.011,22.264,6.28434429750336e-14
22,41,19,0.002,7.13,1.926694618793652e-14
22,42,20,0.007,45.402,1.1745230011051485e-13
23,0,23,0.003,0.966,2.0496265637167104e-13
23,1,22,0.009,3.933,5.812131976894814e-13
23,2,21,0.011,6.324999999999999,6.838417609988374e-13
23,3,20,0.007,3.7030000000000003,3.0724851389432024e-13
23,4,19,0.002,1.012,6.646752618151322e-14
23,5,18,0.011,5.313,2.818236525110466e-13
23,6,17,0.02,8.28,3.635620758898547e-13
23,7,16,0.016,6.6240000000000006,2.438241103170443e-13
23,8,15,-0.002,-0.736,-2.3116555385400146e-14
23,9,14,0.003,0.966,2.6192623771283627e-14
23,10,13,0.029,8.671000000000001,2.0442042712201006e-13
23,11,12,0.029,8.004,1.660287000546953e-13
23,12,11,0.007,1.7710000000000001,3.257310311198093e-14
23,13,10,-0.003,-0.6900000000000001,-1.1301974072313058e-14
23,14,9,0.025,6.325,9.306691695141422e-14
23,15,8,0.053,14.628,1.939825140660457e-13
23,16,7,0.032,10.304,1.2404217643208629e-13
23,17,6,-0.022,-8.096,-8.88707296619648e-14
23,18,5,-0.005,-2.07,-2.076436608632288e-14
23,19,4,0.077,38.961999999999996,3.5919874571219955e-13
23,20,3,0.145,73.36999999999999,6.237947839391544e-13
23,21,2,-0.203,-107.387,-8.432124773002568e-13
23,22,1,0.176,93.104,6.783369766608624e-13
23,23,0,1.0,529.0,3.5802545052351283e-12
23,24,1,0.176,89.056,5.622128078134602e-13
23,25,2,-0.203,-98.049,-5.787303351297342e-13
23,26,3,0.145,66.69999999999999,3.683723019839553e-13
23,27,4,0.077,33.649,1.7449711794541549e-13
23,28,5,-0.005,-2.185,-1.0659999138745792e-14
23,29,6,-0.022,-9.613999999999999,-4.414907356310913e-14
23,30,7,0.032,15.456,6.701089861731126e-14
23,31,8,0.053,28.037,1.1480921995124636e-13
23,32,9,0.025,14.950000000000001,5.798145766013105e-14
23,33,10,-0.003,-1.932,-7.106928203562513e-15
23,34,11,0.007,4.83,1.6855821635187565e-14
23,35,12,0.029,21.344,7.083891202333656e-14
23,36,13,0.029,22.011000000000003,6.948584712551267e-14
23,37,14,0.003,2.415,7.26809627531758e-15
23,38,15,-0.002,-1.8860000000000001,-5.417220067525235e-15
23,39,16,0.016,20.240000000000002,5.5488592319021617e-14
23,40,17,0.02,40.480000000000004,1.0613982257297512e-13
23,41,18,0.011,39.214999999999996,9.843661029898213e-14
23,42,19,0.002,12.972,3.1172709911648556e-14
24,0,24,-0.004,-1.232,-2.438302842656112e-13
24,1,23,0.003,1.254,1.7285756064090833e-13
24,2,22,0.009,4.949999999999999,4.992057861657467e-13
24,3,21,0.011,5.566,4.307830466891785e-13
24,4,20,0.007,3.388,2.0756385449278687e-13
24,5,19,0.002,0.924,4.571817829980193e-14
24,6,18,0.011,4.356,1.7840845462386855e-13
24,7,17,0.02,7.92,2.7193232041868574e-13
24,8,16,0.016,5.632,1.650012652249051e-13
24,9,15,-0.002,-0.616,-1.5579801249826628e-14
24,10,14,0.003,0.858,1.8867819615791298e-14
24,11,13,0.029,7.656000000000001,1.4813488166782073e-13
24,12,12,0.029,7.018000000000001,1.2040187753276185e-13
24,13,11,0.007,1.54,2.352909695501102e-14
24,14,10,-0.003,-0.726,-9.964390536271089e-15
24,15,9,0.025,6.6000000000000005,8.163960410678944e-14
24,16,8,0.053,16.323999999999998,1.8330294239814302e-13
24,17,7,0.032,11.264,1.153347585447235e-13
24,18,6,-0.022,-8.712,-8.15164993353699e-14
24,19,5,-0.005,-2.42,-2.081077520237572e-14
24,20,4,0.077,37.268,2.9555521667705643e-13
24,21,3,0.145,73.36999999999999,5.373820503174379e-13
24,22,2,-0.203,-102.718,-6.980765171890384e-13
24,23,1,0.176,89.056,5.622128078134602e-13
24,24,0,1.0,484.0,2.850114020885871e-12
24,25,1,0.176,81.312,4.4767933170486895e-13
24,26,2,-0.203,-89.32000000000001,-4.601391342856198e-13
24,27,3,0.145,60.60999999999999,2.931836199675607e-13
24,28,4,0.077,32.186,1.4647113867268291e-13
24,29,5,-0.005,-2.09,-8.95247435295632e-15
24,30,6,-0.022,-10.164,-4.110477844811442e-14
24,31,7,0.032,16.192,6.184791199602874e-14
24,32,8,0.053,30.316,1.0967285714550138e-13
24,33,9,0.025,15.4,5.284146496507377e-14
24,34,10,-0.003,-1.98,-6.44536192284784e-15
24,35,11,0.007,4.928,1.5256190111996227e-14
24,36,12,0.029,21.054000000000002,6.19969784629715e-14
24,37,13,0.029,22.330000000000002,6.268614775408215e-14
24,38,14,0.003,2.706,7.250065079775648e-15
24,39,15,-0.002,-2.42,-6.1885355170403834e-15
24,40,16,0.016,30.976,7.57604440770131e-14
24,41,17,0.02,68.2,1.5968647275624198e-13
24,42,18,0.011,68.244,1.5297181335988084e-13
25,0,25,-0.001,-0.294,-5.4402617510490884e-14
25,1,24,-0.004,-1.596,-2.0569287983603946e-13
25,2,23,0.003,1.575,1.4850822174992798e-13
25,3,22,0.009,4.3469999999999995,3.145578804485247e-13
25,4,21,0.011,5.082,2.9109752584983395e-13
25,5,20,0.007,3.087,1.4280687096503805e-13
25,6,19,0.002,0.756,2.8949754417833866e-14
25,7,18,0.011,4.1579999999999995,1.334798346902548e-13
25,8,17,0.02,6.72,1.8407271983900115e-13
25,9,16,0.016,4.704,1.1123566158638321e-13
25,10,15,-0.002,-0.546,-1.1225936946609204e-14
25,11,14,0.003,0.756,1.3676429584718509e-14
25,12,13,0.029,6.699000000000001,1.0745469637929824e-13
25,13,12,0.029,6.090000000000001,8.699561432392194e-14
25,14,11,0.007,1.617,2.075007486412579e-14
25,15,10,-0.003,-0.756,-8.743277814186031e-15
25,16,9,0.025,7.3500000000000005,7.716595182656409e-14
25,17,8,0.053,17.808,1.7048188712724444e-13
25,18,7,0.032,12.096,1.0581931856248507e-13
25,19,6,-0.022,-10.164,-8.172088788893483e-14
25,20,5,-0.005,-2.31,-1.7128133941196226e-14
25,21,4,0.077,37.191,2.5468186471474206e-13
25,22,3,0.145,70.035,4.450072999642096e-13
25,23,2,-0.203,-98.049,-5.787303351297342e-13
25,24,1,0.176,81.312,4.4767933170486895e-13
25,25,0,1.0,441.0,2.270107997775286e-12
25,26,1,0.176,73.92,3.560393037025843e-13
25,27,2,-0.203,-80.997,-3.6631936741846594e-13
25,28,3,0.145,57.855,2.461622636454712e-13
25,29,4,0.077,30.723,1.2304272716138236e-13
25,30,5,-0.005,-2.205,-8.337421872614979e-15
25,31,6,-0.022,-10.626,-3.794808693784856e-14
25,32,7,0.032,17.472,5.909699639610989e-14
25,33,8,0.053,31.163999999999998,9.997763343624205e-14
25,34,9,0.025,15.75,4.793560412473977e-14
25,35,10,-0.003,-2.016,-5.835276622813222e-15
25,36,11,0.007,4.851,1.3355578614289095e-14
25,37,12,0.029,21.315,5.594531507425915e-14
25,38,13,0.029,24.969,6.254762017947873e-14
25,39,14,0.003,3.465,8.284595123964725e-15
25,40,15,-0.002,-3.696,-8.451711554125368e-15
25,41,16,0.016,52.08,1.1401191939874198e-13
25,42,17,0.02,118.44,2.482223411976574e-13
26,0,26,0.003,0.84,1.4543864070225163e-13
26,1,25,-0.001,-0.38,-4.5824530470609986e-14
26,2,24,-0.004,-2.0,-1.7645257111839852e-13
26,3,23,0.003,1.3800000000000001,9.343682477081936e-14
26,4,22,0.009,3.9599999999999995,2.1223993060072017e-13
26,5,21,0.011,4.62,1.999781309655952e-13
26,6,20,0.007,2.52,9.029250143669662e-14
26,7,19,0.002,0.72,2.1626773263663696e-14
26,8,18,0.011,3.5199999999999996,9.02175181014866e-14
26,9,17,0.02,5.6000000000000005,1.2390613539581006e-13
26,10,16,0.016,4.16,8.002972821711181e-14
26,11,15,-0.002,-0.48,-8.124941284419099e-15
26,12,14,0.003,0.66,9.905751175619453e-15
26,13,13,0.029,5.800000000000001,7.752398979631603e-14
26,14,12,0.029,6.38,7.660522320033343e-14
26,15,11,0.007,1.68,1.8179830087781444e-14
26,16,10,-0.003,-0.84,-8.251743504794938e-15
26,17,9,0.025,8.0,7.166071542594994e-14
26,18,8,0.053,19.08,1.5618150672053358e-13
26,19,7,0.032,14.08,1.0592516044872247e-13
26,20,6,-0.022,-9.68,-6.715857668582783e-14
26,21,5,-0.005,-2.3000000000000003,-1.4737236621691653e-14
26,22,4,0.077,35.42,2.1058557293758878e-13
26,23,3,0.145,66.69999999999999,3.6837230198395523e-13
26,24,2,-0.203,-89.32000000000001,-4.601391342856198e-13
26,25,1,0.176,73.92,3.560393037025843e-13
26,26,0,1.0,400.0,1.8027023782273455e-12
26,27,1,0.176,66.88,2.8301878807393086e-13
26,28,2,-0.203,-77.14,-3.071059771087659e-13
26,29,3,0.145,55.099999999999994,2.0647714283390316e-13
26,30,4,0.077,32.339999999999996,1.144171839388664e-13
26,31,5,-0.005,-2.3000000000000003,-7.685567953945096e-15
26,32,6,-0.022,-11.44,-3.6205693236162265e-14
26,33,7,0.032,17.92,5.379175547609602e-14
26,34,8,0.053,31.8,9.055925112459809e-14
26,35,9,0.025,16.0,4.333302018356846e-14
26,36,10,-0.003,-1.98,-5.100640080361931e-15
26,37,11,0.007,4.9,1.2033792611159322e-14
26,38,12,0.029,23.78,5.573776455584387e-14
26,39,13,0.029,31.900000000000002,7.136524951130819e-14
26,40,14,0.003,5.28,1.1297300537078667e-14
26,41,15,-0.002,-6.2,-1.2699862724137402e-14
26,42,16,0.016,90.24,1.76957759498765e-13
27,0,27,0.003,0.798,1.297353638973285e-13
27,1,26,0.003,1.083,1.22630315588547e-13
27,2,25,-0.001,-0.47500000000000003,-3.935016583992019e-14
27,3,24,-0.004,-1.748,-1.1113103922058771e-13
27,4,23,0.003,1.254,6.310799866545117e-14
27,5,22,0.009,3.5909999999999997,1.45952284384494e-13
27,6,21,0.011,3.7619999999999996,1.2656828554719445e-13
27,7,20,0.007,2.394,6.752091810048425e-14
27,8,19,0.002,0.608,1.4632103125846046e-14
27,9,18,0.011,2.9259999999999997,6.079026947644603e-14
27,10,17,0.02,4.94,8.923596458546383e-14
27,11,16,0.016,3.648,5.798141176726333e-14
27,12,15,-0.002,-0.418,-5.8908060344905e-15
27,13,14,0.003,0.5700000000000001,7.153818871135427e-15
27,14,13,0.029,6.061,6.833401673959312e-14
27,15,12,0.029,6.612,6.718438487540222e-14
27,16,11,0.007,1.862,1.7175171120251676e-14
27,17,10,-0.003,-0.912,-7.670805184678477e-15
27,18,9,0.025,8.55,6.571618064467035e-14
27,19,8,0.053,22.154,1.5649612527923303e-13
27,20,7,0.032,13.376,8.713795196597236e-14
27,21,6,-0.022,-9.613999999999999,-5.784253266935992e-14
27,22,5,-0.005,-2.185,-1.2197939114583585e-14
27,23,4,0.077,33.649,1.7449711794541549e-13
27,24,3,0.145,60.60999999999999,2.9318361996756067e-13
27,25,2,-0.203,-80.997,-3.6631936741846594e-13
27,26,1,0.176,66.88,2.830187880739309e-13
27,27,0,1.0,361.0,1.4344359682005198e-12
27,28,1,0.176,63.535999999999994,2.375108568293043e-13
27,29,2,-0.203,-73.283,-2.5785679779301835e-13
27,30,3,0.145,57.855,1.9219721889067373e-13
27,31,4,0.077,33.649,1.0557844350650661e-13
27,32,5,-0.005,-2.47,-7.340113210861309e-15
27,33,6,-0.022,-11.703999999999999,-3.2988835667389656e-14
27,34,7,0.032,18.240000000000002,4.877367708615337e-14
27,35,8,0.053,32.224,8.19470619643987e-14
27,36,9,0.025,15.675,3.7915955126039696e-14
27,37,10,-0.003,-1.995,-4.600492264353142e-15
27,38,11,0.007,5.453,1.2001296247070998e-14
27,39,12,0.029,30.305000000000003,6.365981262110267e-14
27,40,13,0.029,48.488,9.741593267005863e-14
27,41,14,0.003,8.835,1.6992952876964448e-14
27,42,15,-0.002,-10.716000000000001,-1.9731413202998258e-14
28,0,28,-0.001,-0.266,-4.0684290966880534e-14
28,1,27,0.003,1.083,1.153685616062214e-13
28,2,26,0.003,1.425,1.1105994492788826e-13
28,3,25,-0.001,-0.437,-2.6137558407052644e-14
28,4,24,-0.004,-1.672,-7.916127424052629e-14
28,5,23,0.003,1.197,4.576982733774044e-14
28,6,22,0.009,3.078,9.742364039147449e-14
28,7,21,0.011,3.7619999999999996,9.982116084216404e-14
28,8,20,0.007,2.128,4.8179737529040844e-14
28,9,19,0.002,0.532,1.0398268109528863e-14
28,10,18,0.011,2.7169999999999996,4.6173441335427796e-14
28,11,17,0.02,4.5600000000000005,6.818493497492016e-14
28,12,16,0.016,3.344,4.433577884155035e-14
28,13,15,-0.002,-0.38,-4.4867958856301904e-15
28,14,14,0.003,0.627,6.6504317149329405e-15
28,15,13,0.029,6.612,6.320595203783223e-14
28,16,12,0.029,7.714,6.69407636873661e-14
28,17,11,0.007,2.128,1.683865389482281e-14
28,18,10,-0.003,-1.026,-7.418962789594228e-15
28,19,9,0.025,10.450000000000001,6.944761895593681e-14
28,20,8,0.053,22.154,1.3577595672485578e-13
28,21,7,0.032,13.984,7.91524259405668e-14
28,22,6,-0.022,-9.613999999999999,-5.0492720394672933e-14
28,23,5,-0.005,-2.185,-1.0659999138745792e-14
28,24,4,0.077,32.186,1.4647113867268291e-13
28,25,3,0.145,57.855,2.4616226364547125e-13
28,26,2,-0.203,-77.14,-3.0710597710876585e-13
28,27,1,0.176,63.535999999999994,2.3751085682930426e-13
28,28,0,1.0,361.0,1.269581047625531e-12
28,29,1,0.176,63.535999999999994,2.1032206977286274e-13
28,30,2,-0.203,-80.997,-2.5314232630324895e-13
28,31,3,0.145,63.364999999999995,1.8704330348220785e-13
28,32,4,0.077,38.038,1.0634402925683984e-13
28,33,5,-0.005,-2.66,-7.053488182504609e-15
28,34,6,-0.022,-12.54,-3.154625671544333e-14
28,35,7,0.032,19.456,4.654758227621208e-14
28,36,8,0.053,33.231,7.5621884113284e-14
28,37,9,0.025,16.625,3.606722181431375e-14
28,38,10,-0.003,-2.337,-4.838837113655662e-15
28,39,11,0.007,7.315,1.4456229362544234e-14
28,40,12,0.029,48.488,9.16472894629231e-14
28,41,13,0.029,85.405,1.5453797897095407e-13
28,42,14,0.003,16.074,2.784447812226601e-14
29,0,29,-0.003,-0.798,-1.148840546570546e-13
29,1,28,-0.001,-0.361,-3.6197449575984094e-14
29,2,27,0.003,1.425,1.0453680015948166e-13
29,3,26,0.003,1.311,7.380707927495266e-14
29,4,25,-0.001,-0.418,-1.8627927267173124e-14
29,5,24,-0.004,-1.596,-5.744202732852708e-14
29,6,23,0.003,1.026,3.0567142915553474e-14
29,7,22,0.009,3.078,7.687483363133501e-14
29,8,21,0.011,3.344,7.126410306469909e-14
29,9,20,0.007,1.862,3.425632766401189e-14
29,10,19,0.002,0.494,7.902077833554e-15
29,11,18,0.011,2.508,3.529903791410791e-14
29,12,17,0.02,4.18,5.21646266762003e-14
29,13,16,0.016,3.04,3.3786098860902885e-14
29,14,15,-0.002,-0.418,-4.173210852389251e-15
29,15,14,0.003,0.684,6.154502928056493e-15
29,16,13,0.029,7.714,6.300897448358149e-14
29,17,12,0.029,8.816,6.566275144822621e-14
29,18,11,0.007,2.394,1.629415062652305e-14
29,19,10,-0.003,-1.254,-7.84423064757949e-15
29,20,9,0.025,10.450000000000001,6.028354167255165e-14
29,21,8,0.053,23.160999999999998,1.2339622391458503e-13
29,22,7,0.032,13.984,6.913020040036629e-14
29,23,6,-0.022,-9.613999999999999,-4.414907356310913e-14
29,24,5,-0.005,-2.09,-8.95247435295632e-15
29,25,4,0.077,30.723,1.2304272716138236e-13
29,26,3,0.145,55.099999999999994,2.064771428339032e-13
29,27,2,-0.203,-73.283,-2.5785679779301835e-13
29,28,1,0.176,63.535999999999994,2.103220697728627e-13
29,29,0,1.0,361.0,1.124822325745824e-12
29,30,1,0.176,70.22399999999999,2.065823175600913e-13
29,31,2,-0.203,-88.71100000000001,-2.464801493461796e-13
29,32,3,0.145,71.63,1.8849599921895144e-13
29,33,4,0.077,40.964,1.0224366588353627e-13
29,34,5,-0.005,-2.85,-6.74849460839952e-15
29,35,6,-0.022,-13.376,-3.0121845686705366e-14
29,36,7,0.032,20.064,4.29767283081557e-14
29,37,8,0.053,35.245,7.197145792305668e-14
29,38,9,0.025,19.475,3.795521933995098e-14
29,39,10,-0.003,-3.1350000000000002,-5.831630428747873e-15
29,40,11,0.007,11.704,2.0822430230793937e-14
29,41,12,0.029,85.405,1.4546113664315485e-13
29,42,13,0.029,155.382,2.5335388847938053e-13
30,0,30,0.0,0.0,0.0
30,1,29,-0.003,-1.197,-1.1331718471545066e-13
30,2,28,-0.001,-0.525,-3.6361726622534305e-14
30,3,27,0.003,1.449,7.701841366798691e-14
30,4,26,0.003,1.3860000000000001,5.83152763447934e-14
30,5,25,-0.001,-0.441,-1.498533022230592e-14
30,6,24,-0.004,-1.512,-4.2529485985093224e-14
30,7,23,0.003,1.1340000000000001,2.6739881844392498e-14
30,8,22,0.009,3.0239999999999996,6.084392151550845e-14
30,9,21,0.011,3.234,5.6173566561446686e-14
30,10,20,0.007,1.911,2.8860635983700324e-14
30,11,19,0.002,0.504,6.697253362433666e-15
30,12,18,0.011,2.541,2.99388657512007e-14
30,13,17,0.02,4.2,4.4070158375369956e-14
30,14,16,0.016,3.696,3.483829279364246e-14
30,15,15,-0.002,-0.504,-4.281522920658848e-15
30,16,14,0.003,0.882,6.80177431428407e-15
30,17,13,0.029,9.744,6.85197274204282e-14
30,18,12,0.029,10.962,7.044144143634386e-14
30,19,11,0.007,3.234,1.9099574403977383e-14
30,20,10,-0.003,-1.3860000000000001,-7.548776288970779e-15
30,21,9,0.025,12.075000000000001,6.073828970732159e-14
30,22,8,0.053,25.599,1.1947863625327186e-13
30,23,7,0.032,15.456,6.701089861731126e-14
30,24,6,-0.022,-10.164,-4.1104778448114426e-14
30,25,5,-0.005,-2.205,-8.337421872614977e-15
30,26,4,0.077,32.339999999999996,1.144171839388664e-13
30,27,3,0.145,57.855,1.9219721889067373e-13
30,28,2,-0.203,-80.997,-2.53142326303249e-13
30,29,1,0.176,70.22399999999999,2.065823175600913e-13
30,30,0,1.0,441.0,1.2248334184995823e-12
30,31,1,0.176,85.008,2.2299500137937113e-13
30,32,2,-0.203,-110.83800000000001,-2.753764026338525e-13
30,33,3,0.145,85.25999999999999,2.0091401809969863e-13
30,34,4,0.077,48.51,1.0844865640495693e-13
30,35,5,-0.005,-3.36,-7.143736919929232e-15
30,36,6,-0.022,-15.245999999999999,-3.0832064303613984e-14
30,37,7,0.032,23.52,4.5345162095227285e-14
30,38,8,0.053,45.632999999999996,8.396608730387996e-14
30,39,9,0.025,28.875,5.071136458411808e-14
30,40,10,-0.003,-5.5440000000000005,-9.312176095778791e-15
30,41,11,0.007,22.785,3.663899636194685e-14
30,42,12,0.029,171.738,2.6437727625837514e-13
31,0,31,0.003,0.966,1.240114363576429e-13
31,1,30,0.0,0.0,0.0
31,2,29,-0.003,-1.725,-1.128421065804813e-13
31,3,28,-0.001,-0.529,-2.6556983739162305e-14
31,4,27,0.003,1.518,6.032367216661396e-14
31,5,26,0.003,1.449,4.6504288634115913e-14
31,6,25,-0.001,-0.41400000000000003,-1.0998553598590756e-14
31,7,24,-0.004,-1.6560000000000001,-3.688108199111466e-14
31,8,23,0.003,1.104,2.0979801548234872e-14
31,9,22,0.009,2.8979999999999997,4.7543073748450484e-14
31,10,21,0.011,3.2889999999999997,4.691437936281188e-14
31,11,20,0.007,1.932,2.424768080532218e-14
31,12,19,0.002,0.506,5.630903523110096e-15
31,13,18,0.011,2.53,2.5073371405229784e-14
31,14,17,0.02,5.0600000000000005,4.504766771794253e-14
31,15,16,0.016,4.416,3.5431838959326525e-14
31,16,15,-0.002,-0.644,-4.690686324456863e-15
31,17,14,0.003,1.104,7.332369065727195e-15
31,18,13,0.029,12.006,7.286746606541867e-14
31,19,12,0.029,14.674000000000001,8.185195954389134e-14
31,20,11,0.007,3.5420000000000003,1.8220436351063005e-14
31,21,10,-0.003,-1.587,-7.539616181396879e-15
31,22,9,0.025,13.225000000000001,5.82988286601528e-14
31,23,8,0.053,28.037,1.1480921995124636e-13
31,24,7,0.032,16.192,6.184791199602874e-14
31,25,6,-0.022,-10.626,-3.794808693784857e-14
31,26,5,-0.005,-2.3000000000000003,-7.685567953945095e-15
31,27,4,0.077,33.649,1.055784435065066e-13
31,28,3,0.145,63.364999999999995,1.8704330348220785e-13
31,29,2,-0.203,-88.71100000000001,-2.4648014934617967e-13
31,30,1,0.176,85.008,2.2299500137937116e-13
31,31,0,1.0,529.0,1.3106535052733704e-12
31,32,1,0.176,105.24799999999999,2.469726065018795e-13
31,33,2,-0.203,-130.732,-2.909669810327095e-13
31,34,3,0.145,100.05,2.1125494614542007e-13
31,35,4,0.077,56.672,1.1380244857964524e-13
31,36,5,-0.005,-3.795,-7.248620445190641e-15
31,37,6,-0.022,-17.709999999999997,-3.2248468480641034e-14
31,38,7,0.032,30.176000000000002,5.244250858427919e-14
31,39,8,0.053,67.045,1.1121070427787249e-13
31,40,9,0.025,50.6,8.02740855641013e-14
31,41,10,-0.003,-10.695,-1.624322336581888e-14
31,42,11,0.007,45.402,6.601301963528281e-14
32,0,32,0.009,3.276,3.983191775314833e-13
32,1,31,0.003,1.482,1.2550164935319822e-13
32,2,30,0.0,0.0,0.0
32,3,29,-0.003,-1.794,-8.529984194516725e-14
32,4,28,-0.001,-0.5720000000000001,-2.1528548037195827e-14
32,5,27,0.003,1.6380000000000001,4.978989719143523e-14
32,6,26,0.003,1.4040000000000001,3.5326861393591196e-14
32,7,25,-0.001,-0.468,-9.871698581898984e-15
32,8,24,-0.004,-1.6640000000000001,-2.994941449814342e-14
32,9,23,0.003,1.092,1.6967358091239228e-14
32,10,22,0.009,3.042,4.1096423078645e-14
32,11,21,0.011,3.432,4.0795576582471424e-14
32,12,20,0.007,2.0020000000000002,2.110057814252925e-14
32,13,19,0.002,0.52,4.880881551420563e-15
32,14,18,0.011,3.146,2.652669991622405e-14
32,15,17,0.02,6.24,4.741894970612895e-14
32,16,16,0.016,5.824,4.017673151643828e-14
32,17,15,-0.002,-0.8320000000000001,-5.233609095346862e-15
32,18,14,0.003,1.4040000000000001,8.070587460057833e-15
32,19,13,0.029,16.588,8.763494228827145e-14
32,20,12,0.029,16.588,8.081778722868389e-14
32,21,11,0.007,4.186,1.883537396172294e-14
32,22,10,-0.003,-1.794,-7.490129028419973e-15
32,23,9,0.025,14.950000000000001,5.798145766013105e-14
32,24,8,0.053,30.316,1.0967285714550137e-13
32,25,7,0.032,17.472,5.909699639610989e-14
32,26,6,-0.022,-11.44,-3.6205693236162265e-14
32,27,5,-0.005,-2.47,-7.340113210861309e-15
32,28,4,0.077,38.038,1.0634402925683984e-13
32,29,3,0.145,71.63,1.8849599921895139e-13
32,30,2,-0.203,-110.83800000000001,-2.753764026338525e-13
32,31,1,0.176,105.24799999999999,2.4697260650187947e-13
32,32,0,1.0,676.0,1.5023957330308438e-12
32,33,1,0.176,128.128,2.700900355106439e-13
32,34,2,-0.203,-158.34,-3.166526637043281e-13
32,35,3,0.145,120.63999999999999,2.2944421253656613e-13
32,36,4,0.077,66.066,1.1951551977525775e-13
32,37,5,-0.005,-4.55,-7.847017874304378e-15
32,38,6,-0.022,-23.451999999999998,-3.860151808467242e-14
32,39,7,0.032,45.76,7.189007287523728e-14
32,40,8,0.053,121.264,1.8220464820990401e-13
32,41,9,0.025,100.75,1.4492362697353758e-13
32,42,10,-0.003,-21.996000000000002,-3.029012307227188e-14
33,0,33,0.015,5.88,6.780965250351931e-13
33,1,32,0.009,4.787999999999999,3.8457605559439187e-13
33,2,31,0.003,2.1,1.2340449009751257e-13
33,3,30,0.0,0.0,0.0
33,4,29,-0.003,-1.848,-6.597016158344353e-14
33,5,28,-0.001,-0.588,-1.6952413125879763e-14
33,6,27,0.003,1.512,3.6084160596812874e-14
33,7,26,0.003,1.512,3.024995226922663e-14
33,8,25,-0.001,-0.448,-7.647859446746502e-15
33,9,24,-0.004,-1.568,-2.3108114717449547e-14
33,10,23,0.003,1.092,1.3992467976916648e-14
33,11,22,0.009,3.0239999999999996,3.409372490026886e-14
33,12,21,0.011,3.388,3.3868857956772337e-14
33,13,20,0.007,1.96,1.7449294214855205e-14
33,14,19,0.002,0.616,4.926427406643655e-15
33,15,18,0.011,3.6959999999999997,2.6639506340668283e-14
33,16,17,0.02,7.84,5.1297496264315624e-14
33,17,16,0.016,7.168,4.2766412559185775e-14
33,18,15,-0.002,-1.008,-5.4957306806803315e-15
33,19,14,0.003,1.848,9.260024046986553e-15
33,20,13,0.029,17.864,8.255027190068831e-14
33,21,12,0.029,18.676000000000002,7.970503517156093e-14
33,22,11,0.007,4.508,1.785162014241583e-14
33,23,10,-0.003,-1.932,-7.106928203562513e-15
33,24,9,0.025,15.4,5.2841464965073764e-14
33,25,8,0.053,31.163999999999998,9.997763343624206e-14
33,26,7,0.032,17.92,5.379175547609602e-14
33,27,6,-0.022,-11.703999999999999,-3.2988835667389656e-14
33,28,5,-0.005,-2.66,-7.053488182504608e-15
33,29,4,0.077,40.964,1.0224366588353627e-13
33,30,3,0.145,85.25999999999999,2.0091401809969863e-13
33,31,2,-0.203,-130.732,-2.909669810327095e-13
33,32,1,0.176,128.128,2.700900355106439e-13
33,33,0,1.0,784.0,1.567499629386612e-12
33,34,1,0.176,147.84,2.8042151304737106e-13
33,35,2,-0.203,-181.888,-3.2810790659577215e-13
33,36,3,0.145,133.98,2.2988632324073077e-13
33,37,4,0.077,75.46,1.2343460038600988e-13
33,38,5,-0.005,-5.74,-8.961139966098465e-15
33,39,6,-0.022,-33.879999999999995,-5.048393269092846e-14
33,40,7,0.032,78.848,1.1236863710286555e-13
33,41,8,0.053,230.01999999999998,3.1382432840696655e-13
33,42,9,0.025,197.4,2.578287508711833e-13
34,0,34,0.008,3.36,3.676050427751564e-13
34,1,33,0.015,8.549999999999999,6.515116771158619e-13
34,2,32,0.009,6.749999999999999,3.763079818607799e-13
34,3,31,0.003,2.07,8.85627294459101e-14
34,4,30,0.0,0.0,0.0
34,5,29,-0.003,-1.8900000000000001,-5.169445914025618e-14
34,6,28,-0.001,-0.54,-1.2226061215076067e-14
34,7,27,0.003,1.62,3.074793167526472e-14
34,8,26,0.003,1.44,2.3321279085436522e-14
34,9,25,-0.001,-0.42,-5.872131021501965e-15
34,10,24,-0.004,-1.56,-1.8963752206654845e-14
34,11,23,0.003,1.08,1.1551660362510051e-14
34,12,22,0.009,2.9699999999999998,2.8167064649617754e-14
34,13,21,0.011,3.3,2.787171703267921e-14
34,14,20,0.007,2.31,1.7526344565460758e-14
34,15,19,0.002,0.72,4.923281822881556e-15
34,16,18,0.011,4.62,2.867807998224677e-14
34,17,17,0.02,9.6,5.43380498447827e-14
34,18,16,0.016,8.64,4.468961801228921e-14
34,19,15,-0.002,-1.32,-6.27497599938814e-15
34,20,14,0.003,1.98,8.680264891065945e-15
34,21,13,0.029,20.01,8.101715182284428e-14
34,22,12,0.029,20.01,7.517419888255119e-14
34,23,11,0.007,4.83,1.6855821635187565e-14
34,24,10,-0.003,-1.98,-6.445361922847839e-15
34,25,9,0.025,15.75,4.7935604124739765e-14
34,26,8,0.053,31.8,9.055925112459809e-14
34,27,7,0.032,18.240000000000002,4.877367708615337e-14
34,28,6,-0.022,-12.54,-3.154625671544333e-14
34,29,5,-0.005,-2.85,-6.748494608399519e-15
34,30,4,0.077,48.51,1.0844865640495693e-13
34,31,3,0.145,100.05,2.1125494614542002e-13
34,32,2,-0.203,-158.34,-3.166526637043281e-13
34,33,1,0.176,147.84,2.804215130473711e-13
34,34,0,1.0,900.0,1.6195332698219765e-12
34,35,1,0.176,168.95999999999998,2.891508940518066e-13
34,36,2,-0.203,-200.97000000000003,-3.2713904656915796e-13
34,37,3,0.145,152.25,2.362682725810111e-13
34,38,4,0.077,94.71,1.4027335848830117e-13
34,39,5,-0.005,-8.25,-1.1662501595674698e-14
34,40,6,-0.022,-58.08,-7.852519608675663e-14
34,41,7,0.032,148.8,1.9259806984181477e-13
34,42,8,0.053,448.38,5.555951156456614e-13
35,0,35,0.003,1.344,1.3984106592722596e-13
35,1,34,0.008,4.864,3.524868580004839e-13
35,2,33,0.015,12.0,6.362300497907109e-13
35,3,32,0.009,6.624,2.6952201512024696e-13
35,4,31,0.003,2.112,6.802377961412856e-14
35,5,30,0.0,0.0,0.0
35,6,29,-0.003,-1.728,-3.720744241157724e-14
35,7,28,-0.001,-0.5760000000000001,-1.039720603532271e-14
35,8,27,0.003,1.536,2.3657800422420603e-14
35,9,26,0.003,1.344,1.7870594050874893e-14
35,10,25,-0.001,-0.41600000000000004,-4.809348828185008e-15
35,11,24,-0.004,-1.536,-1.5624464644652047e-14
35,12,23,0.003,1.056,9.524503230502555e-15
35,13,22,0.009,2.88,2.3133191128555867e-14
35,14,21,0.011,3.872,2.7938815410336783e-14
35,15,20,0.007,2.688,1.7480133240903236e-14
35,16,19,0.002,0.896,5.2894361585376705e-15
35,17,18,0.011,5.632,3.03171752983223e-14
35,18,17,0.02,11.52,5.6668100193804275e-14
35,19,16,0.016,11.264,5.0924181064050826e-14
35,20,15,-0.002,-1.408,-5.870346237707623e-15
35,21,14,0.003,2.208,8.502022026807373e-15
35,22,13,0.029,21.344,7.625894735719472e-14
35,23,12,0.029,21.344,7.083891202333656e-14
35,24,11,0.007,4.928,1.5256190111996224e-14
35,25,10,-0.003,-2.016,-5.835276622813221e-15
35,26,9,0.025,16.0,4.333302018356846e-14
35,27,8,0.053,32.224,8.194706196439869e-14
35,28,7,0.032,19.456,4.654758227621208e-14
35,29,6,-0.022,-13.376,-3.0121845686705366e-14
35,30,5,-0.005,-3.36,-7.143736919929232e-15
35,31,4,0.077,56.672,1.1380244857964524e-13
35,32,3,0.145,120.63999999999999,2.294442125365662e-13
35,33,2,-0.203,-181.888,-3.2810790659577215e-13
35,34,1,0.176,168.95999999999998,2.891508940518066e-13
35,35,0,1.0,1024.0,1.6666095620962156e-12
35,36,1,0.176,185.856,2.87720635647806e-13
35,37,2,-0.203,-227.36,-3.3554860630723457e-13
35,38,3,0.145,190.23999999999998,2.679627769571587e-13
35,39,4,0.077,135.52,1.8219415265149593e-13
35,40,5,-0.005,-14.08,-1.8104158812003673e-14
35,41,6,-0.022,-109.11999999999999,-1.3432183944289678e-13
35,42,7,0.032,288.76800000000003,3.402941830714991e-13
36,0,36,-0.002,-0.924,-9.144667952821263e-14
36,1,35,0.003,1.881,1.2965780685994233e-13
36,2,34,0.008,6.6000000000000005,3.328414301401717e-13
36,3,33,0.015,11.385,4.406233100962932e-13
36,4,32,0.009,6.534,2.0017345620482348e-13
36,5,31,0.003,2.079,5.1438757234619416e-14
36,6,30,0.0,0.0,0.0
36,7,29,-0.003,-1.782,-3.05958398485097e-14
36,8,28,-0.001,-0.528,-7.735307505083556e-15
36,9,27,0.003,1.3860000000000001,1.7529255190312867e-14
36,10,26,0.003,1.287,1.4152462307937634e-14
36,11,25,-0.001,-0.396,-3.831507044315605e-15
36,12,24,-0.004,-1.452,-1.245677282005928e-14
36,13,23,0.003,0.99,7.563777855851132e-15
36,14,22,0.009,3.267,2.2422409853036875e-14
36,15,21,0.011,4.356,2.694411093241978e-14
36,16,20,0.007,3.234,1.8159416855517177e-14
36,17,19,0.002,1.056,5.4069271659944785e-15
36,18,18,0.011,6.534,3.057213837663835e-14
36,19,17,0.02,14.52,6.243937405551321e-14
36,20,16,0.016,11.616,4.6065753365924466e-14
36,21,15,-0.002,-1.518,-5.559752269278785e-15
36,22,14,0.003,2.277,7.738174820235348e-15
36,23,13,0.029,22.011000000000003,6.948584712551267e-14
36,24,12,0.029,21.054000000000002,6.19969784629715e-14
36,25,11,0.007,4.851,1.3355578614289097e-14
36,26,10,-0.003,-1.98,-5.100640080361931e-15
36,27,9,0.025,15.675,3.79159551260397e-14
36,28,8,0.053,33.231,7.5621884113284e-14
36,29,7,0.032,20.064,4.29767283081557e-14
36,30,6,-0.022,-15.245999999999999,-3.0832064303613984e-14
36,31,5,-0.005,-3.795,-7.248620445190641e-15
36,32,4,0.077,66.066,1.1951551977525775e-13
36,33,3,0.145,133.98,2.2988632324073077e-13
36,34,2,-0.203,-200.97000000000003,-3.2713904656915796e-13
36,35,1,0.176,185.856,2.87720635647806e-13
36,36,0,1.0,1089.0,1.603551149011781e-12
36,37,1,0.176,203.28,2.853622648724138e-13
36,38,2,-0.203,-274.659,-3.6798234236537584e-13
36,39,3,0.145,263.17499999999995,3.3653960890311545e-13
36,40,4,0.077,223.608,2.7347872439712315e-13
36,41,5,-0.005,-25.575,-2.994459392751943e-14
36,42,6,-0.022,-204.732,-2.294836252240468e-13
37,0,37,0.0,0.0,0.0
37,1,36,-0.002,-1.33,-8.739940386123812e-14
37,2,35,0.003,2.625,1.2620300770529752e-13
37,3,34,0.008,6.44,2.376113899343098e-13
37,4,33,0.015,11.549999999999999,3.3733103244688433e-13
37,5,32,0.009,6.614999999999999,1.5603167845776168e-13
37,6,31,0.003,1.8900000000000001,3.690246274053979e-14
37,7,30,0.0,0.0,0.0
37,8,29,-0.003,-1.68,-2.34638836218384e-14
37,9,28,-0.001,-0.49,-5.908037822280114e-15
37,10,27,0.003,1.365,1.4309783562263875e-14
37,11,26,0.003,1.26,1.162229624678693e-14
37,12,25,-0.001,-0.385,-3.148811123124547e-15
37,13,24,-0.004,-1.4000000000000001,-1.0197144183601948e-14
37,14,23,0.003,1.155,7.557220431796552e-15
37,15,22,0.009,3.78,2.2290239779680312e-14
37,16,21,0.011,5.39,2.885344018808205e-14
37,17,20,0.007,3.92,1.9134610309909582e-14
37,18,19,0.002,1.26,5.620360660232736e-15
37,19,18,0.011,8.469999999999999,3.4723403601511365e-14
37,20,17,0.02,15.4,5.82222854542854e-14
37,21,16,0.016,12.88,4.497244360852343e-14
37,22,15,-0.002,-1.61,-5.2161291528952954e-15
37,23,14,0.003,2.415,7.26809627531758e-15
37,24,13,0.029,22.330000000000002,6.268614775408215e-14
37,25,12,0.029,21.315,5.5945315074259145e-14
37,26,11,0.007,4.9,1.2033792611159323e-14
37,27,10,-0.003,-1.995,-4.600492264353142e-15
37,28,9,0.025,16.625,3.606722181431375e-14
37,29,8,0.053,35.245,7.197145792305668e-14
37,30,7,0.032,23.52,4.534516209522728e-14
37,31,6,-0.022,-17.709999999999997,-3.2248468480641034e-14
37,32,5,-0.005,-4.55,-7.847017874304377e-15
37,33,4,0.077,75.46,1.2343460038600988e-13
37,34,3,0.145,152.25,2.362682725810111e-13
37,35,2,-0.203,-227.36,-3.3554860630723457e-13
37,36,1,0.176,203.28,2.853622648724137e-13
37,37,0,1.0,1225.0,1.6394000106864857e-12
37,38,1,0.176,252.55999999999997,3.2258537026022247e-13
37,39,2,-0.203,-390.77500000000003,-4.76392899146892e-13
37,40,3,0.145,446.59999999999997,5.207171490031298e-13
37,41,4,0.077,417.725,4.66272934634437e-13
37,42,5,-0.005,-49.35,-5.273513760663244e-14
38,0,38,-0.006,-3.444,-3.1012538733387506e-13
38,1,37,0.0,0.0,0.0
38,2,36,-0.002,-2.05,-9.406444824415957e-14
38,3,35,0.003,2.829,9.961978238170219e-14
38,4,34,0.008,7.216,2.0114168763296078e-13
38,5,33,0.015,12.915,2.907425506255067e-13
38,6,32,0.009,6.6419999999999995,1.2377235985456002e-13
38,7,31,0.003,2.214,3.4586809613270964e-14
38,8,30,0.0,0.0,0.0
38,9,29,-0.003,-1.722,-1.9815798975667743e-14
38,10,28,-0.001,-0.533,-5.332843962090431e-15
38,11,27,0.003,1.476,1.2993884658482935e-14
38,12,26,0.003,1.353,1.0561240483748588e-14
38,13,25,-0.001,-0.41000000000000003,-2.8501363361021405e-15
38,14,24,-0.004,-1.804,-1.1265433100238112e-14
38,15,23,0.003,1.476,8.306930017871649e-15
38,16,22,0.009,5.1659999999999995,2.63933484758363e-14
38,17,21,0.011,7.215999999999999,3.361718415802876e-14
38,18,20,0.007,5.166,2.199273776248401e-14
38,19,19,0.002,1.804,7.058406481151183e-15
38,20,18,0.011,9.921999999999999,3.580131715154579e-14
38,21,17,0.02,18.86,6.284975153047253e-14
38,22,16,0.016,15.088000000000001,4.665362447301888e-14
38,23,15,-0.002,-1.8860000000000001,-5.4172200675252346e-15
38,24,14,0.003,2.706,7.250065079775646e-15
38,25,13,0.029,24.969,6.254762017947873e-14
38,26,12,0.029,23.78,5.5737764555843873e-14
38,27,11,0.007,5.453,1.2001296247070998e-14
38,28,10,-0.003,-2.337,-4.838837113655661e-15
38,29,9,0.025,19.475,3.795521933995098e-14
38,30,8,0.053,45.632999999999996,8.396608730387996e-14
38,31,7,0.032,30.176000000000002,5.244250858427919e-14
38,32,6,-0.022,-23.451999999999998,-3.860151808467242e-14
38,33,5,-0.005,-5.74,-8.961139966098466e-15
38,34,4,0.077,94.71,1.4027335848830114e-13
38,35,3,0.145,190.23999999999998,2.679627769571587e-13
38,36,2,-0.203,-274.659,-3.679823423653759e-13
38,37,1,0.176,252.55999999999997,3.2258537026022247e-13
38,38,0,1.0,1681.0,2.04917508078597e-12
38,39,1,0.176,396.88,4.617734674012348e-13
38,40,2,-0.203,-732.4240000000001,-8.150363578966427e-13
38,41,3,0.145,921.4749999999999,9.816678101705998e-13
38,42,4,0.077,890.274,9.07962413517758e-13
39,0,39,-0.006,-4.62,-3.9707684409730464e-13
39,1,38,-0.006,-6.2700000000000005,-3.7533065188835105e-13
39,2,37,0.0,0.0,0.0
39,3,36,-0.002,-2.5300000000000002,-8.503379689497566e-14
39,4,35,0.003,3.63,9.657630808823078e-14
39,5,34,0.008,9.24,1.985384220486516e-13
39,6,33,0.015,14.85,2.6412509286452875e-13
39,7,32,0.009,8.91,1.3285227623606253e-13
39,8,31,0.003,2.64,3.358800459554321e-14
39,9,30,0.0,0.0,0.0
39,10,29,-0.003,-2.145,-2.0484122909781535e-14
39,11,28,-0.001,-0.66,-5.5456824061940816e-15
39,12,27,0.003,1.815,1.3522350031036981e-14
39,13,26,0.003,1.6500000000000001,1.09477313481089e-14
39,14,25,-0.001,-0.605,-3.605995192209189e-15
39,15,24,-0.004,-2.64,-1.4181315860618015e-14
39,16,23,0.003,2.31,1.126446263992647e-14
39,17,22,0.009,7.919999999999999,3.521667904860395e-14
39,18,21,0.011,10.889999999999999,4.424978682124242e-14
39,19,20,0.007,8.47,3.163092927977347e-14
39,20,19,0.002,2.42,8.334384976157443e-15
39,21,18,0.011,13.915,4.425919355558542e-14
39,22,17,0.02,25.3,7.466767768799018e-14
39,23,16,0.016,20.240000000000002,5.548859231902162e-14
39,24,15,-0.002,-2.42,-6.1885355170403834e-15
39,25,14,0.003,3.465,8.284595123964725e-15
39,26,13,0.029,31.900000000000002,7.136524951130819e-14
39,27,12,0.029,30.305000000000003,6.365981262110267e-14
39,28,11,0.007,7.315,1.4456229362544237e-14
39,29,10,-0.003,-3.1350000000000002,-5.831630428747873e-15
39,30,9,0.025,28.875,5.0711364584118065e-14
39,31,8,0.053,67.045,1.1121070427787249e-13
39,32,7,0.032,45.76,7.189007287523728e-14
39,33,6,-0.022,-33.879999999999995,-5.048393269092845e-14
39,34,5,-0.005,-8.25,-1.1662501595674698e-14
39,35,4,0.077,135.52,1.8219415265149593e-13
39,36,3,0.145,263.17499999999995,3.365396089031155e-13
39,37,2,-0.203,-390.77500000000003,-4.763928991468918e-13
39,38,1,0.176,396.88,4.617734674012348e-13
39,39,0,1.0,3025.0,3.359336816441341e-12
39,40,1,0.176,851.8399999999999,9.047547134496444e-13
39,41,2,-0.203,-1730.575,-1.7596643187186973e-12
39,42,3,0.145,2248.95,2.1891846256967773e-12
40,0,40,0.0,0.0,0.0
40,1,39,-0.006,-10.032,-5.743527039733141e-13
40,2,38,-0.006,-13.200000000000001,-5.529026173541209e-13
40,3,37,0.0,0.0,0.0
40,4,36,-0.002,-3.872,-9.852444044766413e-14
40,5,35,0.003,5.5440000000000005,1.1393062254494342e-13
40,6,34,0.008,12.672,2.1556240860970558e-13
40,7,33,0.015,23.759999999999998,3.388304139354358e-13
40,8,32,0.009,12.671999999999999,1.5419493049763156e-13
40,9,31,0.003,3.696,3.882517898852776e-14
40,10,30,0.0,0.0,0.0
40,11,29,-0.003,-3.168,-2.5458973329380214e-14
40,12,28,-0.001,-0.968,-6.897561092976436e-15
40,13,27,0.003,2.64,1.6752852639464684e-14
40,14,26,0.003,2.904,1.6554308144618648e-14
40,15,25,-0.001,-1.056,-5.4252677402354185e-15
40,16,24,-0.004,-4.928,-2.298337761117255e-14
40,17,23,0.003,4.224,1.7963534050808856e-14
40,18,22,0.009,14.255999999999998,5.540202564141694e-14
40,19,21,0.011,21.296,7.606261167543179e-14
40,20,20,0.007,13.552,4.463815526455025e-14
40,21,19,0.002,4.048,1.2314178477241363e-14
40,22,18,0.011,22.264,6.28434429750336e-14
40,23,17,0.02,40.480000000000004,1.0613982257297513e-13
40,24,16,0.016,30.976,7.576044407701309e-14
40,25,15,-0.002,-3.696,-8.451711554125368e-15
40,26,14,0.003,5.28,1.1297300537078668e-14
40,27,13,0.029,48.488,9.741593267005863e-14
40,28,12,0.029,48.488,9.16472894629231e-14
40,29,11,0.007,11.704,2.0822430230793937e-14
40,30,10,-0.003,-5.5440000000000005,-9.312176095778791e-15
40,31,9,0.025,50.6,8.02740855641013e-14
40,32,8,0.053,121.264,1.8220464820990401e-13
40,33,7,0.032,78.848,1.1236863710286555e-13
40,34,6,-0.022,-58.08,-7.852519608675661e-14
40,35,5,-0.005,-14.08,-1.8104158812003676e-14
40,36,4,0.077,223.608,2.7347872439712315e-13
40,37,3,0.145,446.59999999999997,5.207171490031297e-13
40,38,2,-0.203,-732.4240000000001,-8.150363578966427e-13
40,39,1,0.176,851.8399999999999,9.047547134496443e-13
40,40,0,1.0,7744.0,7.86652311962022e-12
40,41,1,0.176,2400.64,2.3345925462095938e-12
40,42,2,-0.203,-5037.648,-4.6900239671757185e-12
41,0,41,0.002,4.34,3.415336874261706e-13
41,1,40,0.0,0.0,0.0
41,2,39,-0.006,-23.25,-9.32318386658059e-13
41,3,38,-0.006,-21.39,-6.582533324971495e-13
41,4,37,0.0,0.0,0.0
41,5,36,-0.002,-6.51,-1.280751327848135e-13
41,6,35,0.003,8.370000000000001,1.3630754588000605e-13
41,7,34,0.008,22.32,3.0471702365495625e-13
41,8,33,0.015,37.199999999999996,4.333456571440842e-13
41,9,32,0.009,19.529999999999998,1.9640399828191256e-13
41,10,31,0.003,6.045,5.285640400643104e-14
41,11,30,0.0,0.0,0.0
41,12,29,-0.003,-5.115,-3.4892526250931816e-14
41,13,28,-0.001,-1.55,-9.41636137148924e-15
41,14,27,0.003,5.115,2.7914293362344843e-14
41,15,26,0.003,5.58,2.7444671311031556e-14
41,16,25,-0.001,-2.17,-9.688788252144111e-15
41,17,24,-0.004,-9.92,-4.038742100148341e-14
41,18,23,0.003,8.370000000000001,3.114009926423878e-14
41,19,22,0.009,30.689999999999998,1.0493893706476268e-13
41,20,21,0.011,37.51,1.1828140836774679e-13
41,21,20,0.007,24.955000000000002,7.267567791687219e-14
41,22,19,0.002,7.13,1.9266946187936522e-14
41,23,18,0.011,39.214999999999996,9.843661029898213e-14
41,24,17,0.02,68.2,1.5968647275624195e-13
41,25,16,0.016,52.08,1.1401191939874198e-13
41,26,15,-0.002,-6.2,-1.2699862724137402e-14
41,27,14,0.003,8.835,1.6992952876964445e-14
41,28,13,0.029,85.405,1.5453797897095407e-13
41,29,12,0.029,85.405,1.4546113664315485e-13
41,30,11,0.007,22.785,3.663899636194685e-14
41,31,10,-0.003,-10.695,-1.624322336581888e-14
41,32,9,0.025,100.75,1.4492362697353758e-13
41,33,8,0.053,230.01999999999998,3.1382432840696655e-13
41,34,7,0.032,148.8,1.9259806984181477e-13
41,35,6,-0.022,-109.11999999999999,-1.3432183944289678e-13
41,36,5,-0.005,-25.575,-2.994459392751943e-14
41,37,4,0.077,417.725,4.662729346344369e-13
41,38,3,0.145,921.4749999999999,9.816678101705998e-13
41,39,2,-0.203,-1730.575,-1.7596643187186973e-12
41,40,1,0.176,2400.64,2.3345925462095938e-12
41,41,0,1.0,24025.0,2.2367324074112115e-11
41,42,1,0.176,7692.959999999999,6.85657601837922e-12
42,0,42,0.008,31.584,2.3794365905002995e-12
42,1,41,0.002,10.716000000000001,5.622812686734149e-13
42,2,40,0.0,0.0,0.0
42,3,39,-0.006,-38.916000000000004,-1.1464989566373732e-12
42,4,38,-0.006,-37.224000000000004,-8.680833621624662e-13
42,5,37,0.0,0.0,0.0
42,6,36,-0.002,-10.152000000000001,-1.5827387564235339e-13
42,7,35,0.003,15.228,1.9902543544561127e-13
42,8,34,0.008,36.096000000000004,4.0254438567534814e-13
42,9,33,0.015,59.22,5.70137584809458e-13
42,10,32,0.009,32.994,2.761846042544984e-13
42,11,31,0.003,10.152000000000001,7.477167108504631e-14
42,12,30,0.0,0.0,0.0
42,13,29,-0.003,-8.46,-4.92022506598383e-14
42,14,28,-0.001,-3.102,-1.6206378626188724e-14
42,15,27,0.003,10.152000000000001,4.780118150558636e-14
42,16,26,0.003,11.844,5.062573210236698e-14
42,17,25,-0.001,-4.5120000000000005,-1.758598618248377e-14
42,18,24,-0.004,-20.304000000000002,-7.231682100384171e-14
42,19,23,0.003,18.612000000000002,6.092506532855592e-14
42,20,22,0.009,55.836,1.6855704487441214e-13
42,21,21,0.011,71.34599999999999,1.9891353432785682e-13
42,22,20,0.007,45.402,1.1745230011051485e-13
42,23,19,0.002,12.972,3.117270991164856e-14
42,24,18,0.011,68.244,1.5297181335988087e-13
42,25,17,0.02,118.44,2.482223411976574e-13
42,26,16,0.016,90.24,1.76957759498765e-13
42,27,15,-0.002,-10.716000000000001,-1.9731413202998258e-14
42,28,14,0.003,16.074,2.7844478122266006e-14
42,29,13,0.029,155.382,2.5335388847938053e-13
42,30,12,0.029,171.738,2.6437727625837514e-13
42,31,11,0.007,45.402,6.601301963528281e-14
42,32,10,-0.003,-21.996000000000002,-3.029012307227188e-14
42,33,9,0.025,197.4,2.578287508711833e-13
42,34,8,0.053,448.38,5.555951156456614e-13
42,35,7,0.032,288.76800000000003,3.402941830714991e-13
42,36,6,-0.022,-204.732,-2.294836252240468e-13
42,37,5,-0.005,-49.35,-5.273513760663244e-14
42,38,4,0.077,890.274,9.079624135177579e-13
42,39,3,0.145,2248.95,2.1891846256967777e-12
42,40,2,-0.203,-5037.648,-4.690023967175719e-12
42,41,1,0.176,7692.959999999999,6.85657601837922e-12
42,42,0,1.0,79524.0,6.785396413962301e-11
