row,wavenumber_cm_inverse,frequency_hz,monopole_MJy_sr,reported_residual_kJy_sr,marginal_sigma_kJy_sr,modeled_galaxy_kJy_sr,x,observed_intensity_si,planck_intensity_si,rayleigh_jeans_intensity_si,planck_MJy_sr,rayleigh_jeans_MJy_sr,electromagnetic_mode_density_per_m3_per_hz,planck_energy_density_per_m3_per_hz,inferred_thermal_energy_per_mode_J,observed_mode_energy_over_kBT,planck_mode_energy_over_kBT,marginal_sigma_mode_energy_over_kBT,original_residual_mode_energy_over_kBT,reported_residual_over_marginal_sigma,recomputed_residual_kJy_sr,reconstruction_discrepancy_kJy_sr
0,2.27,68052887966.0,200.723,5.0,14.0,4.0,1.1985407383243778,2.00723e-18,2.0071582581340973e-18,3.877318696494522e-18,200.71582581340974,387.7318696494522,0.0043198719254459285,8.413385287159113e-26,1.947670243940306e-23,0.51768506979185,0.5176665668336117,3.610742653849264e-05,1.2895509478033085e-05,0.35714285714285715,7.174186590269691,2.1741865902696906
1,2.72,81543548576.0,249.508,9.0,19.0,3.0,1.4361369199305318,2.49508e-18,2.4949605519096867e-18,5.566953491072054e-18,249.4960551909687,556.6953491072054,0.006202359924162929,1.0458101305371475e-25,1.6862294550173012e-23,0.44819487067773855,0.44817341404252076,3.4129977968149115e-05,1.6166831669123266e-05,0.47368421052631576,11.944809031335163,2.944809031335163
2,3.18,95334001644.0,293.024,15.0,25.0,-1.0,1.6790130166834896,2.9302399999999997e-18,2.9300525902173217e-18,7.609112846442055e-18,293.0052590217322,760.9112846442055,0.008477609279993675,1.2281872270527208e-25,1.4488350935485148e-23,0.3850961418413149,0.38507151219177815,3.285534135781643e-05,1.9713204814689862e-05,0.6,18.740978267806277,3.740978267806277
3,3.63,108824662254.0,327.77,4.0,23.0,-1.0,1.9166091982896438,3.2776999999999995e-18,3.277616941285107e-18,9.915007225414563e-18,327.7616941285107,991.5007225414563,0.011046696107902045,1.3738754300513778e-25,1.243729557027829e-23,0.3305796884946773,0.3305713114241402,2.319715909136751e-05,4.034288537629133e-06,0.17391304347826086,8.305871489244845,4.305871489244845
4,4.08,122315322864.0,354.081,19.0,22.0,3.0,2.154205379895798,3.54081e-18,3.540569686885319e-18,1.2525645354912105e-17,354.0569686885319,1252.5645354912106,0.01395530982936659,1.484097070626324e-25,1.0635362600922723e-23,0.28268483576468595,0.2826656500774091,1.7563965270158632e-05,1.5168879096955181e-05,0.8636363636363636,24.031311468121647,5.031311468121647
5,4.54,136105775932.0,372.079,-30.0,21.0,6.0,2.3970814766487556,3.72079e-18,3.721029150687586e-18,1.5509274785978147e-17,372.10291506875865,1550.9274785978148,0.017279487701783714,1.5597400844011344e-25,9.025961109278271e-24,0.239907413553855,0.239922833403645,1.3540284951934687e-05,-1.9343264217049557e-05,-1.4285714285714286,-23.915068758653316,6.084931241346684
6,4.99,149596436542.0,381.493,-30.0,18.0,8.0,2.6346776582549096,3.81493e-18,3.8151686273303495e-18,1.873617249987067e-17,381.51686273303494,1873.617249987067,0.020874700252439628,1.5992004350993088e-25,7.660471243087376e-24,0.20361309120239832,0.20362582738585908,9.607084904947501e-06,-1.6011808174912503e-05,-1.6666666666666667,-23.862733034983485,6.137266965016515
7,5.45,163386889610.0,383.478,-10.0,18.0,8.0,2.877553755007867,3.8347799999999996e-18,3.8348094798322346e-18,2.2349756172762613e-17,383.4809479832235,2234.9756172762613,0.02490073470580793,1.6074332716879014e-25,6.4553152091574786e-24,0.17158039534558417,0.17158171436812708,8.053779137839718e-06,-4.474321743244288e-06,-0.5555555555555556,-2.947983223501459,7.052016776498541
8,5.9,176877550220.0,378.901,32.0,16.0,10.0,3.115149936614021,3.78901e-18,3.788623096750701e-18,2.6192913471050115e-17,378.86230967507015,2619.2913471050115,0.029182546085655216,1.5880733714752242e-25,5.4424159724217175e-24,0.1446578290799091,0.14464305778500397,6.108522451190511e-06,1.2217044902381021e-05,2.0,38.69032492989779,6.690324929897791
9,6.35,190368210830.0,368.833,4.0,14.0,10.0,3.3527461182201757,3.68833e-18,3.688214024286517e-18,3.034081451986266e-17,368.8214024286517,3034.0814519862665,0.03380388435905867,1.545985000538655e-25,4.573538347076693e-24,0.12156331523616308,0.12155949280372914,4.614246592106114e-06,1.3183561691731755e-06,0.2857142857142857,11.597571348297764,7.597571348297764
10,6.81,204158663898.0,354.063,-2.0,13.0,12.0,3.595622214973133,3.5406299999999995e-18,3.5405797537818074e-18,3.4895868268450783e-17,354.05797537818074,3489.5868268450786,0.03887884732901335,1.4841012903573024e-25,3.817300290451331e-24,0.10146272827379675,0.10146128838361178,3.725369404765105e-06,-5.731337545792469e-07,-0.15384615384615385,5.024621819208145,7.024621819208145
11,7.26,217649324508.0,336.278,13.0,12.0,20.0,3.8332183965792876,3.36278e-18,3.3625770231000696e-18,3.966002890165812e-17,336.257702310007,3966.0028901658125,0.04418678443160818,1.4094880629586772e-25,3.1900333158785452e-24,0.08479015505355363,0.08478503713242372,3.0257164032218595e-06,3.277859436823681e-06,1.0833333333333333,20.297689993044738,7.297689993044738
12,7.71,231139985118.0,316.076,-22.0,11.0,25.0,4.070814578185442,3.16076e-18,3.1609096645840195e-18,4.472893328539071e-17,316.09096645840197,4472.893328539071,0.04983424842775919,1.3249553570714754e-25,2.6585985825338424e-24,0.07066477485239686,0.07066812088756964,2.459258290336381e-06,-4.918516580672762e-06,-2.0,-14.966458401942843,7.033541598057157
13,8.17,244930438186.0,293.924,8.0,10.0,30.0,4.3136906749384,2.9392399999999995e-18,2.939088842196859e-18,5.022545710967478e-17,293.9088842196859,5022.545710967479,0.055958139914300244,1.2319749437984037e-25,2.2017141855521205e-24,0.05852092084660864,0.058517911261194065,1.9910221977997147e-06,1.5928177582397718e-06,0.8,15.115780314060707,7.115780314060707
14,8.62,258421098795.99997,271.432,8.0,11.0,36.0,4.551286856544553,2.71432e-18,2.714172787223459e-18,5.591062107780226e-17,271.41727872234594,5591.062107780226,0.062292202739642595,1.1376971049638014e-25,1.8264867221860352e-24,0.048547484318282014,0.04854485131629229,1.9674258285725325e-06,1.4308551480527507e-06,0.7272727272727273,14.721277654099541,6.721277654099541
15,9.08,272211551864.0,248.239,-21.0,12.0,41.0,4.794162953297511,2.48239e-18,2.4825372697844528e-18,6.203709914391238e-17,248.2537269784453,6203.709914391238,0.06911795080713486,1.0406026757374528e-25,1.5054568786508571e-24,0.04001460471646842,0.04001697861509481,1.934326421704962e-06,-3.3850712379836832e-06,-1.75,-14.726978445292044,6.273021554707956
16,9.53,285702212474.0,225.94,9.0,14.0,46.0,5.031759134903665,2.2593999999999997e-18,2.2592499107405944e-18,6.833852269643505e-17,225.92499107405945,6833.852269643506,0.07613861246166859,9.470075357540911e-26,1.2438766847718973e-24,0.03306187946199021,0.0330596832005917,2.0486249113386705e-06,1.3169731572891455e-06,0.6428571428571429,15.008925940530808,6.008925940530808
17,9.98,299192873084.0,204.327,12.0,16.0,57.0,5.269355316509819,2.0432699999999998e-18,2.0430898641329773e-18,7.494468999948243e-17,204.30898641329773,7494.468999948243,0.08349880100975851,8.563999442286077e-26,1.025733832394247e-24,0.027263706074628125,0.027261302490504468,2.1349077566550075e-06,1.6011808174912556e-06,0.75,18.013586702242794,6.013586702242794
18,10.44,312983326152.0,183.262,11.0,18.0,65.0,5.512231413262777,1.83262e-18,1.832455227703245e-18,8.20126381412888e-17,183.24552277032453,8201.26381412888,0.09137347759383713,7.681084333862364e-26,8.407007383919789e-25,0.022345580407288415,0.022343571298686287,2.1947836830940816e-06,1.341256695224161e-06,0.6111111111111112,16.477229675489315,5.4772296754893155
19,10.89,326473986762.0,163.83,-29.0,22.0,73.0,5.749827594868931,1.6383e-18,1.6385386068248774e-18,8.923506502873129e-17,163.85386068248775,8923.50650287313,0.09942026497111842,6.868245964779126e-26,6.907289777312316e-25,0.018359374753327357,0.018362048666601134,2.4653985507733527e-06,-3.2498435442012374e-06,-1.3181818181818181,-23.860682487742046,5.1393175122579535
20,11.34,339964647372.0,145.75,-46.0,22.0,93.0,5.987423776475085,1.4575e-18,1.4579152794048178e-18,9.676223566669862e-17,145.79152794048179,9676.223566669862,0.10780657924195587,6.111128961535765e-26,5.666990161405211e-25,0.015062694551833487,0.015066986302659083,2.273614271974852e-06,-4.753920750492871e-06,-2.090909090909091,-41.527940481786246,4.472059518213754
21,11.8,353755100440.0,128.835,58.0,23.0,98.0,6.230299873228042,1.28835e-18,1.287727003495599e-18,1.0477165388420085e-16,128.77270034955993,10477.165388420086,0.11673018434262086,5.397752459818015e-26,4.626364550416546e-25,0.012296742031236449,0.012290795799776745,2.1952502558965815e-06,5.535848471391379e-06,2.5217391304347827,62.299650440090545,4.299650440090545
22,12.25,367245761050.0,113.568,6.0,23.0,105.0,6.467896054834197,1.13568e-18,1.1355811873500507e-18,1.1291508410656342e-16,113.55811873500508,11291.508410656343,0.1258030974426497,4.7600043570591676e-26,3.784023323615161e-25,0.01005782362016587,0.010056948514322027,2.0369289171581174e-06,5.313727609977699e-07,0.2608695652173913,9.881264994925147,3.8812649949251465
23,12.71,381036214118.0,99.451,-6.0,23.0,121.0,6.710772151587155,9.9451e-19,9.94537670677443e-19,1.2155445656589095e-16,99.4537670677443,12155.445656589096,0.13542855912426585,4.1687936524654794e-26,3.0781377964283436e-25,0.008181600478472875,0.00818182811864519,1.8921560467453863e-06,-4.936059252379269e-07,-0.2608695652173913,-2.767067744303478,3.232932255696522
24,13.16,394526874728.0,87.036,6.0,22.0,135.0,6.948368333193309,8.703599999999999e-19,8.702691341776773e-19,1.303141463726492e-16,87.02691341776773,13031.41463726492,0.14518807105348605,3.64789846524897e-26,2.5127955211056804e-25,0.006678937200809398,0.006678239917936737,1.688228071347551e-06,4.6042583764024117e-07,0.2727272727272727,9.08658223226347,3.0865822322634706
25,13.61,408017535338.0,75.876,-17.0,21.0,147.0,7.185964514799464,7.5876e-19,7.58901328826665e-19,1.393785799299317e-16,75.8901328826665,13937.85799299317,0.15528710987626243,3.181079144347764e-26,2.0481331259538708e-25,0.005443878107966445,0.005444892100408695,1.5066877572261896e-06,-1.2196996129926297e-06,-0.8095238095238095,-14.132882666498215,2.8671173335017848
26,14.07,421807988406.0,65.766,6.0,20.0,160.0,7.428840611552421,6.5766000000000005e-19,6.575708145141951e-19,1.4895942246495558e-16,65.75708145141951,14895.942246495559,0.16596150007446497,2.756333036360577e-26,1.661052034981959e-25,0.004415027858709152,0.004414429135349915,1.3426475256847366e-06,4.02794257705421e-07,0.3,8.918548580496072,2.918548580496072
27,14.52,435298649016.0,57.008,26.0,19.0,178.0,7.666436793158575,5.7008e-19,5.697952211879977e-19,1.5864011560663308e-16,56.97952211879977,15864.011560663308,0.17674713772643272,2.3884049557174446e-26,1.3519871897031929e-25,0.0035935425148931727,0.0035917473900540678,1.1976794096086482e-06,1.6389297184118343e-06,1.368421052631579,28.47788120023342,2.477881200233419
28,14.97,448789309626.0,49.223,-12.0,19.0,199.0,7.904032974764729,4.9223e-19,4.92328091615475e-19,1.6862555249883523e-16,49.2328091615475,16862.555249883524,0.18787230227195664,2.0636867599585293e-26,1.0982329834462958e-25,0.0029190712362730563,0.0029196529489139834,1.1267568715679221e-06,-7.116359188850035e-07,-0.631578947368421,-9.809161547500986,2.1908384524990137
29,15.43,462579762694.0,42.267,-19.0,19.0,221.0,8.146909071517687,4.2267000000000003e-19,4.2283668025729174e-19,1.791478651095554e-16,42.28366802572918,17914.786510955542,0.19959562098674558,1.7724003028316394e-26,8.87645541569415e-26,0.0023593359582684626,0.0023602663643170446,1.0605764120259436e-06,-1.0605764120259436e-06,-1.0,-16.668025729170566,2.331974270829434
30,15.88,476070423304.0,36.352,8.0,21.0,227.0,8.38450525312384,3.6351999999999994e-19,3.6342353826145923e-19,1.8974956158615353e-16,36.342353826145924,18974.956158615354,0.21140738436146086,1.5233588270506916e-26,7.207710219594058e-26,0.0019157883526120872,0.0019152799891790557,1.1067219246493594e-06,4.21608352247375e-07,0.38095238095238093,9.646173854071261,1.646173854071261
31,16.34,489860876372.0,31.062,7.0,23.0,250.0,8.6273813498768,3.1062e-19,3.1053930348444265e-19,2.009018284386999e-16,31.053930348444265,20090.182843869992,0.22383255965720097,1.3016845066564234e-26,5.816949792431036e-26,0.001546128287701377,0.0015457266163169617,1.1448377637348317e-06,3.4842888461494876e-07,0.30434782608695654,8.06965155573721,1.0696515557372095
32,16.79,503351536982.0,26.58,14.0,26.0,275.0,8.864977531482953,2.6579999999999996e-19,2.6564970676209422e-19,2.1211978449969191e-16,26.564970676209423,21211.978449969192,0.23633092186110763,1.1135212310005183e-26,4.714369177319521e-26,0.0012530655762588135,0.001252357046225832,1.225722535091382e-06,6.600044419722826e-07,0.5384615384615384,15.029323790573976,1.0293237905739758
33,17.24,516842197591.99994,22.644,-33.0,28.0,295.0,9.102573713089106,2.2644e-19,2.26761515940206e-19,2.2364248431120987e-16,22.6761515940206,22364.24843112099,0.24916881095857038,9.505139887069952e-27,3.809330268463241e-26,0.0010125088741408325,0.0010139465076977733,1.2519982545461523e-06,-1.475569371429394e-06,-1.1785714285714286,-32.151594020600285,0.8484059793997147
34,17.7,530632650660.0,19.255,6.0,30.0,312.0,9.345449809842064,1.9255e-19,1.924806986202813e-19,2.357362212394516e-16,19.24806986202813,23573.622123945162,0.26264291477089696,8.06819428050197e-27,3.0730313766797533e-26,0.0008168027763727346,0.0008165087978769566,1.27260884399802e-06,2.54521768799604e-07,0.2,6.930137971869322,0.9301379718693221
35,18.15,544123311269.99994,16.391,26.0,32.0,336.0,9.583045991448218,1.6390999999999998e-19,1.6364492463087025e-19,2.478751806353637e-16,16.364492463087025,24787.51806353637,0.2761674026975511,6.859488013105352e-27,2.4878385659753053e-26,0.0006612602342027953,0.0006601908436795028,1.2909723320413244e-06,1.0489150197835762e-06,0.8125,26.507536912972867,0.5075369129728671
36,18.61,557913764338.0,13.811,-26.0,33.0,363.0,9.825922088201176,1.3811e-19,1.3836478468920614e-19,2.6059887180543237e-16,13.836478468920616,26059.88718054324,0.2903433630908288,5.7998229040857794e-27,1.9938954546806378e-26,0.0005299715959749677,0.000530949285123963,1.2663140009538633e-06,-9.97701940145468e-07,-0.7878787878787878,-25.478468920615192,0.5215310793848076
37,19.06,571404424948.0,11.716,-6.0,35.0,405.0,10.06351826980733,1.1716e-19,1.1720967661497796e-19,2.7335409078573933e-16,11.720967661497797,27335.409078573935,0.30455444984667435,4.91306634516136e-27,1.612514300122549e-26,0.0004286015975222154,0.00042878332743463243,1.2803905695866733e-06,-2.194955262148583e-07,-0.17142857142857143,-4.96766149779685,1.0323385022031504
38,19.51,584895085558.0,9.921,8.0,41.0,421.0,10.301114451413484,9.920999999999999e-20,9.912334817336845e-20,2.8641405351657134e-16,9.912334817336845,28641.405351657137,0.3191050634960761,4.154943516566751e-27,1.303199531525974e-26,0.00034638663425173085,0.00034608409383666346,1.431494003056237e-06,2.793159030353633e-07,0.1951219512195122,8.665182663154006,0.6651826631540061
39,19.97,598685538626.0,8.364,26.0,55.0,435.0,10.543990548166443,8.364e-20,8.337876435292313e-20,3.000792147623361e-16,8.337876435292314,30007.921476233612,0.33432995240594016,3.494979364111125e-27,1.0486435712657617e-26,0.0002787264025142282,0.0002778558468934927,1.832849370908952e-06,8.664378844296863e-07,0.4727272727272727,26.123564707687336,0.1235647076873363
40,20.42,612176199236.0,7.087,57.0,88.0,477.0,10.781586729772597,7.086999999999999e-20,7.02909385970134e-20,3.13755437077563e-16,7.02909385970134,31375.5437077563,0.34956716488453327,2.946378274937237e-27,8.498082865121383e-27,0.00022587656379793845,0.0002240309817472173,2.8047322723604517e-06,1.8167015855062015e-06,0.6477272727272727,57.906140298659416,0.906140298659416
41,20.87,625666859846.0,5.801,-116.0,155.0,519.0,11.019182911378751,5.800999999999999e-20,5.91712654675776e-20,3.277364031433173e-16,5.9171265467577605,32773.64031433173,0.3651439042566826,2.480276043456079e-27,6.659290669026251e-27,0.00017700200357246564,0.00018054529463332883,4.729410541929313e-06,-3.5394298249277435e-06,-0.7483870967741936,-116.12654675776072,-0.1265467577607211
42,21.33,639457312914.0,4.523,-432.0,282.0,573.0,11.26205900813171,4.5229999999999993e-20,4.9548988549087286e-20,3.423430344647763e-16,4.954898854908729,34234.303446477636,0.381417721683133,2.0769400198669092e-27,4.9706694237781964e-27,0.00013211894341800593,0.00014473491077904592,8.237351767383921e-06,-1.2618921856417921e-05,-1.5319148936170213,-431.8988549087293,0.10114509127072324
