x,thermal_energy_over_kBT,classical_energy_over_kBT
0.0,1.0,1.0
0.0001,0.9999500008333333,1.0
0.00010200964138370616,0.9999489960464721,1.0
0.00010405966935232327,0.9999479710676917,1.0
0.00010615089553137535,0.9999469254912354,1.0
0.00010828414785714846,0.9999458589031928,1.0
0.00011046027090447928,0.999944770881337,1.0
0.00011268012622112952,0.999943660994957,1.0
0.00011494459266888168,0.9999425288046873,1.0
0.00011725456677148788,0.9999413738623337,1.0
0.00011961096306961309,0.999940195710697,1.0
0.00012201471448290952,0.9999389938833911,1.0
0.00012446677267936886,0.9999377679046584,1.0
0.00012696810845209695,0.9999365172891822,1.0
0.00012951971210365906,0.9999352415418945,1.0
0.0001321225938381513,0.9999339401577793,1.0
0.00013477778416114865,0.9999326126216737,1.0
0.00013748633428769326,0.9999312584080637,1.0
0.00014024931655847933,0.9999298769808767,1.0
0.00014306782486440346,0.999928467793268,1.0
0.00014594297507964675,0.9999270302874061,1.0
0.00014887590550345916,0.9999255638942511,1.0
0.00015186777731082397,0.9999240680333297,1.0
0.00015491977501217683,0.9999225421125054,1.0
0.00015803310692236603,0.999920985527744,1.0
0.00016120900563903435,0.9999193976628757,1.0
0.00016444872853061757,0.9999177778893501,1.0
0.0001677535582341473,0.9999161255659876,1.0
0.00017112480316306035,0.9999144400387266,1.0
0.0001745637980252109,0.9999127206403641,1.0
0.0001780719043512946,0.9999109666902912,1.0
0.00018165051103389188,0.9999091774942255,1.0
0.00018530103487734252,0.9999073523439341,1.0
0.00018902492115867339,0.9999054905169558,1.0
0.00019282364419979584,0.9999035912763132,1.0
0.00019669870795120526,0.9999016538702229,1.0
0.000200651646587408,0.9998996775317965,1.0
0.00020468402511431618,0.9998976614787387,1.0
0.000208797439988849,0.9998956049130365,1.0
0.00021299351975098373,0.9998935070206445,1.0
0.00021727392566851187,0.9998913669711623,1.0
0.00022164035239474901,0.9998891839175064,1.0
0.00022609452863946606,0.999886956995575,1.0
0.00023063821785330017,0.9998846853239056,1.0
0.0002352732189259222,0.9998823680033277,1.0
0.00024000136689823515,0.9998800041166056,1.0
0.0002448245336888823,0.9998775927280764,1.0
0.0002497446288353597,0.9998751328832807,1.0
0.00025476360025001823,0.9998726236085826,1.0
0.0002598834349912623,0.9998700639107877,1.0
0.00026510616005024354,0.9998674527767479,1.0
0.00027043384315336754,0.999864789172962,1.0
0.00027586859358092434,0.9998620720451664,1.0
0.00028141256300217476,0.9998593003179181,1.0
0.0002870679463272146,0.9998564728941702,1.0
0.00029283698257596144,0.9998535886548369,1.0
0.0002987219557646044,0.9998506464583515,1.0
0.000304725195809866,0.9998476451402154,1.0
0.0003108490794514407,0.9998445835125368,1.0
0.0003170960311929662,0.9998414603635613,1.0
0.0003234685242619098,0.9998382744571929,1.0
0.00032996908158874075,0.9998350245325052,1.0
0.00033660027680578294,0.9998317093032425,1.0
0.0003433647352661414,0.9998283274573121,1.0
0.0003502651350831026,0.9998248776562639,1.0
0.0003573042081904269,0.9998213585347628,1.0
0.00036448474142394496,0.9998177687000486,1.0
0.0003718095776248949,0.9998141067313844,1.0
0.00037928161676542793,0.999810371179496,1.0
0.0003869038170967354,0.9998065605659986,1.0
0.00039467919632024976,0.9998026733828121,1.0
0.0004026108327823804,0.9997987080915657,1.0
0.0004107018666932592,0.9997946631229887,1.0
0.0004189555013699802,0.999790536876291,1.0
0.0004273750045048249,0.9997863277185305,1.0
0.00043596370945896953,0.9997820339839668,1.0
0.0004447250165821975,0.9997776539734038,1.0
0.000453662394559127,0.9997731859535177,1.0
0.0004627793817824995,0.9997686281561717,1.0
0.0004720795877540602,0.9997639787777176,1.0
0.00048156669451359475,0.9997592359782832,1.0
0.0004912444580966857,0.9997543978810447,1.0
0.0005011167100217593,0.9997494625714856,1.0
0.0005111873588070235,0.9997444280966394,1.0
0.0005214603915178834,0.9997392924643194,1.0
0.0005319398753454629,0.9997340536423297,1.0
0.0005426299592168403,0.9997287095576641,1.0
0.0005535348754376493,0.999723258095686,1.0
0.0005646589413676901,0.9997176970992927,1.0
0.0005760065611302123,0.9997120243680646,1.0
0.0005875822273555477,0.999706237657395,1.0
0.0005993905229597867,0.9997003346776032,1.0
0.0006114361229591993,0.9996943130930313,1.0
0.0006237237963211159,0.9996881705211205,1.0
0.0006362584078520075,0.9996819045314705,1.0
0.0006490449201235108,0.9996755126448804,1.0
0.0006620883954371555,0.9996689923323682,1.0
0.0006753939978285766,0.9996623410141732,1.0
0.0006889669951120065,0.999655556058737,1.0
0.0007028127609658542,0.9996486347816648,1.0
0.0007169367770601911,0.9996415744446647,1.0
0.000731344635227002,0.9996343722544674,1.0
0.0007460420396740379,0.9996270253617229,1.0
0.0007610348092431729,0.9996195308598764,1.0
0.000776328879714133,0.9996118857840199,1.0
0.0007919303061545298,0.999604087109723,1.0
0.0008078452653171222,0.9995961317518386,1.0
0.0008240800580852451,0.9995880165632852,1.0
0.0008406411119673959,0.9995797383338055,1.0
0.0008575349836419396,0.999571293788699,1.0
0.0008747683615529658,0.9995626795875299,1.0
0.0008923480685583025,0.9995538923228096,1.0
0.0009102810646307519,0.9995449285186516,1.0
0.0009285744496136116,0.9995357846294012,1.0
0.0009472354660315685,0.9995264570382354,1.0
0.0009662715019580809,0.9995169420557377,1.0
0.0009856900939403885,0.9995072359184419,1.0
0.0010054989299833068,0.9994973347873485,1.0
0.0010257058525929739,0.9994872347464099,1.0
0.0010463188618817774,0.9994769318009874,1.0
0.0010673461187356759,0.9994664218762751,1.0
0.0010887959480451695,0.9994557008156936,1.0
0.001110676842001201,0.9994447643792511,1.0
0.0011329974634572968,0.9994336082418734,1.0
0.0011557666493592746,0.9994222279916969,1.0
0.001178993414243874,0.9994106191283314,1.0
0.0012026869538076877,0.9993987770610857,1.0
0.0012268566485478408,0.9993866971071592,1.0
0.0012515120674758088,0.9993743744897966,1.0
0.0012766629719058792,0.9993618043364054,1.0
0.0013023193193197513,0.9993489816766369,1.0
0.0013284912673088,0.9993359014404285,1.0
0.0013551891775955604,0.9993225584560064,1.0
0.0013824236201360278,0.999308947447849,1.0
0.001410205377304409,0.9992950630346095,1.0
0.0014385454481619679,0.9992808997269969,1.0
0.001467455052811652,0.9992664519256154,1.0
0.0014969456368402407,0.9992517139187596,1.0
0.0015270288758497644,0.9992366798801665,1.0
0.0015577166800799843,0.9992213438667231,1.0
0.0015890211991237654,0.999205699816127,1.0
0.0016209548267372188,0.999189741544501,1.0
0.0016535302057465126,0.9991734627439615,1.0
0.0016867602330532762,0.9991568569801358,1.0
0.0017206580647406114,0.9991399176896322,1.0
0.0017552371212817147,0.9991226381774587,1.0
0.0017905110928531647,0.9991050116143902,1.0
0.0018264939447549915,0.9990870310342846,1.0
0.001863199922939673,0.9990686893313429,1.0
0.0019006435596522482,0.9990499792573175,1.0
0.0019388396791837656,0.9990308934186636,1.0
0.001977803403740358,0.999011424273634,1.0
0.002017550159430272,0.9989915641293156,1.0
0.002058095682371212,0.9989713051386092,1.0
0.002099456024920414,0.9989506392971462,1.0
0.0021416475620299243,0.9989295584401459,1.0
0.00218468699772961,0.99890805423921,1.0
0.0022285913717404317,0.998886118199054,1.0
0.0022733780662206322,0.9988637416541719,1.0
0.002319064812647499,0.9988409157654364,1.0
0.0023656696988374306,0.9988176315166315,1.0
0.0024132111761070644,0.9987938797109145,1.0
0.0024617080665783318,0.9987696509672103,1.0
0.0025111795706303204,0.9987449357165326,1.0
0.002561645274500882,0.9987197241982325,1.0
0.002613125158041005,0.9986940064561723,1.0
0.0026656396026250315,0.998667772334825,1.0
0.002719209399219842,0.9986410114752939,1.0
0.002773855756616194,0.9986137133112561,1.0
0.0028296003098254663,0.9985858670648243,1.0
0.002886465128645194,0.998557461742326,1.0
0.0029444727263966946,0.9985284861300003,1.0
0.003003646068838304,0.99849892878961,1.0
0.0030640085832577386,0.9984687780539653,1.0
0.003125584167747192,0.9984380220223597,1.0
0.003188397200664807,0.9984066485559164,1.0
0.0032524725502862963,0.9983746452728424,1.0
0.0033178355846505293,0.998341999543587,1.0
0.0033845121816029958,0.9983086984859085,1.0
0.003452528739041066,0.9982747289598399,1.0
0.00352191218536518,0.9982400775625572,1.0
0.0035926899901400655,0.9982047306231456,1.0
0.003664890174970189,0.9981686741972638,1.0
0.003738541324593771,0.9981318940617014,1.0
0.0038136725981997603,0.9980943757088302,1.0
0.0038903137409722443,0.9980561043409459,1.0
0.00396849509586683,0.9980170648644993,1.0
0.004048247615623716,0.9979772418842117,1.0
0.004129602875022184,0.9979366196970771,1.0
0.004212593083381348,0.9978951822862459,1.0
0.004297251097312124,0.9978529133147864,1.0
0.004383610433725471,0.9978097961193272,1.0
0.004471705283102075,0.9977658137035719,1.0
0.004561570523028669,0.9977209487316874,1.0
0.0046532417320063945,0.9976751835215637,1.0
0.004746755203536675,0.99762850003794,1.0
0.004842147960490174,0.9975808798853973,1.0
0.004939457769764469,0.9975323043012126,1.0
0.00503872315723634,0.9974827541480744,1.0
0.0051399834230145425,0.9974322099066557,1.0
0.005243278656999079,0.9973806516680404,1.0
0.005348649754753165,0.9973280591260034,1.0
0.005456138433694178,0.9972744115691393,1.0
0.005565787249609993,0.9972196878728379,1.0
0.005677639613507196,0.9971638664911016,1.0
0.005791739808797926,0.997106925448206,1.0
0.005908133008832107,0.9970488423301959,1.0
0.006026865294782001,0.9969895942762167,1.0
0.006147983673886165,0.9969291579696772,1.0
0.006271536098060073,0.9968675096292404,1.0
0.006397571482880753,0.9968046249996395,1.0
0.006526139726952915,0.9967404793423155,1.0
0.006657291731664242,0.9966750474258732,1.0
0.006791079421337809,0.9966083035163525,1.0
0.006927555763789366,0.9965402213673116,1.0
0.0070667747912977995,0.9964707742097165,1.0
0.007208791621997028,0.9963999347416381,1.0
0.007353662481697815,0.9963276751177474,1.0
0.007501444726148087,0.9962539669386096,1.0
0.007652196863740603,0.9961787812397709,1.0
0.007805978578676992,0.9961020884806356,1.0
0.007962850754597323,0.9960238585331291,1.0
0.008122875498684469,0.9959440606701417,1.0
0.008286116166252952,0.9958626635537529,1.0
0.00845263738583193,0.9957796352232255,1.0
0.008622505084752227,0.9956949430827747,1.0
0.008795786515247575,0.9956085538890982,1.0
0.008972550281080427,0.9955204337386702,1.0
0.009152866364702864,0.9954305480547919,1.0
0.009336806154963254,0.9953388615743946,1.0
0.00952444247536981,0.9952453383345913,1.0
0.00971584961292212,0.995149941658971,1.0
0.009911103347522057,0.9950526341436345,1.0
0.010110280981975748,0.9949533776429615,1.0
0.010313461372598497,0.9948521332551106,1.0
0.010520724960434784,0.9947488613072414,1.0
0.010732153803105575,0.9946435213404596,1.0
0.01094783160729578,0.9945360720944756,1.0
0.011167843761894449,0.9944264714919724,1.0
0.011392277371801126,0.9943146766226816,1.0
0.011621221292411435,0.994200643727156,1.0
0.011854766164795794,0.9940843281802398,1.0
0.012093004451585126,0.9939656844742265,1.0
0.012336030473577597,0.9938446662017011,1.0
0.012583940447081216,0.9937212260380623,1.0
0.012836832522006686,0.9935953157237163,1.0
0.013094806820725984,0.9934668860459386,1.0
0.013357965477711656,0.9933358868203986,1.0
0.013626412679972933,0.9932022668723398,1.0
0.013900254708304253,0.9930659740174099,1.0
0.014179599979362885,0.9929269550421368,1.0
0.014464559088592153,0.992785155684042,1.0
0.014755244854007116,0.9926405206113875,1.0
0.015051772360860418,0.9924929934025489,1.0
0.015354259007205499,0.9923425165250088,1.0
0.01566282455037573,0.9921890313139651,1.0
0.015977591154397355,0.9920324779505466,1.0
0.0162986834383555,0.9918727954396298,1.0
0.016626228525731954,0.9917099215872529,1.0
0.016960356094734605,0.9915437929776153,1.0
0.01730119842963832,0.9913743449496634,1.0
0.017648890473157437,0.9912015115732475,1.0
0.018003569879870982,0.9910252256248516,1.0
0.01836537707072131,0.9908454185628829,1.0
0.018734455288608207,0.990662020502518,1.0
0.019110950655099986,0.990474960190097,1.0
0.01949501222828454,0.9902841649770604,1.0
0.019886792061782725,0.9900895607934198,1.0
0.02028644526494788,0.9898910721207564,1.0
0.020694130064275174,0.989688621964742,1.0
0.021110007866044805,0.9894821318271723,1.0
0.021534243320224467,0.9892715216775062,1.0
0.021967004385655655,0.9890567099239078,1.0
0.022408462396550338,0.9888376133837774,1.0
0.022858792130323626,0.9886141472537704,1.0
0.023318171876789976,0.9883862250792915,1.0
0.02378678350874968,0.9881537587234636,1.0
0.02426481255399408,0.9879166583355563,1.0
0.024752448268757873,0.9876748323188739,1.0
0.02524988371264727,0.98742818729809,1.0
0.02575731582507431,0.9871766280860267,1.0
0.02627494550322687,0.9869200576498659,1.0
0.02680297768160596,0.9866583770767898,1.0
0.02734162141316104,0.9863914855390413,1.0
0.027891089952056164,0.9861192802583963,1.0
0.028451600838099396,0.9858416564700444,1.0
0.0290233759828687,0.9855585073858664,1.0
0.029606641757569066,0.9852697241571046,1.0
0.030201629082654773,0.9849751958364176,1.0
0.03080857351925324,0.9846748093393143,1.0
0.03142771536242566,0.9843684494049583,1.0
0.032059299736302345,0.9840559985563359,1.0
0.03270357669112948,0.9837373370597843,1.0
0.033360801302266464,0.98341234288387,1.0
0.03403123377117279,0.9830808916576124,1.0
0.03471513952842403,0.982742856628046,1.0
0.03541278933879858,0.9823981086171167,1.0
0.03612445940847572,0.9820465159779042,1.0
0.03685043149438859,0.9816879445501655,1.0
0.03759099301577407,0.981322257615195,1.0
0.03834643716796516,0.9809493158499942,1.0
0.03911706303846947,0.9805689772807488,1.0
0.03990317572538094,0.9801810972356032,1.0
0.04070508645817119,0.9797855282967356,1.0
0.041523112720907925,0.9793821202517207,1.0
0.04235757837795025,0.9789707200441833,1.0
0.04320881380216927,0.9785511717237368,1.0
0.0440771560057462,0.9781233163952002,1.0
0.04496294877359836,0.977686992167097,1.0
0.045866542799487195,0.9772420340994278,1.0
0.046788295824860986,0.9767882741507184,1.0
0.047728572780488206,0.9763255411243411,1.0
0.048687745930937214,0.9758536606141052,1.0
0.04966619502195899,0.9753724549491225,1.0
0.05066430743083249,0.9748817431379411,1.0
0.051682478319730565,0.974381340811953,1.0
0.05272111079216883,0.9738710601680743,1.0
0.05378061605259784,0.9733507099107016,1.0
0.054861413569202905,0.9728200951929459,1.0
0.0559639312399758,0.9722790175571482,1.0
0.057088605562123154,0.9717272748746816,1.0
0.05823588180488036,0.9711646612850441,1.0
0.05940621418579738,0.9705909671342473,1.0
0.06060006605056829,0.9700059789125107,1.0
0.06181791005647371,0.9694094791912672,1.0
0.06306022835951086,0.9688012465594877,1.0
0.0643275128052832,0.9681810555593396,1.0
0.06562026512372698,0.9675486766211837,1.0
0.06693899712775112,0.9669038759979278,1.0
0.0682842309158682,0.9662464156987477,1.0
0.06965649907889897,0.9655760534221904,1.0
0.07105634491082935,0.9648925424886775,1.0
0.07248432262390637,0.9641956317724258,1.0
0.0739409975680554,0.9634850656328036,1.0
0.07542694645470821,0.9627605838451461,1.0
0.07694275758512792,0.9620219215310507,1.0
0.07848903108332328,0.9612688090881781,1.0
0.08006637913364374,0.9605009721195841,1.0
0.08167542622314844,0.9597181313626123,1.0
0.08331680938884722,0.9589200026173778,1.0
0.084991178469909,0.9581062966748739,1.0
0.08669919636493985,0.9572767192447376,1.0
0.08844153929443026,0.9564309708827108,1.0
0.09021889706847788,0.9555687469178379,1.0
0.09203197335988927,0.9546897373794415,1.0
0.09388148598277095,0.9537936269239221,1.0
0.09576816717671902,0.9528800947614293,1.0
0.09769276389671916,0.9519488145824575,1.0
0.09965603810887398,0.9509994544844175,1.0
0.10165876709207179,0.9500316768982442,1.0
0.10370174374571954,0.9490451385151002,1.0
0.10578577690365844,0.9480394902132416,1.0
0.10791169165438932,0.9470143769851115,1.0
0.11008032966773332,0.945969437864736,1.0
0.11229254952805615,0.9449043058554997,1.0
0.1145492270741907,0.9438186078583781,1.0
0.11685125574618906,0.9427119646007168,1.0
0.1191995469390448,0.9415839905656433,1.0
0.12159503036352198,0.9404342939222087,1.0
0.12403865441423739,0.9392624764563583,1.0
0.12653138654513818,0.9380681335028371,1.0
0.12907421365252636,0.9368508538781392,1.0
0.13166814246578085,0.9356102198146197,1.0
0.13431419994593022,0.9343458068958911,1.0
0.13701343369223748,0.9330571839936309,1.0
0.13976691235695335,0.9317439132059404,1.0
0.142575726068407,0.9304055497973905,1.0
0.1454409868625971,0.9290416421409109,1.0
0.1483638291234585,0.9276517316616721,1.0
0.1513454100319746,0.9262353527831317,1.0
0.1543869100243168,0.9247920328754106,1.0
0.15748953325919066,0.9233212922061841,1.0
0.16065450809457288,0.921822643894277,1.0
0.16388308757403097,0.9202955938661577,1.0
0.16717654992281394,0.9187396408155422,1.0
0.170536199053915,0.9171542761663247,1.0
0.17396336508430182,0.9155389840390609,1.0
0.17745940486152378,0.9138932412212417,1.0
0.18102570250089964,0.9122165171416101,1.0
0.18466366993350233,0.9105082738487751,1.0
0.18837474746515656,0.9087679659943989,1.0
0.19216040434666812,0.9069950408212409,1.0
0.19602213935551585,0.9051889381563524,1.0
0.19996148138923026,0.9033490904097343,1.0
0.20397999007070014,0.9014749225787807,1.0
0.20807925636564042,0.8995658522588428,1.0
0.21226090321247237,0.8976212896602688,1.0
0.2165265861648587,0.8956406376322834,1.0
0.22087799404715366,0.8936232916940898,1.0
0.2253168496230253,0.8915686400735939,1.0
0.2298449102775124,0.8894760637541634,1.0
0.23446396871279157,0.8873449365298546,1.0
0.23917585365792346,0.885174625069558,1.0
0.24398243059286556,0.8829644889905279,1.0
0.24888560248703195,0.8807138809417856,1.0
0.25388731055269753,0.8784221466978991,1.0
0.2589895350135431,0.8760886252636689,1.0
0.2641942958886432,0.873712648990265,1.0
0.26950365379221247,0.8712935437033804,1.0
0.2749197107494207,0.8688306288439972,1.0
0.2804446110286063,0.8663232176223686,1.0
0.28608054199021066,0.8637706171858599,1.0
0.2918297349527768,0.8611721288012999,1.0
0.2976944660763478,0.8585270480525302,1.0
0.30367705726362093,0.8558346650538559,1.0
0.3097798770792117,0.8530942646801295,1.0
0.3160053416873893,0.8503051268142306,1.0
0.32235591580866113,0.8474665266127167,1.0
0.32883411369557664,0.8445777347904648,1.0
0.33544250012814636,0.8416380179251329,1.0
0.3421836914292598,0.8386466387823132,1.0
0.34906035650051565,0.8356028566622637,1.0
0.35607521787886226,0.8325059277691453,1.0
0.3632310528144774,0.8293551056037081,1.0
0.3705306943703087,0.8261496413804069,1.0
0.37797703254370785,0.8228887844699558,1.0
0.38557301541061073,0.8195717828683503,1.0
0.3933216502927057,0.8161978836934289,1.0
0.40122600494806393,0.8127663337100601,1.0
0.40928920878569075,0.8092763798850819,1.0
0.4175144541044915,0.8057272699731383,1.0
0.4259049973571303,0.8021182531345926,1.0
0.43446416043929137,0.7984485805867214,1.0
0.4431953320048509,0.794717506289414,1.0
0.45210196880747383,0.7909242876666414,1.0
0.46118759706917917,0.7870681863649641,1.0
0.47045581387640095,0.7831484690503879,1.0
0.4799102886041127,0.7791644082448835,1.0
0.48955476436856465,0.7751152832039188,1.0
0.49939305950922,0.7710003808363554,1.0
0.5094290691004737,0.7668189966680873,1.0
0.5196667664937453,0.762570435850806,1.0
0.5301102048905713,0.7582540142172828,1.0
0.5407635189473012,0.7538690593845729,1.0
0.5516309264120519,0.7494149119065343,1.0
0.5627167297945496,0.7448909264770673,1.0
0.5740253180695388,0.7402964731854557,1.0
0.5855611684144152,0.7356309388251945,1.0
0.5973288479817841,0.7308937282576553,1.0
0.6093330157076413,0.7260842658319249,1.0
0.6215784241558862,0.721201996862118,1.0
0.6340699213999115,0.7162463891634206,1.0
0.6468124529419966,0.7112169346480799,1.0
0.659811063671284,0.7061131509824893,1.0
0.6730708998610931,0.7009345833064604,1.0
0.6865972112063852,0.6956808060156834,1.0
0.700395352902161,0.6903514246082989,1.0
0.714470787763637,0.684946077596391,1.0
0.7288290883890265,0.6794644384830997,1.0
0.7434759393657799,0.6739062178059237,1.0
0.7584171395211728,0.6682711652466242,1.0
0.7736586042181101,0.6625590718079932,1.0
0.7892063676970806,0.6567697720575494,1.0
0.8050665854651646,0.6509031464380421,1.0
0.8212455367330627,0.6449591236443994,1.0
0.8377496269010901,0.6389376830665346,1.0
0.8545853900951376,0.6328388572971351,1.0
0.8717594917535961,0.6266627347032816,1.0
0.889278731266262,0.6204094620604194,1.0
0.907150044666286,0.614079247246849,1.0
0.9253805073762077,0.6076723619965468,1.0
0.94397733700919,0.6011891447076919,1.0
0.9629478962265341,0.5946300033038651,1.0
0.9822996956526294,0.5879954181443886,1.0
1.0020403968484832,0.5812859449797828,1.0
1.022177815345005,0.5745022179477677,1.0
1.0427199237372407,0.5676449526046579,1.0
1.0636748548408126,0.5607149489863696,1.0
1.085050904911769,0.5537130946926228,1.0
1.1068565369311552,0.546640367987195,1.0
1.1291003839555793,0.5394978409063697,1.0
1.1517912525351346,0.532286682366916,1.0
1.1749381261999894,0.5250081612641435,1.0
1.198550169017045,0.5176636495496937,1.0
1.2226367292180904,0.5102546252778288,1.0
1.2472073429008474,0.5027826756080592,1.0
1.2722717378044062,0.49524949975094684,1.0
1.2978398371605198,0.4876569118429343,1.0
1.3239217636223208,0.4800068437349835,1.0
1.350527843271969,0.4723013476787641,1.0
1.3776686097088353,0.46454259889301697,1.0
1.405354808219872,0.4567328979916023,1.0
1.4335974000337615,0.4488746732536431,1.0
1.462407566660577,0.440970482715014,1.0
1.4917967143186366,0.4330230160593207,1.0
1.5217764784503514,0.42503509628538305,1.0
1.5523587283287943,0.41700968112716724,1.0
1.5835555717568661,0.40894986420103285,1.0
1.615379359860875,0.4008588758541767,1.0
1.6478426919804852,0.3927400836871861,1.0
1.6809584206569046,0.3845969927227862,1.0
1.7147396567213173,0.37643324519207144,1.0
1.7491997744856083,0.36825261990886776,1.0
1.7843524170373641,0.36005903120238353,1.0
1.82021150164131,0.35185652737792583,1.0
1.8567912252492713,0.3436492886753178,1.0
1.8941060701209034,0.3354416246946682,1.0
1.9321708095573455,0.32723797125945164,1.0
1.9710005137500983,0.3190428866873696,1.0
2.0106105557474794,0.31086104744028936,1.0
2.051016617540943,0.3026972431257261,1.0
2.0922346962737386,0.29455637082378977,1.0
2.134281110574312,0.28644342871540796,1.0
2.1771725070170347,0.27836350898987033,1.0
2.22092586671272,0.2703217900124633,1.0
2.2655585120316157,0.26232352773606915,1.0
2.3110881134614782,0.2543740463442365,1.0
2.3575326966035117,0.24647872811730834,1.0
2.4049106493088623,0.23864300251782047,1.0
2.4532407289585274,0.2308723344964761,1.0
2.50254206988961,0.22317221202563117,1.0
2.552834190970766,0.21554813287338676,1.0
2.6041370033299174,0.2080055906379978,1.0
2.6564708182372385,0.2005500600694468,1.0
2.709856355146609,0.19318698171258322,1.0
2.7643147498986296,0.18592174591423083,1.0
2.819867563088483,0.17875967624499,1.0
2.876536788602013,0.1717060123950914,1.0
2.934344862323288,0.1647658926125418,1.0
2.9933146710171954,0.1579443357607638,1.0
3.053469561390502,0.15124622308197735,1.0
3.1148333493350733,0.14467627976149627,1.0
3.177430329356795,0.13823905639687495,1.0
3.2412852841939768,0.13193891048421993,1.0
3.306423494629114,0.1257799880418901,1.0
3.3728707494977606,0.11976620549909485,1.0
3.4406533558985912,0.11390123198333604,1.0
3.5097981496086006,0.10818847214614888,1.0
3.5803325057076845,0.1026310496709291,1.0
3.652284349416666,0.0972317916097025,1.0
3.725682167153171,0.09199321369725154,1.0
3.8005550178096374,0.08691750679099587,1.0
3.8769325442580573,0.08200652458321703,1.0
3.9548449850858436,0.07726177272857343,1.0
4.034323186567552,0.07268439952419761,1.0
4.115398614877263,0.06827518827198732,1.0
4.1981033685463025,0.06403455144294666,1.0
4.282470191171376,0.059962526751553946,1.0
4.368532484378031,0.05605877523422246,1.0
4.456324321044735,0.052322581409992935,1.0
4.545880458792618,0.04875285558381903,1.0
4.637236353746321,0.04534813833328418,1.0
4.730428174571468,0.04210660719856245,1.0
4.8254928167941475,0.03902608557314637,1.0
4.922467917408216,0.036104053769566796,1.0
5.021391869776106,0.033337662210391875,1.0
5.122303838829177,0.03072374667052915,1.0
5.2252437765734525,0.0282588454726868,1.0
5.330252437907009,0.02593921851414009,1.0
5.437371396755189,0.023760867980150074,1.0
5.546643062530178,0.021719560577879094,1.0
5.658110696921257,0.01981085110488141,1.0
5.771818431022486,0.01803010714858133,1.0
5.887811282804688,0.016372534697977073,1.0
6.0061351749384455,0.014833204436453832,1.0
6.1268369529753475,0.013407078475323065,1.0
6.249964403894535,0.012089037281785026,1.0
6.375566275022098,0.010873906552583449,1.0
6.503692293330562,0.009756483785810382,1.0
6.6343931851262345,0.008731564308134319,1.0
6.767720696132305,0.007793966523138751,1.0
6.9037276119754205,0.006938556158347449,1.0
7.042467779084035,0.006160269303676207,1.0
7.183996126006672,0.005454134052237107,1.0
7.328368685158742,0.004815290575290687,1.0
7.475642615006263,0.004239009486315844,1.0
7.625876222695395,0.0037207083742011385,1.0
7.7791289871368825,0.0032559664119869384,1.0
7.935461582554259,0.002840536974900927,1.0
8.094935902505382,0.0024703582291081003,1.0
8.25761508438661,0.0021415616801268135,1.0
8.423563534429597,0.0018504786967288099,1.0
8.592846953200267,0.001593645051861264,1.0
8.765532361610322,0.0013678035462443964,1.0
8.94168812745139,0.0011699048024064942,1.0
9.121383992462585,0.000997106336661405,1.0
9.304691099941872,0.0008467700336237114,1.0
9.491682022912318,0.0007164581620670911,1.0
9.682430792854554,0.0006039280821123108,1.0
9.877012929016457,0.0005071258018039076,1.0
10.07550546831199,0.0004241785460924442,1.0
10.277986995820754,0.0003533865031497006,1.0
10.484537675900697,0.0002932139119375273,1.0
10.695239283925872,0.00024227965122093363,1.0
10.910175238662033,0.00019934748400610202,1.0
11.129430635293037,0.0001633161029842669,1.0
11.353092279110745,0.00013320911229542862,1.0
11.581248719882117,0.00010816506913822393,1.0
11.813990286906796,8.742769580455994e-05,1.0
12.05140912477949,7.033635897207201e-05,1.0
12.29359922987081,5.6316898900104986e-05,1.0
12.540656487541264,4.487287688443204e-05,1.0
12.792678710103312,3.557729524710152e-05,1.0
13.049765675546103,2.8064830553378278e-05,1.0
13.312019167038573,2.2024607903470134e-05,1.0
13.579543013226262,1.7193532247513027e-05,1.0
13.852443129338223,1.3350181879348128e-05,1.0
14.13082755911975,1.0309259695165616e-05,1.0
14.41480651760799,7.916589530578612e-06,1.0
14.704492434767,6.044637946221053e-06,1.0
15.0,4.588536211171261e-06,1.0
