kernel,nodes,lower,upper,center,mean_count,mean_wedges,pooled_phi,run_q10,run_q90,reference_phi
uniform,2000,2.0,2.82842712474619,2.378414230005442,502.75,502.75,1.265735146022155,1.23313192346425,1.292296072507553,1.255772257584714
uniform,2000,2.82842712474619,3.999999999999999,3.363585661014857,258.5,775.5,1.952416918429004,1.8504531722054387,2.058157099697886,1.883750486436154
uniform,2000,3.999999999999999,5.656854249492379,4.756828460010883,185.125,1356.75,3.4157854984894254,3.231621349446122,3.6631419939577032,3.455235845697516
uniform,2000,5.656854249492379,7.999999999999999,6.727171322029715,43.375,739.125,1.8608383685800598,1.5098187311178244,2.123111782477341,2.0072368389957265
uniform,2000,7.999999999999999,11.31370849898476,9.513656920021766,15.0,507.75,1.2783232628398788,1.1153071500503522,1.5254279959718022,1.2512307343547742
uniform,2000,11.31370849898476,15.999999999999993,13.454342644059432,1.25,90.125,0.2269008056394766,0.16616314199395787,0.34138972809667706,0.13973604350863209
uniform,2000,15.999999999999993,22.62741699796951,19.027313840043526,0.0,0.0,0.0,0.0,0.0,0.007033728370511579
uniform,2000,22.62741699796951,31.99999999999999,26.908685288118853,0.0,0.0,0.0,0.0,0.0,4.065043577176781e-06
uniform,2000,31.99999999999999,45.25483399593903,38.05462768008706,0.0,0.0,0.0,0.0,0.0,8.395996422103417e-12
uniform,2000,45.25483399593903,64.0,53.81737057623771,0.0,0.0,0.0,0.0,0.0,3.208234606720897e-23
uniform,10000,2.0,2.82842712474619,2.378414230005442,2500.125,2500.125,1.2532583086871523,1.239109729811018,1.2688355306030377,1.2513503593722302
uniform,10000,2.82842712474619,3.999999999999999,3.363585661014857,1256.25,3768.75,1.8891924407238465,1.8361822647751773,1.9328788410446645,1.8770311386836154
uniform,10000,3.999999999999999,5.656854249492379,4.756828460010883,939.0,6883.5,3.450548899694219,3.338713719985963,3.5932628201914874,3.44137895025807
uniform,10000,5.656854249492379,7.999999999999999,6.727171322029715,233.875,3982.875,1.9965286480525333,1.8898691663742537,2.0775477467542225,1.9952266745791059
uniform,10000,7.999999999999999,11.31370849898476,9.513656920021766,70.625,2410.625,1.2083939044563634,1.1519875682991625,1.301468745300516,1.2555114074548102
uniform,10000,11.31370849898476,15.999999999999993,13.454342644059432,4.875,358.125,0.17952027670559945,0.14406737179808526,0.2348989924306985,0.16549965417853982
uniform,10000,15.999999999999993,22.62741699796951,19.027313840043526,0.375,45.0,0.022557521680284718,0.0,0.06015339114742591,0.013968764174244216
uniform,10000,22.62741699796951,31.99999999999999,26.908685288118853,0.0,0.0,0.0,0.0,0.0,3.305064715472858e-05
uniform,10000,31.99999999999999,45.25483399593903,38.05462768008706,0.0,0.0,0.0,0.0,0.0,6.522265004152302e-10
uniform,10000,45.25483399593903,64.0,53.81737057623771,0.0,0.0,0.0,0.0,0.0,1.2784809641386223e-19
uniform,50000,2.0,2.82842712474619,2.378414230005442,12474.625,12474.625,1.2486080979298506,1.2366946673573003,1.270355551218243,1.250310023260158
uniform,50000,2.82842712474619,3.999999999999999,3.363585661014857,6217.875,18653.625,1.867075541809611,1.847985526720767,1.8884926920449518,1.8754653513308792
uniform,50000,3.999999999999999,5.656854249492379,4.756828460010883,4732.75,34646.5,3.467831735617428,3.4332700252481643,3.5059567152862745,3.4383652962351823
uniform,50000,5.656854249492379,7.999999999999999,6.727171322029715,1167.875,19822.125,1.984032850140003,1.9357860837318235,2.0137676318021778,1.9927820987700708
uniform,50000,7.999999999999999,11.31370849898476,9.513656920021766,365.5,12468.625,1.2480075469243026,1.2040447110223627,1.2994822749873005,1.2533814994590011
uniform,50000,11.31370849898476,15.999999999999993,13.454342644059432,22.0,1656.625,0.1658146349275462,0.12655611523572893,0.20567871021662396,0.1713004333695218
uniform,50000,15.999999999999993,22.62741699796951,19.027313840043526,1.375,186.125,0.018629592651257524,0.0,0.041618184684447966,0.01828890745961724
uniform,50000,22.62741699796951,31.99999999999999,26.908685288118853,0.0,0.0,0.0,0.0,0.0,0.00010637928753007574
uniform,50000,31.99999999999999,45.25483399593903,38.05462768008706,0.0,0.0,0.0,0.0,0.0,1.0828038973145605e-08
uniform,50000,45.25483399593903,64.0,53.81737057623771,0.0,0.0,0.0,0.0,0.0,3.9224094505918e-17
sublinear,2000,2.0,2.82842712474619,2.378414230005442,414.5,414.5,0.7845735241925944,0.7446350408139123,0.8307583106589377,0.7852915203485615
sublinear,2000,2.82842712474619,3.999999999999999,3.363585661014857,189.125,567.375,1.073938246776293,0.9738554359399034,1.1947474269490128,1.0890432925948912
sublinear,2000,3.999999999999999,5.656854249492379,4.756828460010883,157.375,1169.75,2.2141251626641423,2.0385661895185136,2.495114160653022,2.194493226073478
sublinear,2000,5.656854249492379,7.999999999999999,6.727171322029715,56.625,988.125,1.870341890453093,1.6433455577901332,2.179391931858511,1.7550172858933026
sublinear,2000,7.999999999999999,11.31370849898476,9.513656920021766,29.0,1040.5,1.9694782917307463,1.6459955045545958,2.26949012185023,2.1579032686313893
sublinear,2000,11.31370849898476,15.999999999999993,13.454342644059432,6.875,542.75,1.0273275760085188,0.6872826215544785,1.4302141251626657,1.035113524313536
sublinear,2000,15.999999999999993,22.62741699796951,19.027313840043526,2.625,393.0,0.7438779131669228,0.5192002839228675,1.0069797704956818,0.6883539022444812
sublinear,2000,22.62741699796951,31.99999999999999,26.908685288118853,0.625,167.125,0.3163373950076895,0.0,0.6634331006743166,0.2254734054606604
sublinear,2000,31.99999999999999,45.25483399593903,38.05462768008706,0.0,0.0,0.0,0.0,0.0,0.060965307768538
sublinear,2000,45.25483399593903,64.0,53.81737057623771,0.0,0.0,0.0,0.0,0.0,0.008345266671161235
sublinear,10000,2.0,2.82842712474619,2.378414230005442,2076.625,2076.625,0.7820900300351195,0.7675809018068149,0.7930401378414259,0.7852915203485616
sublinear,10000,2.82842712474619,3.999999999999999,3.363585661014857,950.0,2850.0,1.0733553653645174,1.0487246843487843,1.1040872242465332,1.0890432925948916
sublinear,10000,3.999999999999999,5.656854249492379,4.756828460010883,776.875,5765.75,2.171473227315952,2.1000856801212695,2.2515606022088517,2.1944932260734786
sublinear,10000,5.656854249492379,7.999999999999999,6.727171322029715,277.625,4795.125,1.8059204022257995,1.6926249187921922,1.8880885800638358,1.7550172858933026
sublinear,10000,7.999999999999999,11.31370849898476,9.513656920021766,154.125,5659.625,2.131504863053036,1.9893982619175394,2.3410822058394287,2.1579032686313893
sublinear,10000,11.31370849898476,15.999999999999993,13.454342644059432,36.125,2844.875,1.0714252087864504,0.8678360590910383,1.3117155796589757,1.035113524313536
sublinear,10000,15.999999999999993,22.62741699796951,19.027313840043526,11.0,1739.875,0.655264619759154,0.5681627733996176,0.812172226459151,0.6883539022444815
sublinear,10000,22.62741699796951,31.99999999999999,26.908685288118853,2.375,741.625,0.27930777994331923,0.09528382717095535,0.4784905234019714,0.22547340546066044
sublinear,10000,31.99999999999999,45.25483399593903,38.05462768008706,0.125,78.75,0.029658503516651124,0.0,0.07118040843996265,0.060965307768538
sublinear,10000,45.25483399593903,64.0,53.81737057623771,0.0,0.0,0.0,0.0,0.0,0.008345266671161236
sublinear,50000,2.0,2.82842712474619,2.378414230005442,10369.25,10369.25,0.7800959579906374,0.7735319950873721,0.7862085308948242,0.7852915203485616
sublinear,50000,2.82842712474619,3.999999999999999,3.363585661014857,4795.125,14385.375,1.0822357346654357,1.0699071453156066,1.0960877652621546,1.0890432925948916
sublinear,50000,3.999999999999999,5.656854249492379,4.756828460010883,3905.5,29047.0,2.185254217205105,2.1571627129291255,2.2229904211280607,2.194493226073479
sublinear,50000,5.656854249492379,7.999999999999999,6.727171322029715,1348.5,23275.5,1.7510546539249294,1.7014017540263042,1.7973446983304204,1.7550172858933026
sublinear,50000,7.999999999999999,11.31370849898476,9.513656920021766,776.875,28399.875,2.1365699250128354,2.0780641387572847,2.1994579558427727,2.1579032686313893
sublinear,50000,11.31370849898476,15.999999999999993,13.454342644059432,174.75,13974.625,1.0513343276451934,0.98495554748905,1.118762589549194,1.035113524313536
sublinear,50000,15.999999999999993,22.62741699796951,19.027313840043526,61.125,9392.25,0.706594619807369,0.5887479757979727,0.8108694711778079,0.6883539022444813
sublinear,50000,22.62741699796951,31.99999999999999,26.908685288118853,10.375,3218.75,0.24215192658893972,0.19516598926820272,0.29210199157029165,0.22547340546066044
sublinear,50000,31.99999999999999,45.25483399593903,38.05462768008706,1.25,725.0,0.05454295822197478,0.0,0.11662412942855901,0.060965307768538014
sublinear,50000,45.25483399593903,64.0,53.81737057623771,0.125,135.125,0.010165678937578403,0.0,0.02439762945018815,0.008345266671161236
linear,2000,2.0,2.82842712474619,2.378414230005442,326.625,326.625,0.32250499864234405,0.30214015946286193,0.33956209424600725,0.3424443272486521
linear,2000,2.82842712474619,3.999999999999999,3.363585661014857,127.375,382.125,0.37730492952531425,0.3504233418083979,0.4075929994322531,0.41096430989158106
linear,2000,3.999999999999999,5.656854249492379,4.756828460010883,105.5,783.0,0.7731233492137936,0.7087457727530793,0.8244674285996394,0.8025339467186295
linear,2000,5.656854249492379,7.999999999999999,6.727171322029715,36.875,643.125,0.6350127125965785,0.5201550196242993,0.7334304263039666,0.7099333775841979
linear,2000,7.999999999999999,11.31370849898476,9.513656920021766,32.5,1254.875,1.2390461849867933,1.073387475006788,1.3772061909111102,1.164824013560005
linear,2000,11.31370849898476,15.999999999999993,13.454342644059432,12.375,996.0,0.9834365974673555,0.6168201229295752,1.4601466268420937,0.9229868729355407
linear,2000,15.999999999999993,22.62741699796951,19.027313840043526,7.375,1192.125,1.177087704574066,0.8203204068030903,1.4714028288612966,1.261274739192468
linear,2000,22.62741699796951,31.99999999999999,26.908685288118853,4.875,1794.375,1.7717410086149434,1.2042161388264911,2.572042161388264,1.241839818073108
linear,2000,31.99999999999999,45.25483399593903,38.05462768008706,2.625,1841.625,1.8183950038261207,0.9553948310335463,2.7146207202981896,1.5022294662443223
linear,2000,45.25483399593903,64.0,53.81737057623771,0.75,913.875,0.9023475105526891,0.0,1.2894275628841545,1.6409691285514945
linear,10000,2.0,2.82842712474619,2.378414230005442,1664.25,1664.25,0.3362087251643924,0.3306431248169211,0.34046120746255093,0.35919121151174344
linear,10000,2.82842712474619,3.999999999999999,3.363585661014857,661.125,1983.375,0.4006777709316069,0.3859354956010547,0.41563216533166353,0.43103237224415514
linear,10000,3.999999999999999,5.656854249492379,4.756828460010883,508.375,3798.25,0.7673154816618013,0.7289219300815142,0.812315027120938,0.8415558331755064
linear,10000,5.656854249492379,7.999999999999999,6.727171322029715,201.625,3474.375,0.7018868496277814,0.6384783992080886,0.7515681659781213,0.7440939084794754
linear,10000,7.999999999999999,11.31370849898476,9.513656920021766,145.625,5647.375,1.1408723144210662,1.0699487883960768,1.1999474752780273,1.219165619547278
linear,10000,11.31370849898476,15.999999999999993,13.454342644059432,55.25,4581.125,0.9254704497934374,0.7798911122109886,1.0911202917142262,0.9626870346165441
linear,10000,15.999999999999993,22.62741699796951,19.027313840043526,38.25,6197.25,1.251957050938879,1.051282310279694,1.432652195432369,1.30404388595527
linear,10000,22.62741699796951,31.99999999999999,26.908685288118853,17.75,5945.0,1.2009979697174773,0.946576297209119,1.5286310239290508,1.255531875137505
linear,10000,31.99999999999999,45.25483399593903,38.05462768008706,9.875,6744.375,1.3624862375127522,0.888496075797214,1.6926091655639839,1.4430518979475424
linear,10000,45.25483399593903,64.0,53.81737057623771,6.125,9465.125,1.9121271502308055,1.1789577883051685,2.9541721800789884,1.4396463613849795
linear,50000,2.0,2.82842712474619,2.378414230005442,8352.75,8352.75,0.36212056920918423,0.3591963786859243,0.3647716329674844,0.3613482313248719
linear,50000,2.82842712474619,3.999999999999999,3.363585661014857,3325.625,9976.875,0.4325319989139962,0.41879437293834015,0.44622410376215876,0.4336181401724288
linear,50000,3.999999999999999,5.656854249492379,4.756828460010883,2632.625,19606.25,0.8499986723004479,0.8299932206035124,0.86734655722087,0.8465892770147836
linear,50000,5.656854249492379,7.999999999999999,6.727171322029715,982.875,17028.375,0.7382388851225574,0.712925886727177,0.7714920687564114,0.7485119993596693
linear,50000,7.999999999999999,11.31370849898476,9.513656920021766,727.75,27478.625,1.1912933256814482,1.1549230286506722,1.2161207653835666,1.226248956169822
linear,50000,11.31370849898476,15.999999999999993,13.454342644059432,265.625,21583.375,0.93571387153396,0.8685908013723546,1.0046946372318397,0.9679695708396122
linear,50000,15.999999999999993,22.62741699796951,19.027313840043526,189.375,30754.375,1.3333084050968487,1.2663847608271186,1.389027348985014,1.3101004037510067
linear,50000,22.62741699796951,31.99999999999999,26.908685288118853,85.125,28152.375,1.220502715822981,1.1093282002842901,1.3028970404222189,1.2584436678493425
linear,50000,31.99999999999999,45.25483399593903,38.05462768008706,51.875,35780.625,1.5512137070617897,1.3776080490024096,1.703790771892004,1.437241496748579
linear,50000,45.25483399593903,64.0,53.81737057623771,22.625,31948.5,1.3850778492567861,1.0148523516810573,1.776126011151592,1.4099282567698828
superlinear,2000,2.0,2.82842712474619,2.378414230005442,79.625,79.625,1.6366906474820146,1.3299075025693732,1.8931140801644397,
superlinear,2000,2.82842712474619,3.999999999999999,3.363585661014857,13.875,41.625,0.8556012332990754,0.41932168550873605,1.541623843782118,
superlinear,2000,3.999999999999999,5.656854249492379,4.756828460010883,5.375,38.75,0.7965056526207603,0.41521068859198346,1.2826310380267212,
superlinear,2000,5.656854249492379,7.999999999999999,6.727171322029715,2.0,35.25,0.7245632065775949,0.30832476875642334,1.2641315519013359,
superlinear,2000,7.999999999999999,11.31370849898476,9.513656920021766,1.625,65.875,1.3540596094552926,0.0,2.6906474820143877,
superlinear,2000,11.31370849898476,15.999999999999993,13.454342644059432,0.625,53.875,1.1073997944501552,0.0,2.478931140801647,
superlinear,2000,15.999999999999993,22.62741699796951,19.027313840043526,0.25,36.375,0.7476875642343267,0.0,2.7810894141829383,
superlinear,2000,22.62741699796951,31.99999999999999,26.908685288118853,0.0,0.0,0.0,0.0,0.0,
superlinear,2000,31.99999999999999,45.25483399593903,38.05462768008706,0.0,0.0,0.0,0.0,0.0,
superlinear,2000,45.25483399593903,64.0,53.81737057623771,0.125,135.125,2.7774922918807805,0.0,6.665981500513869,
superlinear,10000,2.0,2.82842712474619,2.378414230005442,195.125,195.125,2.6579261025029797,2.3660820704920824,2.9627107100289463,
superlinear,10000,2.82842712474619,3.999999999999999,3.363585661014857,21.25,63.75,0.868380725353312,0.6620126000340544,1.2586412395709181,
superlinear,10000,3.999999999999999,5.656854249492379,4.756828460010883,7.0,51.5,0.7015154095011066,0.4140984164822066,1.0297973778307503,
superlinear,10000,5.656854249492379,7.999999999999999,6.727171322029715,1.5,26.25,0.3575685339690106,0.14302741358760424,0.612974629661161,
superlinear,10000,7.999999999999999,11.31370849898476,9.513656920021766,2.0,72.375,0.9858675293717006,0.0,1.9438106589477262,
superlinear,10000,11.31370849898476,15.999999999999993,13.454342644059432,1.125,83.75,1.1408138940916066,0.0,2.9708837050910977,
superlinear,10000,15.999999999999993,22.62741699796951,19.027313840043526,0.375,55.75,0.759407457857994,0.0,2.857823940064702,
superlinear,10000,22.62741699796951,31.99999999999999,26.908685288118853,0.0,0.0,0.0,0.0,0.0,
superlinear,10000,31.99999999999999,45.25483399593903,38.05462768008706,0.0,0.0,0.0,0.0,0.0,
superlinear,10000,45.25483399593903,64.0,53.81737057623771,0.125,185.625,2.5285203473522895,0.0,6.068448833645491,
superlinear,50000,2.0,2.82842712474619,2.378414230005442,444.125,444.125,4.135242085661081,3.810055865921788,4.524208566108007,
superlinear,50000,2.82842712474619,3.999999999999999,3.363585661014857,27.75,83.25,0.7751396648044696,0.6089385474860337,1.075418994413408,
superlinear,50000,3.999999999999999,5.656854249492379,4.756828460010883,8.5,63.5,0.5912476722532587,0.36126629422718803,0.8677839851024205,
superlinear,50000,5.656854249492379,7.999999999999999,6.727171322029715,1.25,21.0,0.19553072625698317,0.0,0.3994413407821228,
superlinear,50000,7.999999999999999,11.31370849898476,9.513656920021766,2.5,94.75,0.8822160148975788,0.0,1.720670391061452,
superlinear,50000,11.31370849898476,15.999999999999993,13.454342644059432,1.0,75.375,0.7018156424581012,0.0,1.7011173184357558,
superlinear,50000,15.999999999999993,22.62741699796951,19.027313840043526,0.5,70.75,0.658752327746741,0.0,1.9534450651769082,
superlinear,50000,22.62741699796951,31.99999999999999,26.908685288118853,0.0,0.0,0.0,0.0,0.0,
superlinear,50000,31.99999999999999,45.25483399593903,38.05462768008706,0.0,0.0,0.0,0.0,0.0,
superlinear,50000,45.25483399593903,64.0,53.81737057623771,0.125,221.25,2.060055865921787,0.0,4.944134078212286,
affine,2000,2.0,2.82842712474619,2.378414230005442,382.0,382.0,0.46319873893537056,0.4511943737116528,0.4738692858008973,0.45105997732279995
affine,2000,2.82842712474619,3.999999999999999,3.363585661014857,149.625,448.875,0.5442888323026558,0.4965441978901421,0.5914878137504549,0.5638597329237791
affine,2000,3.999999999999999,5.656854249492379,4.756828460010883,119.375,891.25,1.0806960106705465,0.9765975506244692,1.1735176427791922,1.0927178773823905
affine,2000,5.656854249492379,7.999999999999999,6.727171322029715,43.75,750.75,0.9103310294652599,0.7457257184430701,1.044743543106584,0.9263231670008052
affine,2000,7.999999999999999,11.31370849898476,9.513656920021766,29.5,1103.875,1.3385170364981203,1.0659633806232567,1.6479932096519943,1.409563630824463
affine,2000,11.31370849898476,15.999999999999993,13.454342644059432,13.25,1090.875,1.3227537286285935,1.1036740632957451,1.5079422820419564,1.0150917046655663
affine,2000,15.999999999999993,22.62741699796951,19.027313840043526,6.25,992.75,1.2037710682672484,0.8509761125257669,1.8329089365829994,1.2523079698326418
affine,2000,22.62741699796951,31.99999999999999,26.908685288118853,3.0,1003.875,1.2172608221171333,0.49508912331756993,1.9442221413847456,1.1041399691584937
affine,2000,31.99999999999999,45.25483399593903,38.05462768008706,1.25,865.875,1.0499272462713711,0.0,2.0993088395780277,1.1795961180813967
affine,2000,45.25483399593903,64.0,53.81737057623771,0.5,716.875,0.8692554868437006,0.0,2.575603249666545,1.0053398528076631
affine,10000,2.0,2.82842712474619,2.378414230005442,1879.375,1879.375,0.45636944221849884,0.44862922221412793,0.46266482115538726,0.46696985377282163
affine,10000,2.82842712474619,3.999999999999999,3.363585661014857,792.375,2377.125,0.5772382895024407,0.5513222116995705,0.6082902309317406,0.5837151169891502
affine,10000,3.999999999999999,5.656854249492379,4.756828460010883,605.125,4495.25,1.0915834972438745,1.049464558898521,1.1172142492897208,1.13096771434096
affine,10000,5.656854249492379,7.999999999999999,6.727171322029715,220.5,3848.25,0.9344722080571135,0.8828585998397317,1.0038610038610036,0.9581806352936224
affine,10000,7.999999999999999,11.31370849898476,9.513656920021766,150.375,5635.375,1.3684405429688447,1.3029066802651705,1.4411014788373275,1.4549902953823004
affine,10000,11.31370849898476,15.999999999999993,13.454342644059432,49.875,4043.0,0.9817634345936244,0.8101066025594336,1.188946358757681,1.0414070051779831
affine,10000,15.999999999999993,22.62741699796951,19.027313840043526,29.375,4829.25,1.1726888613681064,0.941963526869187,1.4239090842864426,1.2634617882912678
affine,10000,22.62741699796951,31.99999999999999,26.908685288118853,15.5,5179.5,1.2577402200043708,0.9650567009057572,1.5401034457638227,1.0699452520404502
affine,10000,31.99999999999999,45.25483399593903,38.05462768008706,6.375,4403.625,1.0693341589568002,0.6504698768849712,1.5285447172239621,1.079241467477755
affine,10000,45.25483399593903,64.0,53.81737057623771,3.375,4490.25,1.090369345086326,0.4697311867123187,1.759937835409533,0.9511208712336867
affine,50000,2.0,2.82842712474619,2.378414230005442,9336.375,9336.375,0.46776216782222646,0.4639006295822888,0.47259817143701705,0.4719679012947368
affine,50000,2.82842712474619,3.999999999999999,3.363585661014857,3928.25,11784.75,0.5904283201181385,0.5792983724048442,0.6010923280892152,0.589960094497609
affine,50000,3.999999999999999,5.656854249492379,4.756828460010883,3052.25,22710.5,1.1378198403905875,1.11933756394929,1.1541076909491828,1.143049228073511
affine,50000,5.656854249492379,7.999999999999999,6.727171322029715,1098.625,19054.875,0.9546691984396026,0.9283172999543452,0.9823663100515849,0.9683694930007657
affine,50000,7.999999999999999,11.31370849898476,9.513656920021766,779.75,29254.0,1.4656560450358311,1.4278147238211063,1.5066637524557338,1.4701963834851772
affine,50000,11.31370849898476,15.999999999999993,13.454342644059432,260.375,21116.75,1.0579712958573333,0.9897161337272121,1.1127192155678995,1.0516870250143826
affine,50000,15.999999999999993,22.62741699796951,19.027313840043526,150.125,24162.875,1.2105853493264223,1.1491777478702354,1.2863494059581415,1.2735824138633367
affine,50000,22.62741699796951,31.99999999999999,26.908685288118853,61.25,20150.875,1.0095799465547073,0.8994691167748952,1.0700481533693265,1.072012338343481
affine,50000,31.99999999999999,45.25483399593903,38.05462768008706,32.0,21963.125,1.1003755699776985,0.8323387231622777,1.324090525077766,1.0621021138560502
affine,50000,45.25483399593903,64.0,53.81737057623771,14.5,20062.5,1.0051522664774515,0.6899315056053676,1.2465741843079758,0.8970730085709475
