"","Media","Treat","Rep","Size","Vol","Perim","Major","Minor","Circ","SizeSE","VolSE","PerimSE","MajorSE","MinorSE","CircSE"
"1","Nfree","Small",1,26.4258880597015,757.09177601291,20.5760074626866,6.56162686567164,5.00511194029851,0.766597014925373,0.877209168967456,43.3621709603792,0.297994303136209,0.104738159219041,0.089975330264249,0.00925043481162524
"2","Nfree","Small",2,34.9946,1195.3123779421,23.3205095238095,7.2934,5.94458571428571,0.786552380952381,0.917982328974231,47.4951548529725,0.302065940575409,0.100812532447928,0.0917726435954038,0.00770251151338292
"3","Nfree","Small",3,41.0158945578231,1534.14431139887,25.2771768707483,7.73746598639456,6.54512244897959,0.784799319727891,0.89825187376973,50.2990151893838,0.280180161924874,0.089482374101145,0.0777622644095787,0.00595120465529474
"4","Nfree","Small",4,33.0289633867277,1089.5570188061,22.8148329519451,7.04457894736842,5.82107780320366,0.780954233409611,0.55142712834581,27.0546521898502,0.191000008337161,0.0627999203389204,0.0545193189270024,0.00527510302912667
"5","Nfree","Small",5,32.3576721854305,1046.86548392498,22.3620463576159,7.03326821192053,5.72767549668874,0.795135761589404,0.632018821322332,31.3675886475545,0.206523838038915,0.0730523896861082,0.0629017318136704,0.0058233413821707
"6","Nfree","Small",6,34.8282248995984,1185.11824144935,23.1345301204819,7.28355823293173,5.91055421686747,0.792791164658635,0.850620871713996,45.7805504618082,0.260874395424768,0.0864996185933965,0.0828923658210338,0.00693947323017424
"7","Nfree","Small",8,33.1110236966825,1076.80672828891,22.845990521327,7.17892890995261,5.7285308056872,0.78163981042654,0.799950673339399,39.5741849343641,0.282113717465243,0.0920295699750915,0.0785550276033559,0.00757304104714229
"8","Nfree","Small",9,35.2112348484848,1237.02944852005,23.4948939393939,7.12856818181818,6.09467424242424,0.781727272727273,1.21796944764406,71.9140461758147,0.398140300314342,0.112756005882174,0.11446641415494,0.00935696273726478
"9","Nfree","Small",10,28.5729475982533,870.360422341774,21.1840131004367,6.73748908296943,5.25612663755459,0.77543231441048,0.743165224106466,37.4246057731837,0.240196439363474,0.0801501221628192,0.0822399370732873,0.00677099692156985
"10","Nfree","Control",1,76.9454902912621,3796.06154355246,34.5687572815534,10.999067961165,8.60627184466019,0.8015,2.45572583498077,203.443445903497,0.679326686019506,0.207221713228956,0.110966000213271,0.00720386058916417
"11","Nfree","Control",2,76.181773381295,3707.3085348341,34.4542194244604,10.9146978417266,8.71339568345324,0.805672661870504,1.67140608153418,123.037500731811,0.478283970698321,0.150931053302261,0.0815470936286022,0.00574197281668267
"12","Nfree","Control",3,64.7396821192053,2886.54045557805,31.2497450331126,10.0329072847682,8.07382781456954,0.83453642384106,1.35649605473696,90.2748758636338,0.427417503513114,0.1467738119846,0.0577422933295879,0.00541233415218159
"13","Nfree","Control",4,60.1725387205387,2545.41189113378,30.4807878787879,9.87040740740741,7.63962626262626,0.814973063973064,1.31396359197025,94.3419711619535,0.401513337122907,0.139321687544195,0.0579960530814556,0.00595772349923113
"14","Nfree","Control",5,55.2815902777778,2168.30493480383,30.1068611111111,9.69977083333333,7.12566666666667,0.769201388888889,1.62226144841506,86.1140013803282,0.570409903238725,0.19880947960332,0.0668755403582872,0.00915234938196251
"15","Nfree","Control",6,65.9518385964912,3009.80027872057,31.4797368421053,10.0498315789474,8.17254035087719,0.827666666666667,1.38309349127823,91.7546015915288,0.411532540981177,0.135061291393431,0.0777966781935682,0.00574285832243456
"16","Nfree","Control",7,64.9813361344538,3081.14266697131,32.0798739495798,9.76543417366947,8.01974229691877,0.768425770308123,1.70198991129054,119.599199335579,0.499909993435719,0.148833754187272,0.101438717990073,0.0058302240362812
"17","Nfree","Control",8,60.4608534482759,2544.39510150274,30.7976896551724,9.87918965517241,7.70515517241379,0.799543103448276,1.47607983512015,89.3489687421709,0.441679157164035,0.157207258185034,0.0796654310229174,0.00852753184904569
"18","Nfree","Control",9,55.9801052631579,2264.44095119354,29.420980861244,9.55074641148325,7.35037320574163,0.810851674641148,1.21465796944665,68.0957665527818,0.40638530752336,0.142607640156817,0.065425954364163,0.00635973486088683
"19","Nfree","Control",10,55.3205880597015,2288.28002917535,28.9052537313433,9.17368656716418,7.60227164179105,0.830582089552239,0.814487440851803,44.6046400224067,0.268784715664854,0.100351205335441,0.042147849972586,0.00434161646187073
"20","Nfree","Large",1,98.6781020408163,5942.3368590761,37.2405102040816,11.3656326530612,10.7812653061224,0.873102040816327,3.8684480403457,314.127033935064,0.903391465290605,0.244836480024069,0.277964535457984,0.011039325379986
"21","Nfree","Large",2,114.47412,7309.93177135448,40.11382,12.36232,11.65098,0.88248,3.70575609059358,363.305256731541,0.658154449145952,0.19966334408556,0.211107738216044,0.00213220973812309
"22","Nfree","Large",3,106.475888157895,6361.74626449035,39.3939473684211,12.3831052631579,10.789125,0.857125,2.77856855210077,236.848240662547,0.646671633535797,0.219330321287314,0.135281322719713,0.00633554948025823
"23","Nfree","Large",4,109.662545454545,6568.06577484406,40.3090707070707,12.630898989899,10.8658686868687,0.849131313131313,4.27223319739739,330.578769272702,1.03574589674132,0.37842670938423,0.138039810974316,0.00995893078103842
"24","Nfree","Large",5,113.023990654206,6949.66090096049,40.7991121495327,12.6725607476636,11.2107336448598,0.850789719626168,2.50706579625686,202.188232448762,0.581291371988723,0.215015020842877,0.0966998357264121,0.00619244689286691
"25","Nfree","Large",6,113.200385185185,7096.14867375975,40.2946888888889,12.5044592592593,11.3227333333333,0.866251851851852,3.23885629231273,281.777529437125,0.673851760296991,0.242946150485465,0.138365512531278,0.00587155418412788
"26","Nfree","Large",7,110.584945544554,6650.9898750273,40.3886732673267,12.7045,10.9630643564356,0.850440594059406,2.36231672564466,188.131033205107,0.570539750350149,0.209183248278929,0.106148839760673,0.00626922497540522
"27","Nfree","Large",8,123.930029411765,8117.76891463821,42.4047205882353,13.1150147058824,11.8052794117647,0.853338235294118,4.79739580950997,416.428971786884,1.04776160649314,0.368691890999018,0.239050534334435,0.0105564582360315
"28","Nfree","Large",9,111.799305263158,7093.52313920539,40.1922736842105,12.2612947368421,11.3503578947368,0.856463157894737,3.46606339892202,323.983454297501,0.745729654703477,0.20995835446585,0.199680719907437,0.00789044257975673
"29","Nfree","Large",10,111.651346153846,7043.22276417746,40.1994230769231,12.4013653846154,11.2779230769231,0.855134615384615,4.87192554783564,514.965367332473,0.956186268332813,0.275738081272219,0.275006551198744,0.0106617763881657
"30","Nfull","Small",1,23.3458636363636,590.060562697288,20.0680151515152,6.45728787878788,4.57559090909091,0.726651515151515,0.729842241115653,30.9352095409109,0.350693760968857,0.118534742608228,0.096590291291045,0.0119628502739928
"31","Nfull","Small",2,23.4356538461538,580.451832143094,19.4410961538462,6.56648076923077,4.50834615384615,0.779557692307692,0.869844497243662,33.6123487849396,0.426662566786853,0.148201919070834,0.0902155867908179,0.0135057781462044
"32","Nfull","Small",3,26.1415865384615,711.856481743523,20.3426153846154,6.91977884615385,4.68730769230769,0.777317307692308,1.11584932785813,60.4801760474065,0.403593482231648,0.120719070953996,0.102413179387936,0.00846600927232429
"33","Nfull","Small",4,26.0201428571429,730.10309160169,21.0412585034014,6.62289115646259,4.88579591836735,0.731102040816327,0.885884059544786,46.1411662361761,0.365079294096951,0.103945118029339,0.0829350292650147,0.00906824340018025
"34","Nfull","Small",5,30.0764712643678,884.682518489951,22.3295344827586,7.2252183908046,5.17181034482759,0.750206896551724,0.862281306228755,41.1880926165357,0.3573140018299,0.104804843093769,0.0758647243866652,0.00757612914132716
"35","Nfull","Small",6,25.0508287671233,665.898296898394,20.400301369863,6.59520547945205,4.78991095890411,0.756020547945205,0.601985014130386,27.6761369339727,0.263311709284951,0.0864727828543095,0.0659288690150346,0.00913969405834876
"36","Nfull","Small",7,28.1895452054795,848.625057368885,21.5456410958904,6.76446301369863,5.12904931506849,0.75061095890411,0.659409231552617,34.599357940442,0.264975540127292,0.0717833919311982,0.06449524341099,0.00621226513572518
"37","Nfull","Small",8,25.7496690647482,675.499988475404,20.3338920863309,6.9311582733813,4.64810071942446,0.771165467625899,0.793907149696042,37.1084366189642,0.300166383619733,0.103245393238642,0.073648311928786,0.00738315365476896
"38","Nfull","Small",9,26.3132911392405,715.993426757914,20.7178417721519,6.92572784810127,4.71677215189873,0.760892405063291,0.875933273024219,42.299454864969,0.371209286734507,0.10759746594506,0.0818023744693071,0.00781664521315742
"39","Nfull","Small",10,24.1056475409836,596.511077187689,19.6630081967213,6.78701639344262,4.47518032786885,0.778803278688525,0.640646315254714,25.5095783506217,0.282801182948031,0.10274793125673,0.06304713906699,0.00757701405784775
"40","Nfull","Control",1,40.2115815384615,1307.27440981321,25.7619015384615,8.53842769230769,5.95494153846154,0.76256,0.587743937234433,27.1338899833603,0.218240847483781,0.0912299976672491,0.0423003541469969,0.00651084425228348
"41","Nfull","Control",2,42.7802910798122,1534.13895232385,26.7449624413146,8.22240845070423,6.53033333333333,0.752582159624413,0.862096086198005,44.1314356113005,0.296415977241277,0.106091381782539,0.0538443896343484,0.00870023948856819
"42","Nfull","Control",3,41.880172972973,1465.93094602029,25.7101135135135,8.22154054054054,6.39521621621622,0.798783783783784,0.918816268503285,44.7649623223745,0.326821966497718,0.121858583584586,0.0502123309861201,0.00901351536335221
"43","Nfull","Control",4,41.0860294117647,1425.06215088396,26.3474201680672,8.1311974789916,6.37137394957983,0.749075630252101,0.695290516241134,34.1171321483327,0.256374636122889,0.0933884257990668,0.0416013152116501,0.00819826933057121
"44","Nfull","Control",5,44.2400375335121,1594.21057149837,26.948836461126,8.55992225201072,6.43923860589812,0.761067024128686,0.880003303804553,54.5988228797099,0.293390564632501,0.103116509095247,0.0507124483002914,0.00621585157772167
"45","Nfull","Control",6,42.9974767184035,1524.07394288195,27.3822926829268,8.31441685144124,6.51248558758315,0.724942350332594,0.516777589354317,25.4164114578751,0.192009682474378,0.0685210404664669,0.0293281997335724,0.0056910013992167
"46","Nfull","Control",7,44.7040076628353,1618.86729895349,26.8328084291188,8.49313793103448,6.625969348659,0.783613026819923,0.800058809398834,41.3641549195017,0.276927165358281,0.102468732734662,0.0454486622272129,0.00753756083868177
"47","Nfull","Control",8,42.9871185185185,1495.01044743868,25.9756296296296,8.46334074074074,6.43254074074074,0.803866666666667,0.687945030075771,34.8159568694341,0.238739216888571,0.0894155423343234,0.0505673415047853,0.00880936734463458
"48","Nfull","Control",9,41.5741639344262,1432.10582459002,25.5347213114754,8.3067868852459,6.32593442622951,0.801295081967213,1.17445240144841,61.6180869018933,0.40110088133979,0.147859707016083,0.0929579576773704,0.0125232100203729
"49","Nfull","Control",10,40.2200193050193,1382.68354857018,25.7811891891892,8.02678764478764,6.31278378378378,0.766625482625483,0.667888034822084,31.7543927475907,0.268917803829333,0.0947369332320795,0.0390743369171063,0.0076162316013206
"50","Nfull","Large",1,140.512444444444,9943.06436205631,45.4716324786325,14.0933760683761,12.242188034188,0.826230769230769,5.20484095250895,535.991548067715,0.923895352116242,0.285869193262791,0.255966435747424,0.00812278113269747
"51","Nfull","Large",2,117.337043478261,7472.25941869021,41.3729652173913,12.9909826086957,11.2195826086957,0.842591304347826,3.93570591493793,392.007468404573,0.720812306516117,0.228287596453519,0.204549666285513,0.00731976307332464
"52","Nfull","Large",3,111.940544715447,6753.37515706735,40.6806829268293,12.9551788617886,10.7993008130081,0.840243902439024,3.3868386101287,308.494029076889,0.70714438655452,0.238394555905307,0.162394870466239,0.00751031403704363
"53","Nfull","Large",4,117.155092165899,7075.18586669804,42.0930414746544,13.5731658986175,10.7576728110599,0.825820276497696,3.00660231601895,256.948306944802,0.688888100615434,0.238743157541364,0.129838984942068,0.00690433371191233
"54","Nfull","Large",5,105.466109704641,6320.46454698038,39.1150886075949,12.5350042194093,10.3725485232068,0.834071729957806,2.76802751865754,265.295355384919,0.50083011051496,0.164264111944973,0.153344701531803,0.00569048977055307
"55","Nfull","Large",6,118.078213414634,7363.41220133113,41.7593719512195,13.2419695121951,11.1023475609756,0.840182926829268,3.27366472104325,310.441344990148,0.678296716209338,0.219091149351268,0.150036354164714,0.00662078160582952
"56","Nfull","Large",7,102.348408450704,5870.17237372646,38.8368450704225,12.482985915493,10.2473943661972,0.842746478873239,2.85143931451026,260.524320741304,0.600156852545361,0.191348464431433,0.145631495940623,0.00701507742078662
"57","Nfull","Large",8,120.277753753754,7788.92286286178,41.8241591591592,13.1655675675676,11.2603303303303,0.841483483483483,2.58253412786007,263.006442166563,0.489293781333589,0.143862263503903,0.131382409986618,0.00427215871986405
"58","Nfull","Large",9,118.338642857143,7499.95377858025,42.8707678571429,13.343875,10.9281071428571,0.790928571428571,6.78730035000569,665.94528442258,1.343548245619,0.432197631007363,0.344745382872722,0.0171007491508804
"59","Nfull","Large",10,115.079959183673,7023.17241032107,41.3274965986395,13.175380952381,10.9145102040816,0.834503401360544,3.19609717338623,298.078528180643,0.620147769880802,0.210626650506929,0.151327134780694,0.0070045539066355
"60","Pfree","Small",1,26.8743295454545,785.657464745126,20.349625,6.57643181818182,5.01786136363636,0.793981818181818,0.573879884715659,27.4796918838157,0.212944531556951,0.0691669812711972,0.0529045889298491,0.00489758322715348
"61","Pfree","Small",2,25.8819023136247,741.460036105887,20.3107686375321,6.42503598971722,4.99831619537275,0.779979434447301,0.525813720464614,24.8650380551689,0.226697757017387,0.0683009541437555,0.0527510071203014,0.00568524856315827
"62","Pfree","Small",3,28.156353515625,868.460488993182,21.120279296875,6.56708203125,5.26777734375,0.775630859375,0.569588278314752,30.1351553348431,0.214606647217609,0.0609761279469867,0.05357740375761,0.00506725092979099
"63","Pfree","Small",4,25.167915625,722.806095890929,19.837096875,6.3106625,4.92410625,0.791684375,0.614625827144805,31.5302769179284,0.252412635612286,0.0681169727626699,0.0629141275471465,0.00627818809740462
"64","Pfree","Small",5,28.6997745803357,911.344534655723,21.3199136690647,6.57929256594724,5.33190167865707,0.776167865707434,0.691585521287856,38.3172115352004,0.2668906246616,0.0700598743979938,0.0657867342956976,0.00575398986224044
"65","Pfree","Small",6,23.9648725490196,659.140491693436,19.232637254902,6.17040196078431,4.84224509803922,0.800470588235294,0.86746516013725,41.5335438037151,0.324180270759589,0.105388372408836,0.0930367915445894,0.00948224496085404
"66","Pfree","Small",7,24.65823,692.755117419501,19.81786,6.29407,4.85704,0.77373,1.01334264966361,50.7024480146398,0.386680249505422,0.115995874408524,0.108003901837486,0.0105018406756034
"67","Pfree","Small",8,24.2919613259669,676.186123908947,19.5015331491713,6.22018508287293,4.83825414364641,0.79303591160221,0.523468343110156,24.7886732796054,0.225396118122978,0.0637538176234335,0.0533115199008233,0.00571255207404756
"68","Pfree","Small",9,24.2999779411765,681.058025349836,19.4384019607843,6.24510539215686,4.80834558823529,0.793375,0.533133902597163,26.8629076146725,0.215871221324579,0.0629350181576466,0.0542411096921274,0.00505566619875693
"69","Pfree","Small",10,24.1665198412698,664.521926483289,19.6753849206349,6.21795238095238,4.83292857142857,0.783305555555556,0.582428412703171,27.4062279911148,0.276834235850131,0.0745963427983636,0.0583385837562162,0.00704981940992015
"70","Pfree","Control",1,70.6268369098712,3412.43280023998,33.0569055793991,10.251821888412,8.53448497854077,0.802090128755365,1.32547135797993,95.9026241657797,0.355884543116432,0.114559377839124,0.0712382119952829,0.00462470148613496
"71","Pfree","Control",2,69.6292032520325,3362.42214449976,33.0868075880759,10.1107588075881,8.49760162601626,0.788888888888889,1.59201445903965,113.244941034179,0.426901554089349,0.138564748003119,0.0793164259695903,0.00551798373936265
"72","Pfree","Control",3,68.8003592964824,3292.34691956731,32.2636507537688,10.0161984924623,8.51489447236181,0.818886934673367,1.35562332042744,89.3964836578479,0.376091644777625,0.128385609384507,0.0722316126632103,0.00475926678238777
"73","Pfree","Control",4,65.8284193548387,3030.15367394338,31.7575698924731,9.91575913978495,8.31957634408602,0.813421505376344,0.91613727701255,61.095982047188,0.252801015777133,0.0837881687694074,0.0568264752757743,0.00417955665703895
"74","Pfree","Control",5,59.5629331941545,2597.45572347975,30.1011169102296,9.50609394572025,7.79304384133612,0.816885177453027,1.02658472970585,64.3433267834799,0.299713289950365,0.104462308971057,0.0559849334833859,0.00421296768641687
"75","Pfree","Control",6,68.7777868852459,3287.79062217737,32.256337704918,9.98212459016393,8.58509508196721,0.82124262295082,1.35676339863612,90.6522204842106,0.366751643210834,0.125061516927622,0.0742497472014288,0.00511814688997663
"76","Pfree","Control",7,64.5421145194274,2954.92422746473,31.2782229038855,9.76028629856851,8.26388752556237,0.821141104294479,0.966753937250074,61.3094518697911,0.275682788458199,0.0968008717920633,0.0538442947092746,0.00413980273393568
"77","Pfree","Control",8,64.5629688888889,2952.68802174615,31.2923511111111,9.81028888888889,8.21081333333333,0.820453333333333,1.46099470142601,97.3395108941093,0.418024538498578,0.13384998089414,0.0839248324584244,0.00563730094147562
"78","Pfree","Control",9,58.1132664233577,2522.95511147218,29.8357171532847,9.36160401459854,7.7115,0.809151459854015,0.934696821368983,64.6954041582439,0.268412979789989,0.0878047426821489,0.0561628096617367,0.00420808237023206
"79","Pfree","Control",10,60.5052590529248,2750.52658320807,30.6863147632312,9.29085236768802,8.06082729805014,0.793459610027855,1.19923020614178,77.1092371751798,0.338116560539191,0.110777849668668,0.0741948546156939,0.0055036731810283
"80","Pfree","Large",1,143.669285714286,10115.704705152,46.634,14.158012987013,12.6907597402597,0.820285714285714,3.48803215058048,327.415016669066,0.712706061649204,0.236519734027093,0.169483046152496,0.00738231502901704
"81","Pfree","Large",2,127.77185,8434.01380869605,43.50189,13.39098,11.88369,0.83698,4.34667835270726,363.815174105618,0.959185604993774,0.334861193609917,0.192458808760984,0.00938490061726599
"82","Pfree","Large",3,132.85002,8842.37429707668,44.04162,13.74633,12.14175,0.853685,2.73281158506129,246.132793947327,0.53791874634217,0.198648439252837,0.104420304960001,0.00447836551247401
"83","Pfree","Large",4,141.027380239521,9793.43502559314,45.3197754491018,13.968494011976,12.7271437125749,0.856958083832335,1.89831892136191,182.279095782156,0.361360032364654,0.130559277226752,0.0814389645659649,0.00335489521554689
"84","Pfree","Large",5,125.190099056604,8110.75233192957,43.3643160377358,13.3097877358491,11.7917075471698,0.83486320754717,2.89394876734328,238.135841623142,0.659335483427347,0.23651284942008,0.103656402062504,0.00630212863901543
"85","Pfree","Large",6,130.583530434783,8930.28558587233,44.2197565217391,13.7400391304348,11.8239043478261,0.803230434782609,3.0073860486966,283.644801706991,0.525946060215695,0.157600142965078,0.207758950390942,0.00783359880928628
"86","Pfree","Large",7,140.297948529412,9439.18204104338,46.0317426470588,14.4732205882353,12.1225441176471,0.830080882352941,4.31022832205791,352.17613493404,1.01814142314118,0.363875371702918,0.17843902001406,0.0091790828279769
"87","Pfree","Large",8,142.106465875371,9925.91698265518,46.4182581602374,14.0102047477745,12.7231899109792,0.825225519287834,2.1929880966311,199.784345901762,0.464689136037828,0.158522171147016,0.0921834271813883,0.00503442899563105
"88","Pfree","Large",9,143.029274853801,10089.9322797237,45.6394736842105,14.0058070175439,12.7736257309942,0.848959064327485,3.05786395793059,284.362904204791,0.604721442314016,0.207548229202725,0.150115888961057,0.00545481080359373
"89","Pfree","Large",10,149.400688581315,10801.9615735895,47.4484359861592,14.4003287197232,12.8863494809689,0.823626297577855,2.94834514986236,291.678587522773,0.61469307710833,0.18847949296592,0.138088153668808,0.00553503837817552
