"","Var1","Var2","Var3","Freq"
"1","modI","Small","Replete",0
"2","MM","Small","Replete",0
"3","logis","Small","Replete",0
"4","fpl","Small","Replete",0
"5","gomp","Small","Replete",10
"6","modI","Control","Replete",5
"7","MM","Control","Replete",0
"8","logis","Control","Replete",1
"9","fpl","Control","Replete",0
"10","gomp","Control","Replete",4
"11","modI","Large","Replete",5
"12","MM","Large","Replete",0
"13","logis","Large","Replete",0
"14","fpl","Large","Replete",0
"15","gomp","Large","Replete",5
"16","modI","Small","P-Deplete",0
"17","MM","Small","P-Deplete",0
"18","logis","Small","P-Deplete",0
"19","fpl","Small","P-Deplete",0
"20","gomp","Small","P-Deplete",10
"21","modI","Control","P-Deplete",3
"22","MM","Control","P-Deplete",0
"23","logis","Control","P-Deplete",2
"24","fpl","Control","P-Deplete",3
"25","gomp","Control","P-Deplete",2
"26","modI","Large","P-Deplete",8
"27","MM","Large","P-Deplete",0
"28","logis","Large","P-Deplete",0
"29","fpl","Large","P-Deplete",0
"30","gomp","Large","P-Deplete",2
"31","modI","Small","N-Deplete",0
"32","MM","Small","N-Deplete",0
"33","logis","Small","N-Deplete",0
"34","fpl","Small","N-Deplete",0
"35","gomp","Small","N-Deplete",10
"36","modI","Control","N-Deplete",4
"37","MM","Control","N-Deplete",0
"38","logis","Control","N-Deplete",0
"39","fpl","Control","N-Deplete",0
"40","gomp","Control","N-Deplete",6
"41","modI","Large","N-Deplete",6
"42","MM","Large","N-Deplete",0
"43","logis","Large","N-Deplete",0
"44","fpl","Large","N-Deplete",0
"45","gomp","Large","N-Deplete",4
