analysis,held_study,held_rows,training_mean,training_tau,fixed_minus_training_log_score,fixed_log_score,training_log_score,measurement_only_log_score
primary,StudyID_01,2,-1.023641402116402,0.14077617410598173,0.013333870160153305,0.6154943989097421,0.6021605287495888,0.7826496158268854
primary,StudyID_03,4,-1.076498544973545,0.0,2.387150026661958,-4.023380439672901,-6.410530466334859,-4.023380439672901
primary,StudyID_10,27,-0.942636111111111,0.0,0.6643114054544768,-5.582913576179372,-6.247224981633849,-5.582913576179372
primary,StudyID_105,24,-0.994873544973545,0.11980761314647932,0.05916555993285261,-0.1498188361135788,-0.2089843960464314,-6.356500613055599
primary,StudyID_115,18,-1.066689021164021,0.03901333866449889,8.685333170758145,-17.937840957984893,-26.623174128743038,-59.855247234037364
primary,StudyID_25,9,-1.0041017195767195,0.1330654718995799,-0.030100857479565923,0.5463891312223272,0.5764899887018932,-16.015209794145964
primary,StudyID_34,4,-1.0515699735449735,0.34985005858216806,0.018949940313088165,-0.8728251094580861,-0.8917750497711743,-0.7922706109000683
primary,StudyID_76,15,-1.0054794973544974,0.1333178918747488,-0.028469107348118805,0.5102223021932312,0.53869140954135,-1.2491430875913843
ci_assumption_sensitivity,StudyID_01,2,-0.8667005464267085,0.49071300082930325,0.034752966174167677,-0.2551764231501872,-0.28992938932435486,0.7826496158268854
ci_assumption_sensitivity,StudyID_03,4,-0.9037005464267083,0.4864205060925406,-0.12389356963155751,-0.506147488830316,-0.3822539191987585,-4.023380439672901
ci_assumption_sensitivity,StudyID_10,27,-0.8099968427230048,0.40702361068682147,0.4937142620601864,-1.4343735754883953,-1.9280878375485817,-5.582913576179372
ci_assumption_sensitivity,StudyID_105,24,-0.8465630464267084,0.4804450052995857,0.18217440509144084,-0.28919004788729286,-0.4713644529787337,-6.356500613055599
ci_assumption_sensitivity,StudyID_115,18,-0.896833879760042,0.48768799295636317,-0.10771762252145595,-0.4175610249202452,-0.30984340239878927,-59.855247234037364
ci_assumption_sensitivity,StudyID_122,639,-0.8662989814814814,0.48612786340770026,0.03454034997771921,-0.4071029570923688,-0.44164330707008803,-1.0249544799435397
ci_assumption_sensitivity,StudyID_25,9,-0.8530227686489309,0.4848795363262816,0.1310632681200428,-0.23793316490857183,-0.3689964330286146,-16.015209794145964
ci_assumption_sensitivity,StudyID_34,4,-0.8862505464267083,0.5647153533574375,-0.019967631140473507,-0.9772118201774069,-0.9572441890369334,-0.7922706109000683
ci_assumption_sensitivity,StudyID_65,4,-0.8719505464267083,0.45845074776896805,-0.09598828152250594,-1.2517773098014437,-1.1557890282789378,-54.909614096478094
ci_assumption_sensitivity,StudyID_69,1,-1.0117005464267086,0.2248096184850327,0.23029486109190955,-13.829270373600238,-14.059565234692148,-43.91404347785853
ci_assumption_sensitivity,StudyID_76,15,-0.853987213093375,0.48522885964487433,0.1208216989608224,-0.25492808698253044,-0.37574978594335284,-1.2491430875913843
