scenario,rho,lower,upper,pooled_phi,forward_phi
opposed,-1.0,1.0,1.0717734625362931,1.004936347575888,1.0
opposed,-1.0,1.0717734625362931,1.148698354997035,1.0030193826529978,1.0
opposed,-1.0,1.148698354997035,1.2311444133449163,0.9951012125463022,1.0
opposed,-1.0,1.2311444133449163,1.3195079107728942,1.0011593969944468,1.0
opposed,-1.0,1.3195079107728942,1.4142135623730951,0.9915665090885453,1.0
opposed,-1.0,1.4142135623730951,1.5157165665103982,1.0009803502889263,1.0
opposed,-1.0,1.5157165665103982,1.6245047927124712,1.0013438836622857,1.0
opposed,-1.0,1.6245047927124712,1.7411011265922482,1.0009280350613885,1.0
opposed,-1.0,1.7411011265922482,1.8660659830736148,0.9971114346146999,1.0
opposed,-1.0,1.8660659830736148,2.0,1.003853447514518,1.0
negative,-0.5,1.0,1.2311444133449163,2.583732389962581,2.586034953035657
negative,-0.5,1.2311444133449163,1.515716566510398,2.253601107060267,2.255314787010102
negative,-0.5,1.515716566510398,1.8660659830736148,1.7477650045499715,1.7433635961646377
negative,-0.5,1.8660659830736148,2.2973967099940698,1.2427308296409978,1.2448587791916936
negative,-0.5,2.2973967099940698,2.82842712474619,0.8461501848252505,0.8429102964769472
negative,-0.5,2.82842712474619,3.4822022531844965,0.5449589157019021,0.5497716361255207
negative,-0.5,3.4822022531844965,4.2870938501451725,0.34819537523913224,0.3488174284619891
negative,-0.5,4.2870938501451725,5.278031643091577,0.2159971095790282,0.21669774927919863
negative,-0.5,5.278031643091577,6.498019170849885,0.13620292308544932,0.13240467870834405
negative,-0.5,6.498019170849885,8.0,0.08066616035541894,0.07982609554591077
independent,0.0,1.0,1.2311444133449163,2.142372497381223,2.1456868987858795
independent,0.0,1.2311444133449163,1.515716566510398,1.7451725532213072,1.74283932536901
independent,0.0,1.515716566510398,1.8660659830736148,1.4173701579332207,1.4156254184948633
independent,0.0,1.8660659830736148,2.2973967099940698,1.1456448129826085,1.1498451385152517
independent,0.0,2.2973967099940698,2.82842712474619,0.9327362831358608,0.9339644691975806
independent,0.0,2.82842712474619,3.4822022531844965,0.757807866177163,0.7586148782173143
independent,0.0,3.4822022531844965,4.2870938501451725,0.6158025015850256,0.6161867527435074
independent,0.0,4.2870938501451725,5.278031643091577,0.4985743410776007,0.5004991665188809
independent,0.0,5.278031643091577,6.498019170849885,0.4086450412683403,0.4065316473792597
independent,0.0,6.498019170849885,8.0,0.33587394523765135,0.33020630477845186
positive,0.5,1.0,1.2311444133449163,1.7276109290760833,1.729248656259218
positive,0.5,1.2311444133449163,1.515716566510398,1.4111485135013089,1.4140251724593533
positive,0.5,1.515716566510398,1.8660659830736148,1.2322047198027783,1.2254234278415934
positive,0.5,1.8660659830736148,2.2973967099940698,1.0782602493487563,1.081868666851185
positive,0.5,2.2973967099940698,2.82842712474619,0.9653739909850664,0.9649820652919501
positive,0.5,2.82842712474619,3.4822022531844965,0.8668071339244209,0.8665111215423559
positive,0.5,3.4822022531844965,4.2870938501451725,0.7877275864995397,0.781823035208413
positive,0.5,4.2870938501451725,5.278031643091577,0.709098124991733,0.7079723563875051
positive,0.5,5.278031643091577,6.498019170849885,0.6462639182718531,0.6429296580952014
positive,0.5,6.498019170849885,8.0,0.5755048335984614,0.5852158400632239
identical,1.0,1.0,1.2311444133449163,1.0036211545757523,1.0
identical,1.0,1.2311444133449163,1.515716566510398,0.9959641772622609,1.0
identical,1.0,1.515716566510398,1.8660659830736148,1.0053956152244579,1.0
identical,1.0,1.8660659830736148,2.2973967099940698,0.9975426486170555,1.0
identical,1.0,2.2973967099940698,2.82842712474619,0.999969951830128,1.0
identical,1.0,2.82842712474619,3.4822022531844965,1.0049365153793766,1.0
identical,1.0,3.4822022531844965,4.2870938501451725,1.0054796270288706,1.0
identical,1.0,4.2870938501451725,5.278031643091577,1.000793181638987,1.0
identical,1.0,5.278031643091577,6.498019170849885,0.9939062609678513,1.0
identical,1.0,6.498019170849885,8.0,0.9923908674752588,1.0
