scenario_id,family,resources,parameter,cap,lower,upper,pooled_phi,known_model_phi,capacity_training_phi
independent_m2,independent,2,0.0,,1.0,1.4142135623730951,2.501499617014435,2.499355467208128,2.499355467208128
independent_m2,independent,2,0.0,,1.4142135623730951,2.0,1.7660141367413058,1.7673111994585389,1.7673111994585389
independent_m2,independent,2,0.0,,2.0,2.82842712474619,1.2569931188121657,1.2496777336040639,1.2496777336040639
independent_m2,independent,2,0.0,,2.82842712474619,4.0,0.8824180520552581,0.8836555997292695,0.8836555997292695
independent_m2,independent,2,0.0,,4.0,5.656854249492381,0.6310107432187433,0.624838866802032,0.624838866802032
independent_m2,independent,2,0.0,,5.656854249492381,7.999999999999999,0.44128039665608926,0.4418277998646348,0.4418277998646348
independent_m2,independent,2,0.0,,7.999999999999999,11.31370849898476,0.30608208617898286,0.31241943340101597,0.31241943340101597
independent_m2,independent,2,0.0,,11.31370849898476,16.0,0.21470184932302047,0.2209138999323174,0.2209138999323174
shock_m2_half,common_shock,2,0.5,,1.0,1.4142135623730951,1.6977414987949486,1.6971049039603778,1.679470514815861
shock_m2_half,common_shock,2,0.5,,1.4142135623730951,2.0,1.4313176488494974,1.4270894300497816,1.4178849627259362
shock_m2_half,common_shock,2,0.5,,2.0,2.82842712474619,1.1986004769906313,1.2000343859753284,1.1970426094350046
shock_m2_half,common_shock,2,0.5,,2.82842712474619,4.0,1.0162603824880352,1.0091046133478456,1.0105975071829116
shock_m2_half,common_shock,2,0.5,,4.0,5.656854249492381,0.8425964082730989,0.8485524519801889,0.8531921198747997
shock_m2_half,common_shock,2,0.5,,5.656854249492381,7.999999999999999,0.7076655444257264,0.7135447150248909,0.72030337324462
shock_m2_half,common_shock,2,0.5,,7.999999999999999,11.31370849898476,0.6006583931919812,0.600017192987664,0.6081126834407636
shock_m2_half,common_shock,2,0.5,,11.31370849898476,16.0,0.5051596469860813,0.5045523066739228,0.5133962292801029
shock_m2_shared,common_shock,2,1.0,,1.0,1.4142135623730951,0.9988498586819288,1.0000000000000002,1.0270987810077588
shock_m2_shared,common_shock,2,1.0,,1.4142135623730951,2.0,1.0012123778747102,1.0,1.019237064858771
shock_m2_shared,common_shock,2,1.0,,2.0,2.82842712474619,0.9966020064620837,1.0000000000000002,1.0114355245973907
shock_m2_shared,common_shock,2,1.0,,2.82842712474619,4.0,0.9929866522052976,1.0,1.0036936996196744
shock_m2_shared,common_shock,2,1.0,,4.0,5.656854249492381,0.9994373002185512,1.0000000000000002,0.9960111328472803
shock_m2_shared,common_shock,2,1.0,,5.656854249492381,7.999999999999999,0.9977616155852618,1.0,0.9883873707004742
shock_m2_shared,common_shock,2,1.0,,7.999999999999999,11.31370849898476,0.999690061842134,1.0000000000000002,0.9808219630713587
shock_m2_shared,common_shock,2,1.0,,11.31370849898476,16.0,1.0134601271300332,1.0,0.9733144632972921
gaussian_m2_half,gaussian,2,0.5,,1.0,1.4142135623730951,1.8582792712372216,1.8581901876332376,1.8503065958079536
gaussian_m2_half,gaussian,2,0.5,,1.4142135623730951,2.0,1.4061705756655314,1.411279380647042,1.4072094483926096
gaussian_m2_half,gaussian,2,0.5,,2.0,2.82842712474619,1.1500396261390733,1.1522574062457975,1.150912997831459
gaussian_m2_half,gaussian,2,0.5,,2.82842712474619,4.0,0.9583383503598497,0.9624401900431004,0.9630347999703327
gaussian_m2_half,gaussian,2,0.5,,4.0,5.656854249492381,0.8180638573467476,0.8139941589710872,0.8159770712593377
gaussian_m2_half,gaussian,2,0.5,,5.656854249492381,7.999999999999999,0.6963916338360167,0.6940427597422774,0.6970106205101725
gaussian_m2_half,gaussian,2,0.5,,7.999999999999999,11.31370849898476,0.607930602291049,0.5951809277735546,0.5988310729685546
gaussian_m2_half,gaussian,2,0.5,,11.31370849898476,16.0,0.504786083124511,0.5126149889439037,0.5167173932595807
student_m2_half,student,2,0.5,,1.0,1.4142135623730951,1.8555329094128215,1.8587842535506673,1.8462069463494784
student_m2_half,student,2,0.5,,1.4142135623730951,2.0,1.4331928701091725,1.4344641851213187,1.4276683472962355
student_m2_half,student,2,0.5,,2.0,2.82842712474619,1.1353997769580675,1.1434180475186184,1.1415434873924246
student_m2_half,student,2,0.5,,2.82842712474619,4.0,0.9456038579331212,0.9373445005907555,0.9387941809838155
student_m2_half,student,2,0.5,,4.0,5.656854249492381,0.7912650012599038,0.7902886494997746,0.7938124785455908
student_m2_half,student,2,0.5,,5.656854249492381,7.999999999999999,0.6833587592080518,0.683814127548521,0.6885922369715205
student_m2_half,student,2,0.5,,7.999999999999999,11.31370849898476,0.6000536951670187,0.6053610211748792,0.6108876292265538
student_m2_half,student,2,0.5,,11.31370849898476,16.0,0.5555931299518435,0.5465252149954645,0.5524946932343804
student_m2_zero,student,2,0.0,,1.0,1.4142135623730951,2.481699411661473,2.4716033959240535,2.4716033959240535
student_m2_zero,student,2,0.0,,1.4142135623730951,2.0,1.8026068213950308,1.7899493461247216,1.7899493461247216
student_m2_zero,student,2,0.0,,2.0,2.82842712474619,1.2084584013631179,1.2175955807385122,1.2175955807385122
student_m2_zero,student,2,0.0,,2.82842712474619,4.0,0.8266819505331496,0.8339010562564735,0.8339010562564735
student_m2_zero,student,2,0.0,,4.0,5.656854249492381,0.5933912276103613,0.5957594858326193,0.5957594858326193
student_m2_zero,student,2,0.0,,5.656854249492381,7.999999999999999,0.44059865630492145,0.4478391710390321,0.4478391710390321
student_m2_zero,student,2,0.0,,7.999999999999999,11.31370849898476,0.355182459285065,0.35314445334353933,0.35314445334353933
student_m2_zero,student,2,0.0,,11.31370849898476,16.0,0.2913810718468817,0.29020751074104784,0.29020751074104784
independent_m4,independent,4,0.0,,1.0,1.2510334048590739,3.9282279305250074,3.9323473208955915,3.9323473208955915
independent_m4,independent,4,0.0,,1.2510334048590739,1.5650845800732873,2.0082533379559373,2.0083765904480986,2.0083765904480986
independent_m4,independent,4,0.0,,1.5650845800732873,1.9579730911015183,1.0207236361038279,1.0257426925710322,1.0257426925710322
independent_m4,independent,4,0.0,,1.9579730911015183,2.449489742783178,0.5273917224177238,0.5238798721150807,0.5238798721150807
independent_m4,independent,4,0.0,,2.449489742783178,3.0643934930814165,0.27157294844404334,0.2675623452109627,0.2675623452109627
independent_m4,independent,4,0.0,,3.0643934930814165,3.8336586254776344,0.13753162724141105,0.1366527182763464,0.1366527182763464
independent_m4,independent,4,0.0,,3.8336586254776344,4.796035003298642,0.06946076498241589,0.06979295011632061,0.06979295011632061
independent_m4,independent,4,0.0,,4.796035003298642,6.0,0.036838032329634875,0.03564551036656815,0.03564551036656815
shock_m4_half,common_shock,4,0.5,,1.0,1.2510334048590739,2.453534565563697,2.449419179853896,2.442677459408624
shock_m4_half,common_shock,4,0.5,,1.2510334048590739,1.5650845800732873,1.750983181272294,1.7504904862526578,1.7481760766552938
shock_m4_half,common_shock,4,0.5,,1.5650845800732873,1.9579730911015183,1.248211154982401,1.2509973660955167,1.2511351358397473
shock_m4_half,common_shock,4,0.5,,1.9579730911015183,2.449489742783178,0.9075892155720237,0.8940319426289282,0.8954127384740531
shock_m4_half,common_shock,4,0.5,,2.449489742783178,3.0643934930814165,0.6323726482239176,0.6389246980875153,0.6408292351916626
shock_m4_half,common_shock,4,0.5,,3.0643934930814165,3.8336586254776344,0.4536323249195534,0.45661094459983753,0.4586288434718665
shock_m4_half,common_shock,4,0.5,,3.8336586254776344,4.796035003298642,0.3195745621347178,0.32631944789806494,0.3282316169633424
shock_m4_half,common_shock,4,0.5,,4.796035003298642,6.0,0.2341023473313954,0.2332059345835836,0.2349088939954109
gaussian_m4_half,gaussian,4,0.5,,1.0,1.2510334048590739,2.521163012841292,2.5173639059966924,2.527215489097763
gaussian_m4_half,gaussian,4,0.5,,1.2510334048590739,1.5650845800732873,1.5543527136667912,1.5594571751730903,1.5627514148561528
gaussian_m4_half,gaussian,4,0.5,,1.5650845800732873,1.9579730911015183,1.1198744008416628,1.1267683487845759,1.126914983280214
gaussian_m4_half,gaussian,4,0.5,,1.9579730911015183,2.449489742783178,0.8635976835769017,0.8531675803966633,0.8516139373643656
gaussian_m4_half,gaussian,4,0.5,,2.449489742783178,3.0643934930814165,0.6553355234774825,0.6628471187114319,0.6603673083170917
gaussian_m4_half,gaussian,4,0.5,,3.0643934930814165,3.8336586254776344,0.5225042012248908,0.523703989091572,0.5207527611763887
gaussian_m4_half,gaussian,4,0.5,,3.8336586254776344,4.796035003298642,0.4227561312301535,0.4187690185445788,0.41562495734833027
gaussian_m4_half,gaussian,4,0.5,,4.796035003298642,6.0,0.3404163331408258,0.3379228633013962,0.3347591485596941
student_m4_half,student,4,0.5,,1.0,1.2510334048590739,2.469129277040943,2.468246034252096,2.459713918359594
student_m4_half,student,4,0.5,,1.2510334048590739,1.5650845800732873,1.6409319780520402,1.6442845735285918,1.6407961442496835
student_m4_half,student,4,0.5,,1.5650845800732873,1.9579730911015183,1.158660327628722,1.1599818033777247,1.1597317795806596
student_m4_half,student,4,0.5,,1.9579730911015183,2.449489742783178,0.8466544830303968,0.8479737088922904,0.8495040279569619
student_m4_half,student,4,0.5,,2.449489742783178,3.0643934930814165,0.6423488253086624,0.6414380566025643,0.6438308539468621
student_m4_half,student,4,0.5,,3.0643934930814165,3.8336586254776344,0.5045542697238725,0.5011887960695569,0.5039313196324801
student_m4_half,student,4,0.5,,3.8336586254776344,4.796035003298642,0.4045732293040779,0.40341593468057385,0.40624168389956866
student_m4_half,student,4,0.5,,4.796035003298642,6.0,0.33314760991128517,0.33347109259660107,0.33625027237419003
gaussian_m2_cap8,gaussian,2,0.5,8.0,1.0,1.2968395546510096,1.415792583940534,1.4162346304415245,1.4091944393337337
gaussian_m2_cap8,gaussian,2,0.5,8.0,1.2968395546510096,1.681792830507429,1.1285727677443693,1.1251278959971898,1.1205418482712337
gaussian_m2_cap8,gaussian,2,0.5,8.0,1.681792830507429,2.181015465330515,0.9541670685909318,0.9528581970927398,0.9501842829767779
gaussian_m2_cap8,gaussian,2,0.5,8.0,2.181015465330515,2.82842712474619,0.8196366722745542,0.8235184521509111,0.8223109201275721
gaussian_m2_cap8,gaussian,2,0.5,8.0,2.82842712474619,3.668016172818685,0.7228508357438175,0.7197465501907738,0.719679384741001
gaussian_m2_cap8,gaussian,2,0.5,8.0,3.668016172818685,4.756828460010883,0.6341482530770793,0.6336537069438214,0.6344774666888993
gaussian_m2_cap8,gaussian,2,0.5,8.0,4.756828460010883,6.168843301631762,0.5574356314111517,0.5607653600082475,0.5622837970124883
gaussian_m2_cap8,gaussian,2,0.5,8.0,6.168843301631762,8.0,1.767396187217561,1.7680952071747924,1.7813278608482932
student_m2_cap8,student,2,0.5,8.0,1.0,1.2968395546510096,1.3787109535904056,1.3837673878900336,1.3930290652719501
student_m2_cap8,student,2,0.5,8.0,1.2968395546510096,1.681792830507429,1.1306007787172263,1.130520033365625,1.1369294800224037
student_m2_cap8,student,2,0.5,8.0,1.681792830507429,2.181015465330515,0.936094937220383,0.9442603684762437,0.9478498464185541
student_m2_cap8,student,2,0.5,8.0,2.181015465330515,2.82842712474619,0.7995763112939599,0.8007801614057891,0.8021215055630347
student_m2_cap8,student,2,0.5,8.0,2.82842712474619,3.668016172818685,0.6940487998234701,0.6900040654953157,0.68969896675097
student_m2_cap8,student,2,0.5,8.0,3.668016172818685,4.756828460010883,0.6041648036664924,0.6040956521131517,0.6026324221827929
student_m2_cap8,student,2,0.5,8.0,4.756828460010883,6.168843301631762,0.5387621411873361,0.5369606100625066,0.534698479827778
student_m2_cap8,student,2,0.5,8.0,6.168843301631762,8.0,1.9180412745007274,1.9096117211913335,1.8930402339625156
