scenario_id,model,resource,parameters_json,lower,upper,center,pooled_phi,run_q10,run_q90,prediction_phi
s01_inverse_cost_d1,inverse_cost_d1,q(x)=x^1,"{""allocation_tilt"": 0, ""d"": 1}",1.0,1.405115826483646,1.185375816559308,0.9933060590130771,0.9864512291151566,1.0009281890237336,1.0
s01_inverse_cost_d1,inverse_cost_d1,q(x)=x^1,"{""allocation_tilt"": 0, ""d"": 1}",1.405115826483646,1.9743504858348198,1.6655903201784588,0.9965679176521289,0.9858208595787363,1.0047788901446741,1.0
s01_inverse_cost_d1,inverse_cost_d1,q(x)=x^1,"{""allocation_tilt"": 0, ""d"": 1}",1.9743504858348198,2.774191114672181,2.340347319320716,1.0050271266005346,0.9961456146656715,1.0163294417964124,1.0
s01_inverse_cost_d1,inverse_cost_d1,q(x)=x^1,"{""allocation_tilt"": 0, ""d"": 1}",2.774191114672181,3.898059840916189,3.2884590578461133,0.9984679893848368,0.9803834028474592,1.0102869043289353,1.0
s01_inverse_cost_d1,inverse_cost_d1,q(x)=x^1,"{""allocation_tilt"": 0, ""d"": 1}",3.898059840916189,5.477225575051661,4.620665866923074,0.9996249377798849,0.9875809337930392,1.0142229253625683,1.0
s01_inverse_cost_d1,inverse_cost_d1,q(x)=x^1,"{""allocation_tilt"": 0, ""d"": 1}",5.477225575051661,7.696136340726079,6.492570738506388,0.9984228564503468,0.9632886208803468,1.0165194268486764,1.0
s01_inverse_cost_d1,inverse_cost_d1,q(x)=x^1,"{""allocation_tilt"": 0, ""d"": 1}",7.696136340726079,10.81396297513015,9.12281389923994,0.9932773190450359,0.9684242752571881,1.0228276009716961,1.0
s01_inverse_cost_d1,inverse_cost_d1,q(x)=x^1,"{""allocation_tilt"": 0, ""d"": 1}",10.81396297513015,15.194870523363546,12.818610191887023,1.004228166436199,0.9526839699751504,1.0342430691882554,1.0
s01_inverse_cost_d1,inverse_cost_d1,q(x)=x^1,"{""allocation_tilt"": 0, ""d"": 1}",15.194870523363546,21.35055305374796,18.01163205414502,1.0063390282924916,0.9785619650173598,1.0224272319494576,1.0
s01_inverse_cost_d1,inverse_cost_d1,q(x)=x^1,"{""allocation_tilt"": 0, ""d"": 1}",21.35055305374796,30.0,25.308429260079315,1.0047385993454638,0.9837269092561719,1.0259559997314904,1.0
s02_inverse_cost_d2,inverse_cost_d2,q(x)=x^2,"{""allocation_tilt"": 0, ""d"": 2}",1.0,1.2589254117941673,1.1220184543019636,1.0054224868706558,0.9927763868069207,1.0130344243991458,1.0
s02_inverse_cost_d2,inverse_cost_d2,q(x)=x^2,"{""allocation_tilt"": 0, ""d"": 2}",1.2589254117941673,1.5848931924611136,1.4125375446227544,1.003591741194068,0.9961134432135076,1.0082860852571132,1.0
s02_inverse_cost_d2,inverse_cost_d2,q(x)=x^2,"{""allocation_tilt"": 0, ""d"": 2}",1.5848931924611136,1.9952623149688797,1.778279410038923,1.0052683874612387,0.9931994995111156,1.0221309369700087,1.0
s02_inverse_cost_d2,inverse_cost_d2,q(x)=x^2,"{""allocation_tilt"": 0, ""d"": 2}",1.9952623149688797,2.51188643150958,2.2387211385683394,1.003114354572583,0.9914086726030361,1.01065493653526,1.0
s02_inverse_cost_d2,inverse_cost_d2,q(x)=x^2,"{""allocation_tilt"": 0, ""d"": 2}",2.51188643150958,3.1622776601683795,2.818382931264454,1.0025662812683398,0.9731981127891068,1.0255958797030218,1.0
s02_inverse_cost_d2,inverse_cost_d2,q(x)=x^2,"{""allocation_tilt"": 0, ""d"": 2}",3.1622776601683795,3.981071705534973,3.548133892335755,0.9922745225156914,0.9590946011563977,1.0223113926771072,1.0
s02_inverse_cost_d2,inverse_cost_d2,q(x)=x^2,"{""allocation_tilt"": 0, ""d"": 2}",3.981071705534973,5.011872336272724,4.466835921509632,1.003709009375588,0.962796302522454,1.0399317348823334,1.0
s02_inverse_cost_d2,inverse_cost_d2,q(x)=x^2,"{""allocation_tilt"": 0, ""d"": 2}",5.011872336272724,6.309573444801933,5.623413251903492,0.9988651366145795,0.9730601626967138,1.027236764737463,1.0
s02_inverse_cost_d2,inverse_cost_d2,q(x)=x^2,"{""allocation_tilt"": 0, ""d"": 2}",6.309573444801933,7.943282347242816,7.0794578438413795,0.9958779423178343,0.9438148659436798,1.069841053091916,1.0
s02_inverse_cost_d2,inverse_cost_d2,q(x)=x^2,"{""allocation_tilt"": 0, ""d"": 2}",7.943282347242816,10.0,8.912509381337456,0.9893101378094225,0.9155590368822667,1.0961552895718187,1.0
s03_tilted_allocation,tilted_allocation,q(x)=x^1,"{""allocation_tilt"": 0.6, ""d"": 1}",1.0,1.405115826483646,1.185375816559308,0.3395783131016013,0.3352483316000417,0.3442046146039794,0.3380848983904126
s03_tilted_allocation,tilted_allocation,q(x)=x^1,"{""allocation_tilt"": 0.6, ""d"": 1}",1.405115826483646,1.9743504858348198,1.6655903201784588,0.4174138061663671,0.41235908119414955,0.4239026127956671,0.4146226732327404
s03_tilted_allocation,tilted_allocation,q(x)=x^1,"{""allocation_tilt"": 0.6, ""d"": 1}",1.9743504858348198,2.774191114672181,2.340347319320716,0.5107416258284467,0.5055149289665405,0.5179504661499497,0.5084875484741228
s03_tilted_allocation,tilted_allocation,q(x)=x^1,"{""allocation_tilt"": 0.6, ""d"": 1}",2.774191114672181,3.898059840916189,3.2884590578461133,0.6189543338688935,0.6012619250545974,0.6323017876177545,0.6236021415261249
s03_tilted_allocation,tilted_allocation,q(x)=x^1,"{""allocation_tilt"": 0.6, ""d"": 1}",3.898059840916189,5.477225575051661,4.620665866923074,0.761844944197671,0.7455193307344843,0.7765438478139924,0.764777096475469
s03_tilted_allocation,tilted_allocation,q(x)=x^1,"{""allocation_tilt"": 0.6, ""d"": 1}",5.477225575051661,7.696136340726079,6.492570738506388,0.9407361268831793,0.9256762527208172,0.9546610843020811,0.9379121211195296
s03_tilted_allocation,tilted_allocation,q(x)=x^1,"{""allocation_tilt"": 0.6, ""d"": 1}",7.696136340726079,10.81396297513015,9.12281389923994,1.1583061736606686,1.1343861141059577,1.1793993992280374,1.1502425360238946
s03_tilted_allocation,tilted_allocation,q(x)=x^1,"{""allocation_tilt"": 0.6, ""d"": 1}",10.81396297513015,15.194870523363546,12.818610191887023,1.400721885976303,1.370747614132028,1.4243736085065484,1.410641638898352
s03_tilted_allocation,tilted_allocation,q(x)=x^1,"{""allocation_tilt"": 0.6, ""d"": 1}",15.194870523363546,21.35055305374796,18.01163205414502,1.7248388757399007,1.7075786307540797,1.7536889211026074,1.7299915201123202
s03_tilted_allocation,tilted_allocation,q(x)=x^1,"{""allocation_tilt"": 0.6, ""d"": 1}",21.35055305374796,30.0,25.308429260079315,2.126863914576968,2.061963185100506,2.166862399467058,2.121637825747034
s04_preferential_attachment,preferential_attachment,degree / edge incidences,"{""m"": 2, ""nodes"": 40000}",4.0,5.278031643091577,4.5947934199881395,3.079195247628737,3.0621737316148026,3.1077244787442035,3.091334894613583
s04_preferential_attachment,preferential_attachment,degree / edge incidences,"{""m"": 2, ""nodes"": 40000}",5.278031643091577,6.964404506368992,6.062866266041592,0.9729045446660078,0.9497465808339162,1.0018013625089677,0.9660421545667455
s04_preferential_attachment,preferential_attachment,degree / edge incidences,"{""m"": 2, ""nodes"": 40000}",6.964404506368992,9.189586839976279,7.999999999999999,1.8417501629290658,1.7745324287449067,1.902317578053572,1.8442622950819672
s04_preferential_attachment,preferential_attachment,degree / edge incidences,"{""m"": 2, ""nodes"": 40000}",9.189586839976279,12.125732532083186,10.556063286183154,1.0579652386734992,1.022236183849627,1.0754162310170055,1.053864168618267
s04_preferential_attachment,preferential_attachment,degree / edge incidences,"{""m"": 2, ""nodes"": 40000}",12.125732532083186,15.999999999999993,13.928809012737984,0.6871715045268505,0.6551520749426827,0.7035609964225945,0.6819121091059386
s04_preferential_attachment,preferential_attachment,degree / edge incidences,"{""m"": 2, ""nodes"": 40000}",15.999999999999993,21.112126572366307,18.379173679952554,0.8222408724558437,0.7872582437418816,0.8516684405226844,0.830153871955053
s04_preferential_attachment,preferential_attachment,degree / edge incidences,"{""m"": 2, ""nodes"": 40000}",21.112126572366307,27.857618025475958,24.251465064166364,0.4906063774421785,0.4612125673401075,0.5232034433124073,0.4866419249391706
s04_preferential_attachment,preferential_attachment,degree / edge incidences,"{""m"": 2, ""nodes"": 40000}",27.857618025475958,36.758347359905116,31.99999999999999,0.4262130596437589,0.38939812361979087,0.4796331634495006,0.4418196423789824
s04_preferential_attachment,preferential_attachment,degree / edge incidences,"{""m"": 2, ""nodes"": 40000}",36.758347359905116,48.50293012833271,42.2242531447326,0.3537459619378958,0.3237838927621996,0.37947328197746777,0.3416738567730814
s04_preferential_attachment,preferential_attachment,degree / edge incidences,"{""m"": 2, ""nodes"": 40000}",48.50293012833271,64.0,55.71523605095193,0.2682070300961629,0.2329074516018619,0.3098643586221119,0.2622950819672127
s05_preferential_attachment,preferential_attachment,centered wedges k(k-1)/2,"{""m"": 2, ""nodes"": 40000}",4.0,5.278031643091577,4.5947934199881395,0.9133518975816217,0.9088657365871895,0.9236645969407742,0.9203280667194609
s05_preferential_attachment,preferential_attachment,centered wedges k(k-1)/2,"{""m"": 2, ""nodes"": 40000}",5.278031643091577,6.964404506368992,6.062866266041592,0.4223361058129591,0.41228327553580113,0.43488016225209486,0.42088173782902205
s05_preferential_attachment,preferential_attachment,centered wedges k(k-1)/2,"{""m"": 2, ""nodes"": 40000}",6.964404506368992,9.189586839976279,7.999999999999999,1.0964114294199805,1.0571904114170454,1.129265980564528,1.1022850200435228
s05_preferential_attachment,preferential_attachment,centered wedges k(k-1)/2,"{""m"": 2, ""nodes"": 40000}",9.189586839976279,12.125732532083186,10.556063286183154,0.9085029619539288,0.8767338038548549,0.9272382852939174,0.9084766648710353
s05_preferential_attachment,preferential_attachment,centered wedges k(k-1)/2,"{""m"": 2, ""nodes"": 40000}",12.125732532083186,15.999999999999993,13.928809012737984,0.7711615008188494,0.7384814983308797,0.7858812281061125,0.7673251761439708
s05_preferential_attachment,preferential_attachment,centered wedges k(k-1)/2,"{""m"": 2, ""nodes"": 40000}",15.999999999999993,21.112126572366307,18.379173679952554,1.2289397764800223,1.18026479943024,1.2716488367602055,1.2446915160978702
s05_preferential_attachment,preferential_attachment,centered wedges k(k-1)/2,"{""m"": 2, ""nodes"": 40000}",21.112126572366307,27.857618025475958,24.251465064166364,0.9935123911635412,0.934381754194461,1.0540485355986466,0.9869501490317099
s05_preferential_attachment,preferential_attachment,centered wedges k(k-1)/2,"{""m"": 2, ""nodes"": 40000}",27.857618025475958,36.758347359905116,31.99999999999999,1.1355464756965399,1.0378135566340358,1.2781846418675122,1.178064780327758
s05_preferential_attachment,preferential_attachment,centered wedges k(k-1)/2,"{""m"": 2, ""nodes"": 40000}",36.758347359905116,48.50293012833271,42.2242531447326,1.2538634358665615,1.1595612445970551,1.337526625997268,1.2193463970266962
s05_preferential_attachment,preferential_attachment,centered wedges k(k-1)/2,"{""m"": 2, ""nodes"": 40000}",48.50293012833271,64.0,55.71523605095193,1.2763740252059963,1.0891601702109905,1.50171699214889,1.2516504919089548
s06_erdos_renyi,erdos_renyi,degree / edge incidences,"{""excluded_isolate_fraction"": 0.018308333333333333, ""mean_degree"": 4, ""nodes"": 40000}",4.0,5.278031643091577,4.5947934199881395,5.12334473650615,5.077858570163646,5.188036294448992,5.128689636052259
s06_erdos_renyi,erdos_renyi,degree / edge incidences,"{""excluded_isolate_fraction"": 0.018308333333333333, ""mean_degree"": 4, ""nodes"": 40000}",5.278031643091577,6.964404506368992,6.062866266041592,2.0455667235801287,2.016328542453324,2.094236948874146,2.05142456111288
s06_erdos_renyi,erdos_renyi,degree / edge incidences,"{""excluded_isolate_fraction"": 0.018308333333333333, ""mean_degree"": 4, ""nodes"": 40000}",6.964404506368992,9.189586839976279,7.999999999999999,2.547882061473364,2.4919057043399184,2.5857644438103025,2.539604972057651
s06_erdos_renyi,erdos_renyi,degree / edge incidences,"{""excluded_isolate_fraction"": 0.018308333333333333, ""mean_degree"": 4, ""nodes"": 40000}",9.189586839976279,12.125732532083186,10.556063286183154,0.2718875038657233,0.24987216658690586,0.29818193237697777,0.26827968472979585
s06_erdos_renyi,erdos_renyi,degree / edge incidences,"{""excluded_isolate_fraction"": 0.018308333333333333, ""mean_degree"": 4, ""nodes"": 40000}",12.125732532083186,15.999999999999993,13.928809012737984,0.010977630347413343,0.007880955518068387,0.014148035529837944,0.01173998320228014
s06_erdos_renyi,erdos_renyi,degree / edge incidences,"{""excluded_isolate_fraction"": 0.018308333333333333, ""mean_degree"": 4, ""nodes"": 40000}",15.999999999999993,21.112126572366307,18.379173679952554,0.0003413442272205631,0.0,0.0013107618325269622,0.00026113770233770665
s06_erdos_renyi,erdos_renyi,degree / edge incidences,"{""excluded_isolate_fraction"": 0.018308333333333333, ""mean_degree"": 4, ""nodes"": 40000}",21.112126572366307,27.857618025475958,24.251465064166364,0.0,0.0,0.0,2.5142333604435476e-08
s06_erdos_renyi,erdos_renyi,degree / edge incidences,"{""excluded_isolate_fraction"": 0.018308333333333333, ""mean_degree"": 4, ""nodes"": 40000}",27.857618025475958,36.758347359905116,31.99999999999999,0.0,0.0,0.0,4.603461679005415e-13
s06_erdos_renyi,erdos_renyi,degree / edge incidences,"{""excluded_isolate_fraction"": 0.018308333333333333, ""mean_degree"": 4, ""nodes"": 40000}",36.758347359905116,48.50293012833271,42.2242531447326,0.0,0.0,0.0,3.3753286387384758e-21
s06_erdos_renyi,erdos_renyi,degree / edge incidences,"{""excluded_isolate_fraction"": 0.018308333333333333, ""mean_degree"": 4, ""nodes"": 40000}",48.50293012833271,64.0,55.71523605095193,0.0,0.0,0.0,1.6294328201772797e-33
s07_erdos_renyi,erdos_renyi,centered wedges k(k-1)/2,"{""excluded_isolate_fraction"": 0.018308333333333333, ""mean_degree"": 4, ""nodes"": 40000}",4.0,5.278031643091577,4.5947934199881395,3.755296134372619,3.72126012094497,3.8025400846923754,3.763878707376604
s07_erdos_renyi,erdos_renyi,centered wedges k(k-1)/2,"{""excluded_isolate_fraction"": 0.018308333333333333, ""mean_degree"": 4, ""nodes"": 40000}",5.278031643091577,6.964404506368992,6.062866266041592,2.143014080493806,2.1123830416132416,2.1940028734300423,2.1507340563687594
s07_erdos_renyi,erdos_renyi,centered wedges k(k-1)/2,"{""excluded_isolate_fraction"": 0.018308333333333333, ""mean_degree"": 4, ""nodes"": 40000}",6.964404506368992,9.189586839976279,7.999999999999999,3.5336123226778393,3.451823701163275,3.594338278585393,3.5227302934465294
s07_erdos_renyi,erdos_renyi,centered wedges k(k-1)/2,"{""excluded_isolate_fraction"": 0.018308333333333333, ""mean_degree"": 4, ""nodes"": 40000}",9.189586839976279,12.125732532083186,10.556063286183154,0.5383704756493682,0.4938592019279788,0.5907181686947177,0.53142550352444
s07_erdos_renyi,erdos_renyi,centered wedges k(k-1)/2,"{""excluded_isolate_fraction"": 0.018308333333333333, ""mean_degree"": 4, ""nodes"": 40000}",12.125732532083186,15.999999999999993,13.928809012737984,0.028582675768722685,0.020752550297899543,0.03680874181870619,0.03039261639924919
s07_erdos_renyi,erdos_renyi,centered wedges k(k-1)/2,"{""excluded_isolate_fraction"": 0.018308333333333333, ""mean_degree"": 4, ""nodes"": 40000}",15.999999999999993,21.112126572366307,18.379173679952554,0.0011243110376446778,0.0,0.004119612962362179,0.0008387110276783606
s07_erdos_renyi,erdos_renyi,centered wedges k(k-1)/2,"{""excluded_isolate_fraction"": 0.018308333333333333, ""mean_degree"": 4, ""nodes"": 40000}",21.112126572366307,27.857618025475958,24.251465064166364,0.0,0.0,0.0,1.1185411874793926e-07
s07_erdos_renyi,erdos_renyi,centered wedges k(k-1)/2,"{""excluded_isolate_fraction"": 0.018308333333333333, ""mean_degree"": 4, ""nodes"": 40000}",27.857618025475958,36.758347359905116,31.99999999999999,0.0,0.0,0.0,2.622078918246315e-12
s07_erdos_renyi,erdos_renyi,centered wedges k(k-1)/2,"{""excluded_isolate_fraction"": 0.018308333333333333, ""mean_degree"": 4, ""nodes"": 40000}",36.758347359905116,48.50293012833271,42.2242531447326,0.0,0.0,0.0,2.556395134082108e-20
s07_erdos_renyi,erdos_renyi,centered wedges k(k-1)/2,"{""excluded_isolate_fraction"": 0.018308333333333333, ""mean_degree"": 4, ""nodes"": 40000}",48.50293012833271,64.0,55.71523605095193,0.0,0.0,0.0,1.643002809914427e-32
s08_conservative_exchange,conservative_exchange,money q(x)=x,"{""agents"": 12000, ""full_mean"": 1.0, ""full_variance"": 1.0004191218272336, ""maximum_total_error"": 0.0, ""saving"": 0.0, ""sweeps"": 200}",0.1,0.1478757636628314,0.12160417906586574,0.054202737140942314,0.050881560521465655,0.0560530343490994,0.054816460441105455
s08_conservative_exchange,conservative_exchange,money q(x)=x,"{""agents"": 12000, ""full_mean"": 1.0, ""full_variance"": 1.0004191218272336, ""maximum_total_error"": 0.0, ""saving"": 0.0, ""sweeps"": 200}",0.1478757636628314,0.21867241478865562,0.1798231084395659,0.11213765576832817,0.10731570627097692,0.11839315079702649,0.11289217115780681
s08_conservative_exchange,conservative_exchange,money q(x)=x,"{""agents"": 12000, ""full_mean"": 1.0, ""full_variance"": 1.0004191218272336, ""maximum_total_error"": 0.0, ""saving"": 0.0, ""sweeps"": 200}",0.21867241478865562,0.32336350328867863,0.2659147948472494,0.2281866649923253,0.22070912957504712,0.23485317999734567,0.22593512716645847
s08_conservative_exchange,conservative_exchange,money q(x)=x,"{""agents"": 12000, ""full_mean"": 1.0, ""full_variance"": 1.0004191218272336, ""maximum_total_error"": 0.0, ""saving"": 0.0, ""sweeps"": 200}",0.32336350328867863,0.47817624989501845,0.3932235335728214,0.4313339639818774,0.41936082641334904,0.44264825517913986,0.4334704151991898
s08_conservative_exchange,conservative_exchange,money q(x)=x,"{""agents"": 12000, ""full_mean"": 1.0, ""full_variance"": 1.0004191218272336, ""maximum_total_error"": 0.0, ""saving"": 0.0, ""sweeps"": 200}",0.47817624989501845,0.7071067811865475,0.5814823031727798,0.7811322963043401,0.7734530914740877,0.7902599463176039,0.7814448614851541
s08_conservative_exchange,conservative_exchange,money q(x)=x,"{""agents"": 12000, ""full_mean"": 1.0, ""full_variance"": 1.0004191218272336, ""maximum_total_error"": 0.0, ""saving"": 0.0, ""sweeps"": 200}",0.7071067811865475,1.045639552591273,0.8598713963809685,1.2788558096533602,1.2570424506396867,1.2951594001254223,1.2854436929154962
s08_conservative_exchange,conservative_exchange,money q(x)=x,"{""agents"": 12000, ""full_mean"": 1.0, ""full_variance"": 1.0004191218272336, ""maximum_total_error"": 0.0, ""saving"": 0.0, ""sweeps"": 200}",1.045639552591273,1.5462474735549587,1.2715413939166091,1.8429102376989157,1.8047097202476523,1.8831934575399176,1.848447539796678
s08_conservative_exchange,conservative_exchange,money q(x)=x,"{""agents"": 12000, ""full_mean"": 1.0, ""full_variance"": 1.0004191218272336, ""maximum_total_error"": 0.0, ""saving"": 0.0, ""sweeps"": 200}",1.5462474735549587,2.2865252596366314,1.8803015465431967,2.1835316993000635,2.12766326588498,2.261560766750144,2.1834313498243967
s08_conservative_exchange,conservative_exchange,money q(x)=x,"{""agents"": 12000, ""full_mean"": 1.0, ""full_variance"": 1.0004191218272336, ""maximum_total_error"": 0.0, ""saving"": 0.0, ""sweeps"": 200}",2.2865252596366314,3.3812166890312056,2.78051027111478,1.947380053162171,1.8767553927539404,2.032068345001325,1.9372354189525467
s08_conservative_exchange,conservative_exchange,money q(x)=x,"{""agents"": 12000, ""full_mean"": 1.0, ""full_variance"": 1.0004191218272336, ""maximum_total_error"": 0.0, ""saving"": 0.0, ""sweeps"": 200}",3.3812166890312056,5.0,4.111700797134445,1.1403288819976765,1.0934565804680467,1.180316726406938,1.1368829630611683
s09_saving_exchange,saving_exchange,money q(x)=x,"{""agents"": 12000, ""full_mean"": 1.0, ""full_variance"": 0.24988200939408153, ""maximum_total_error"": 0.0, ""saving"": 0.5, ""sweeps"": 200}",0.1,0.1478757636628314,0.12160417906586574,0.002041510395603167,0.0016537439596194603,0.00237822836330949,
s09_saving_exchange,saving_exchange,money q(x)=x,"{""agents"": 12000, ""full_mean"": 1.0, ""full_variance"": 0.24988200939408153, ""maximum_total_error"": 0.0, ""saving"": 0.5, ""sweeps"": 200}",0.1478757636628314,0.21867241478865562,0.1798231084395659,0.014457930711504193,0.01220804921122783,0.016221152588525602,
s09_saving_exchange,saving_exchange,money q(x)=x,"{""agents"": 12000, ""full_mean"": 1.0, ""full_variance"": 0.24988200939408153, ""maximum_total_error"": 0.0, ""saving"": 0.5, ""sweeps"": 200}",0.21867241478865562,0.32336350328867863,0.2659147948472494,0.08273855775244504,0.07760586155188498,0.08787753251143048,
s09_saving_exchange,saving_exchange,money q(x)=x,"{""agents"": 12000, ""full_mean"": 1.0, ""full_variance"": 0.24988200939408153, ""maximum_total_error"": 0.0, ""saving"": 0.5, ""sweeps"": 200}",0.32336350328867863,0.47817624989501845,0.3932235335728214,0.35715856872582286,0.349788406221006,0.3625322334319185,
s09_saving_exchange,saving_exchange,money q(x)=x,"{""agents"": 12000, ""full_mean"": 1.0, ""full_variance"": 0.24988200939408153, ""maximum_total_error"": 0.0, ""saving"": 0.5, ""sweeps"": 200}",0.47817624989501845,0.7071067811865475,0.5814823031727798,1.1370011802784115,1.1180092177436436,1.1575717204412188,
s09_saving_exchange,saving_exchange,money q(x)=x,"{""agents"": 12000, ""full_mean"": 1.0, ""full_variance"": 0.24988200939408153, ""maximum_total_error"": 0.0, ""saving"": 0.5, ""sweeps"": 200}",0.7071067811865475,1.045639552591273,0.8598713963809685,2.478812570642788,2.4598567123911703,2.5036971427732806,
s09_saving_exchange,saving_exchange,money q(x)=x,"{""agents"": 12000, ""full_mean"": 1.0, ""full_variance"": 0.24988200939408153, ""maximum_total_error"": 0.0, ""saving"": 0.5, ""sweeps"": 200}",1.045639552591273,1.5462474735549587,1.2715413939166091,3.298818166054244,3.26651213637074,3.352376651126815,
s09_saving_exchange,saving_exchange,money q(x)=x,"{""agents"": 12000, ""full_mean"": 1.0, ""full_variance"": 0.24988200939408153, ""maximum_total_error"": 0.0, ""saving"": 0.5, ""sweeps"": 200}",1.5462474735549587,2.2865252596366314,1.8803015465431967,2.1287560443473192,2.0774478164013144,2.1864554035224435,
s09_saving_exchange,saving_exchange,money q(x)=x,"{""agents"": 12000, ""full_mean"": 1.0, ""full_variance"": 0.24988200939408153, ""maximum_total_error"": 0.0, ""saving"": 0.5, ""sweeps"": 200}",2.2865252596366314,3.3812166890312056,2.78051027111478,0.478074908104176,0.4516199069014799,0.5018661070361166,
s09_saving_exchange,saving_exchange,money q(x)=x,"{""agents"": 12000, ""full_mean"": 1.0, ""full_variance"": 0.24988200939408153, ""maximum_total_error"": 0.0, ""saving"": 0.5, ""sweeps"": 200}",3.3812166890312056,5.0,4.111700797134445,0.022140562987684072,0.011625365900410096,0.03445467586902546,
s10_floor_multiplicative_growth,floor_multiplicative_growth,size/wealth q(x)=x,"{""agents"": 12000, ""diffusion"": 0.1, ""drift"": -0.005, ""floor_atom_fraction"": 0.06913194444444445, ""steps"": 1800}",2.0,2.5178508235883346,2.244036908603927,1.0230987359959254,0.9925625465367981,1.0546795782820428,1.0
s10_floor_multiplicative_growth,floor_multiplicative_growth,size/wealth q(x)=x,"{""agents"": 12000, ""diffusion"": 0.1, ""drift"": -0.005, ""floor_atom_fraction"": 0.06913194444444445, ""steps"": 1800}",2.5178508235883346,3.169786384922227,2.8250750892455088,1.0159259868768993,0.9813913044829574,1.045095916145853,1.0
s10_floor_multiplicative_growth,floor_multiplicative_growth,size/wealth q(x)=x,"{""agents"": 12000, ""diffusion"": 0.1, ""drift"": -0.005, ""floor_atom_fraction"": 0.06913194444444445, ""steps"": 1800}",3.169786384922227,3.9905246299377604,3.5565588200778464,0.9970332642824916,0.9637345163566065,1.0376021828406696,1.0
s10_floor_multiplicative_growth,floor_multiplicative_growth,size/wealth q(x)=x,"{""agents"": 12000, ""diffusion"": 0.1, ""drift"": -0.005, ""floor_atom_fraction"": 0.06913194444444445, ""steps"": 1800}",3.9905246299377604,5.02377286301916,4.47744227713668,0.983587489157807,0.9135562640832194,1.0493939382659503,1.0
s10_floor_multiplicative_growth,floor_multiplicative_growth,size/wealth q(x)=x,"{""agents"": 12000, ""diffusion"": 0.1, ""drift"": -0.005, ""floor_atom_fraction"": 0.06913194444444445, ""steps"": 1800}",5.02377286301916,6.32455532033676,5.636765862528908,0.9894211577331191,0.9428769505516206,1.0311278627124982,1.0
s10_floor_multiplicative_growth,floor_multiplicative_growth,size/wealth q(x)=x,"{""agents"": 12000, ""diffusion"": 0.1, ""drift"": -0.005, ""floor_atom_fraction"": 0.06913194444444445, ""steps"": 1800}",6.32455532033676,7.962143411069948,7.096267784671511,1.0385800939032364,0.9969687545153203,1.1019701178387218,1.0
s10_floor_multiplicative_growth,floor_multiplicative_growth,size/wealth q(x)=x,"{""agents"": 12000, ""diffusion"": 0.1, ""drift"": -0.005, ""floor_atom_fraction"": 0.06913194444444445, ""steps"": 1800}",7.962143411069948,10.023744672545446,8.933671843019264,0.9954297439758022,0.9512107973432069,1.072243591899727,1.0
s10_floor_multiplicative_growth,floor_multiplicative_growth,size/wealth q(x)=x,"{""agents"": 12000, ""diffusion"": 0.1, ""drift"": -0.005, ""floor_atom_fraction"": 0.06913194444444445, ""steps"": 1800}",10.023744672545446,12.619146889603869,11.246826503806984,0.9881943098001813,0.9554049279657646,1.050608705075554,1.0
s10_floor_multiplicative_growth,floor_multiplicative_growth,size/wealth q(x)=x,"{""agents"": 12000, ""diffusion"": 0.1, ""drift"": -0.005, ""floor_atom_fraction"": 0.06913194444444445, ""steps"": 1800}",12.619146889603869,15.88656469448563,14.15891568768276,0.9945012589326521,0.9623935921077377,1.0280777745084169,1.0
s10_floor_multiplicative_growth,floor_multiplicative_growth,size/wealth q(x)=x,"{""agents"": 12000, ""diffusion"": 0.1, ""drift"": -0.005, ""floor_atom_fraction"": 0.06913194444444445, ""steps"": 1800}",15.88656469448563,20.0,17.82501876267491,0.9742279593418852,0.9034212129892837,1.0249967079178623,1.0
s11_floor_multiplicative_growth,floor_multiplicative_growth,size/wealth q(x)=x,"{""agents"": 12000, ""diffusion"": 0.1, ""drift"": -0.01, ""floor_atom_fraction"": 0.13175694444444444, ""steps"": 1800}",2.0,2.5178508235883346,2.244036908603927,2.2967480509594105,2.2432348805932767,2.3545612755386682,2.28524183639687
s11_floor_multiplicative_growth,floor_multiplicative_growth,size/wealth q(x)=x,"{""agents"": 12000, ""diffusion"": 0.1, ""drift"": -0.01, ""floor_atom_fraction"": 0.13175694444444444, ""steps"": 1800}",2.5178508235883346,3.169786384922227,2.8250750892455088,1.8245904211588424,1.737551470566423,1.9174601721943434,1.815232113823201
s11_floor_multiplicative_growth,floor_multiplicative_growth,size/wealth q(x)=x,"{""agents"": 12000, ""diffusion"": 0.1, ""drift"": -0.01, ""floor_atom_fraction"": 0.13175694444444444, ""steps"": 1800}",3.169786384922227,3.9905246299377604,3.5565588200778464,1.4565190030014583,1.4150761750070033,1.5035029962504225,1.4418901205880112
s11_floor_multiplicative_growth,floor_multiplicative_growth,size/wealth q(x)=x,"{""agents"": 12000, ""diffusion"": 0.1, ""drift"": -0.01, ""floor_atom_fraction"": 0.13175694444444444, ""steps"": 1800}",3.9905246299377604,5.02377286301916,4.47744227713668,1.1318800915226845,1.0612206825418167,1.2033296778063265,1.145334034153056
s11_floor_multiplicative_growth,floor_multiplicative_growth,size/wealth q(x)=x,"{""agents"": 12000, ""diffusion"": 0.1, ""drift"": -0.01, ""floor_atom_fraction"": 0.13175694444444444, ""steps"": 1800}",5.02377286301916,6.32455532033676,5.636765862528908,0.8588878841698728,0.7950334422203467,0.9618158265067405,0.9097711615184373
s11_floor_multiplicative_growth,floor_multiplicative_growth,size/wealth q(x)=x,"{""agents"": 12000, ""diffusion"": 0.1, ""drift"": -0.01, ""floor_atom_fraction"": 0.13175694444444444, ""steps"": 1800}",6.32455532033676,7.962143411069948,7.096267784671511,0.7346143635994398,0.6694906294146261,0.808843389762309,0.7226569207319985
s11_floor_multiplicative_growth,floor_multiplicative_growth,size/wealth q(x)=x,"{""agents"": 12000, ""diffusion"": 0.1, ""drift"": -0.01, ""floor_atom_fraction"": 0.13175694444444444, ""steps"": 1800}",7.962143411069948,10.023744672545446,8.933671843019264,0.5668928152504373,0.5105702970585033,0.6325797672873034,0.574026796156334
s11_floor_multiplicative_growth,floor_multiplicative_growth,size/wealth q(x)=x,"{""agents"": 12000, ""diffusion"": 0.1, ""drift"": -0.01, ""floor_atom_fraction"": 0.13175694444444444, ""steps"": 1800}",10.023744672545446,12.619146889603869,11.246826503806984,0.48359583619958213,0.43260923136243323,0.5653350357271887,0.45596569167529566
s11_floor_multiplicative_growth,floor_multiplicative_growth,size/wealth q(x)=x,"{""agents"": 12000, ""diffusion"": 0.1, ""drift"": -0.01, ""floor_atom_fraction"": 0.13175694444444444, ""steps"": 1800}",12.619146889603869,15.88656469448563,14.15891568768276,0.3846882681631063,0.2682937457143586,0.4918228987898866,0.36218642296327425
s11_floor_multiplicative_growth,floor_multiplicative_growth,size/wealth q(x)=x,"{""agents"": 12000, ""diffusion"": 0.1, ""drift"": -0.01, ""floor_atom_fraction"": 0.13175694444444444, ""steps"": 1800}",15.88656469448563,20.0,17.82501876267491,0.26158326597516346,0.16363766989794154,0.3450783944190497,0.28769490199351927
s12_joint_feasibility,joint_feasibility,realized capacity q(x)=x,"{""observed_marginal_survival_at_2"": [0.4993375, 0.4994833333333333], ""resources"": 2, ""shared_rate"": 0.0}",1.0,1.2589254117941673,1.1220184543019636,2.291277991955137,2.2693033052017353,2.3179982142061775,2.2852418363968723
s12_joint_feasibility,joint_feasibility,realized capacity q(x)=x,"{""observed_marginal_survival_at_2"": [0.4993375, 0.4994833333333333], ""resources"": 2, ""shared_rate"": 0.0}",1.2589254117941673,1.5848931924611136,1.4125375446227544,1.8200516133221425,1.7978204318152429,1.8362358702142016,1.8152321138232026
s12_joint_feasibility,joint_feasibility,realized capacity q(x)=x,"{""observed_marginal_survival_at_2"": [0.4993375, 0.4994833333333333], ""resources"": 2, ""shared_rate"": 0.0}",1.5848931924611136,1.9952623149688797,1.778279410038923,1.4444776093839382,1.414898864294272,1.4670656998474756,1.441890120588012
s12_joint_feasibility,joint_feasibility,realized capacity q(x)=x,"{""observed_marginal_survival_at_2"": [0.4993375, 0.4994833333333333], ""resources"": 2, ""shared_rate"": 0.0}",1.9952623149688797,2.51188643150958,2.2387211385683394,1.1474061138353169,1.1222069473383176,1.1602060267373486,1.145334034153056
s12_joint_feasibility,joint_feasibility,realized capacity q(x)=x,"{""observed_marginal_survival_at_2"": [0.4993375, 0.4994833333333333], ""resources"": 2, ""shared_rate"": 0.0}",2.51188643150958,3.1622776601683795,2.818382931264454,0.9094081403234178,0.8851747463150396,0.9364608260618483,0.9097711615184364
s12_joint_feasibility,joint_feasibility,realized capacity q(x)=x,"{""observed_marginal_survival_at_2"": [0.4993375, 0.4994833333333333], ""resources"": 2, ""shared_rate"": 0.0}",3.1622776601683795,3.981071705534973,3.548133892335755,0.7130593591867685,0.6987600386228994,0.7328674773101571,0.7226569207319994
s12_joint_feasibility,joint_feasibility,realized capacity q(x)=x,"{""observed_marginal_survival_at_2"": [0.4993375, 0.4994833333333333], ""resources"": 2, ""shared_rate"": 0.0}",3.981071705534973,5.011872336272724,4.466835921509632,0.5710257600853692,0.548113568366323,0.6057370385974093,0.574026796156334
s12_joint_feasibility,joint_feasibility,realized capacity q(x)=x,"{""observed_marginal_survival_at_2"": [0.4993375, 0.4994833333333333], ""resources"": 2, ""shared_rate"": 0.0}",5.011872336272724,6.309573444801933,5.623413251903492,0.45110700420418337,0.42847628420910266,0.47728415333725227,0.45596569167529577
s12_joint_feasibility,joint_feasibility,realized capacity q(x)=x,"{""observed_marginal_survival_at_2"": [0.4993375, 0.4994833333333333], ""resources"": 2, ""shared_rate"": 0.0}",6.309573444801933,7.943282347242816,7.0794578438413795,0.36540796352877375,0.31942231241281066,0.3964336484979594,0.36218642296327336
s12_joint_feasibility,joint_feasibility,realized capacity q(x)=x,"{""observed_marginal_survival_at_2"": [0.4993375, 0.4994833333333333], ""resources"": 2, ""shared_rate"": 0.0}",7.943282347242816,10.0,8.912509381337456,0.2867784441749523,0.26922914780477436,0.3005379138031982,0.287694901993519
s13_joint_feasibility,joint_feasibility,realized capacity q(x)=x,"{""observed_marginal_survival_at_2"": [0.49913541666666666, 0.49967500000000004], ""resources"": 2, ""shared_rate"": 0.5}",1.0,1.2589254117941673,1.1220184543019636,1.5979388006434379,1.5833510276610658,1.6134182977017162,1.590428163962746
s13_joint_feasibility,joint_feasibility,realized capacity q(x)=x,"{""observed_marginal_survival_at_2"": [0.49913541666666666, 0.49967500000000004], ""resources"": 2, ""shared_rate"": 0.5}",1.2589254117941673,1.5848931924611136,1.4125375446227544,1.4231315059624419,1.4098012423072774,1.4340696512952886,1.4174705931661258
s13_joint_feasibility,joint_feasibility,realized capacity q(x)=x,"{""observed_marginal_survival_at_2"": [0.49913541666666666, 0.49967500000000004], ""resources"": 2, ""shared_rate"": 0.5}",1.5848931924611136,1.9952623149688797,1.778279410038923,1.2599347966927308,1.238711922853753,1.2717799592131878,1.2633219959363078
s13_joint_feasibility,joint_feasibility,realized capacity q(x)=x,"{""observed_marginal_survival_at_2"": [0.49913541666666666, 0.49967500000000004], ""resources"": 2, ""shared_rate"": 0.5}",1.9952623149688797,2.51188643150958,2.2387211385683394,1.1289001466696986,1.1154529245698073,1.147491435255367,1.1259369140432303
s13_joint_feasibility,joint_feasibility,realized capacity q(x)=x,"{""observed_marginal_survival_at_2"": [0.49913541666666666, 0.49967500000000004], ""resources"": 2, ""shared_rate"": 0.5}",2.51188643150958,3.1622776601683795,2.818382931264454,1.0120056053768884,0.9863986717131809,1.036245746849761,1.0034923309204424
s13_joint_feasibility,joint_feasibility,realized capacity q(x)=x,"{""observed_marginal_survival_at_2"": [0.49913541666666666, 0.49967500000000004], ""resources"": 2, ""shared_rate"": 0.5}",3.1622776601683795,3.981071705534973,3.548133892335755,0.8914902377306803,0.8709790694902193,0.9068483855331043,0.8943634813428637
s13_joint_feasibility,joint_feasibility,realized capacity q(x)=x,"{""observed_marginal_survival_at_2"": [0.49913541666666666, 0.49967500000000004], ""resources"": 2, ""shared_rate"": 0.5}",3.981071705534973,5.011872336272724,4.466835921509632,0.7943631676996642,0.76324669090052,0.8154886119939114,0.7971022917793901
s13_joint_feasibility,joint_feasibility,realized capacity q(x)=x,"{""observed_marginal_survival_at_2"": [0.49913541666666666, 0.49967500000000004], ""resources"": 2, ""shared_rate"": 0.5}",5.011872336272724,6.309573444801933,5.623413251903492,0.7030256222719031,0.6783744938998227,0.7201003984267382,0.7104181653369405
s13_joint_feasibility,joint_feasibility,realized capacity q(x)=x,"{""observed_marginal_survival_at_2"": [0.49913541666666666, 0.49967500000000004], ""resources"": 2, ""shared_rate"": 0.5}",6.309573444801933,7.943282347242816,7.0794578438413795,0.6261694913889286,0.6059992799083829,0.6411003854237097,0.6331608563238015
s13_joint_feasibility,joint_feasibility,realized capacity q(x)=x,"{""observed_marginal_survival_at_2"": [0.49913541666666666, 0.49967500000000004], ""resources"": 2, ""shared_rate"": 0.5}",7.943282347242816,10.0,8.912509381337456,0.5630406255636263,0.5448831218518125,0.5936738931482962,0.5643052071881537
s14_joint_feasibility,joint_feasibility,realized capacity q(x)=x,"{""observed_marginal_survival_at_2"": [0.5002354166666666, 0.5002354166666666], ""resources"": 2, ""shared_rate"": 1.0}",1.0,1.2589254117941673,1.1220184543019636,0.9952475180621164,0.9831323207778188,1.011266515347801,1.0
s14_joint_feasibility,joint_feasibility,realized capacity q(x)=x,"{""observed_marginal_survival_at_2"": [0.5002354166666666, 0.5002354166666666], ""resources"": 2, ""shared_rate"": 1.0}",1.2589254117941673,1.5848931924611136,1.4125375446227544,0.9922241355293646,0.9805595780205899,1.0013815090285962,1.0
s14_joint_feasibility,joint_feasibility,realized capacity q(x)=x,"{""observed_marginal_survival_at_2"": [0.5002354166666666, 0.5002354166666666], ""resources"": 2, ""shared_rate"": 1.0}",1.5848931924611136,1.9952623149688797,1.778279410038923,1.0027312244265116,0.9892499463334873,1.0152689367478185,1.0
s14_joint_feasibility,joint_feasibility,realized capacity q(x)=x,"{""observed_marginal_survival_at_2"": [0.5002354166666666, 0.5002354166666666], ""resources"": 2, ""shared_rate"": 1.0}",1.9952623149688797,2.51188643150958,2.2387211385683394,0.9992268053982963,0.9882617572024229,1.0069010228505941,1.0
s14_joint_feasibility,joint_feasibility,realized capacity q(x)=x,"{""observed_marginal_survival_at_2"": [0.5002354166666666, 0.5002354166666666], ""resources"": 2, ""shared_rate"": 1.0}",2.51188643150958,3.1622776601683795,2.818382931264454,1.0006972572187876,0.9859485335012921,1.017235845836798,1.0
s14_joint_feasibility,joint_feasibility,realized capacity q(x)=x,"{""observed_marginal_survival_at_2"": [0.5002354166666666, 0.5002354166666666], ""resources"": 2, ""shared_rate"": 1.0}",3.1622776601683795,3.981071705534973,3.548133892335755,0.9986460500515816,0.9684418977724162,1.0205618789109987,1.0
s14_joint_feasibility,joint_feasibility,realized capacity q(x)=x,"{""observed_marginal_survival_at_2"": [0.5002354166666666, 0.5002354166666666], ""resources"": 2, ""shared_rate"": 1.0}",3.981071705534973,5.011872336272724,4.466835921509632,0.9937457486514638,0.9724530808907415,1.022362793686691,1.0
s14_joint_feasibility,joint_feasibility,realized capacity q(x)=x,"{""observed_marginal_survival_at_2"": [0.5002354166666666, 0.5002354166666666], ""resources"": 2, ""shared_rate"": 1.0}",5.011872336272724,6.309573444801933,5.623413251903492,0.996955181468856,0.9757611579270248,1.015327221097087,1.0
s14_joint_feasibility,joint_feasibility,realized capacity q(x)=x,"{""observed_marginal_survival_at_2"": [0.5002354166666666, 0.5002354166666666], ""resources"": 2, ""shared_rate"": 1.0}",6.309573444801933,7.943282347242816,7.0794578438413795,1.0148152151962067,0.9832194834010763,1.0493131447807031,1.0
s14_joint_feasibility,joint_feasibility,realized capacity q(x)=x,"{""observed_marginal_survival_at_2"": [0.5002354166666666, 0.5002354166666666], ""resources"": 2, ""shared_rate"": 1.0}",7.943282347242816,10.0,8.912509381337456,1.0057108639968155,0.9777964513293439,1.0368716824362953,1.0
s15_compound_cost_crossover,compound_cost_crossover,effective cost x^2(1+b*x),"{""surface_coefficient"": 1, ""volume_coefficient"": 0.2}",1.0,1.2589254117941673,1.1220184543019636,0.9980944112434781,0.9926522294452979,1.00649635868631,1.0
s15_compound_cost_crossover,compound_cost_crossover,effective cost x^2(1+b*x),"{""surface_coefficient"": 1, ""volume_coefficient"": 0.2}",1.2589254117941673,1.5848931924611136,1.4125375446227544,0.9993655284989792,0.9860202629510719,1.0101262537229847,1.0
s15_compound_cost_crossover,compound_cost_crossover,effective cost x^2(1+b*x),"{""surface_coefficient"": 1, ""volume_coefficient"": 0.2}",1.5848931924611136,1.9952623149688797,1.778279410038923,0.996726936384672,0.9772000698546606,1.0120158403899921,1.0
s15_compound_cost_crossover,compound_cost_crossover,effective cost x^2(1+b*x),"{""surface_coefficient"": 1, ""volume_coefficient"": 0.2}",1.9952623149688797,2.51188643150958,2.2387211385683394,0.9983596771445924,0.9849908483590006,1.0169224289424634,1.0
s15_compound_cost_crossover,compound_cost_crossover,effective cost x^2(1+b*x),"{""surface_coefficient"": 1, ""volume_coefficient"": 0.2}",2.51188643150958,3.1622776601683795,2.818382931264454,0.9956002077688049,0.9712434204825479,1.0075725019374002,1.0
s15_compound_cost_crossover,compound_cost_crossover,effective cost x^2(1+b*x),"{""surface_coefficient"": 1, ""volume_coefficient"": 0.2}",3.1622776601683795,3.981071705534973,3.548133892335755,0.9901944711930065,0.9468055466343964,1.030165352321904,1.0
s15_compound_cost_crossover,compound_cost_crossover,effective cost x^2(1+b*x),"{""surface_coefficient"": 1, ""volume_coefficient"": 0.2}",3.981071705534973,5.011872336272724,4.466835921509632,1.0048945256160156,0.9733329900959083,1.04522824056061,1.0
s15_compound_cost_crossover,compound_cost_crossover,effective cost x^2(1+b*x),"{""surface_coefficient"": 1, ""volume_coefficient"": 0.2}",5.011872336272724,6.309573444801933,5.623413251903492,1.0020622282352665,0.9666524385231068,1.0401276825226855,1.0
s15_compound_cost_crossover,compound_cost_crossover,effective cost x^2(1+b*x),"{""surface_coefficient"": 1, ""volume_coefficient"": 0.2}",6.309573444801933,7.943282347242816,7.0794578438413795,1.0014444079867617,0.9420089577382963,1.04388689161931,1.0
s15_compound_cost_crossover,compound_cost_crossover,effective cost x^2(1+b*x),"{""surface_coefficient"": 1, ""volume_coefficient"": 0.2}",7.943282347242816,10.0,8.912509381337456,1.0132576059284244,0.9602219142735593,1.0613100020658899,1.0
s16_compound_cost_crossover,compound_cost_crossover,effective cost x^2(1+b*x),"{""surface_coefficient"": 1, ""volume_coefficient"": 0.5}",1.0,1.2589254117941673,1.1220184543019636,0.9931846505707376,0.9890512291381621,0.99748923136071,1.0
s16_compound_cost_crossover,compound_cost_crossover,effective cost x^2(1+b*x),"{""surface_coefficient"": 1, ""volume_coefficient"": 0.5}",1.2589254117941673,1.5848931924611136,1.4125375446227544,0.99562975234813,0.9889580252111446,0.9996780538519003,1.0
s16_compound_cost_crossover,compound_cost_crossover,effective cost x^2(1+b*x),"{""surface_coefficient"": 1, ""volume_coefficient"": 0.5}",1.5848931924611136,1.9952623149688797,1.778279410038923,0.9970037947262692,0.9838023998178206,1.0069395396554874,1.0
s16_compound_cost_crossover,compound_cost_crossover,effective cost x^2(1+b*x),"{""surface_coefficient"": 1, ""volume_coefficient"": 0.5}",1.9952623149688797,2.51188643150958,2.2387211385683394,0.9936749789577859,0.9764677936130228,1.0043863387916048,1.0
s16_compound_cost_crossover,compound_cost_crossover,effective cost x^2(1+b*x),"{""surface_coefficient"": 1, ""volume_coefficient"": 0.5}",2.51188643150958,3.1622776601683795,2.818382931264454,0.9882990570610484,0.9594608172542322,1.0226262141237008,1.0
s16_compound_cost_crossover,compound_cost_crossover,effective cost x^2(1+b*x),"{""surface_coefficient"": 1, ""volume_coefficient"": 0.5}",3.1622776601683795,3.981071705534973,3.548133892335755,0.991083573640071,0.9507453535469139,1.0248976115991535,1.0
s16_compound_cost_crossover,compound_cost_crossover,effective cost x^2(1+b*x),"{""surface_coefficient"": 1, ""volume_coefficient"": 0.5}",3.981071705534973,5.011872336272724,4.466835921509632,1.016915507403713,0.98466337306111,1.0546300762730298,1.0
s16_compound_cost_crossover,compound_cost_crossover,effective cost x^2(1+b*x),"{""surface_coefficient"": 1, ""volume_coefficient"": 0.5}",5.011872336272724,6.309573444801933,5.623413251903492,0.9884254237874655,0.8814030970946042,1.0760275297179769,1.0
s16_compound_cost_crossover,compound_cost_crossover,effective cost x^2(1+b*x),"{""surface_coefficient"": 1, ""volume_coefficient"": 0.5}",6.309573444801933,7.943282347242816,7.0794578438413795,1.0178880278007483,0.9376565759015237,1.1091024487711785,1.0
s16_compound_cost_crossover,compound_cost_crossover,effective cost x^2(1+b*x),"{""surface_coefficient"": 1, ""volume_coefficient"": 0.5}",7.943282347242816,10.0,8.912509381337456,1.0178952337040308,0.9043431827047517,1.1381392189304622,1.0
