auxiliary_budget,closure,center,log_width,primary_cost,auxiliary_cost,count,primary_class_resource,relative_log_resource_density,primary_total_used
20.0,proportional_fairness,1.0442737824274138,0.08664339756999319,1.0905077326652575,1.1387886347566913,0.019104250900097326,0.02083333333333334,1.0000000000000002,0.9999999999999994
20.0,proportional_fairness,1.1387886347566916,0.0866433975699931,1.2968395546510094,1.476826145939499,0.016064696097999372,0.020833333333333315,1.0,0.9999999999999994
20.0,proportional_fairness,1.241857812073484,0.08664339756999317,1.5422108254079407,1.9152065613971472,0.013508745360948017,0.020833333333333332,1.0000000000000002,0.9999999999999994
20.0,proportional_fairness,1.3542555469368929,0.08664339756999323,1.8340080864093429,2.483715624146969,0.011359455548596438,0.020833333333333346,1.0000000000000002,0.9999999999999994
20.0,proportional_fairness,1.4768261459394993,0.08664339756999306,2.1810154653305154,3.220980663898509,0.009552125450048648,0.020833333333333308,1.0000000000000002,0.9999999999999994
20.0,proportional_fairness,1.6104903319492543,0.08664339756999317,2.5936791093020193,4.177095129709655,0.008032348048999691,0.020833333333333332,1.0000000000000002,0.9999999999999994
20.0,proportional_fairness,1.7562521603732995,0.08664339756999317,3.0844216508158815,5.417022187747571,0.0067543726804740085,0.020833333333333332,1.0000000000000002,0.9999999999999994
20.0,proportional_fairness,1.9152065613971472,0.08664339756999317,3.6680161728186844,7.025008641493197,0.005679727774298218,0.020833333333333336,1.0000000000000002,0.9999999999999994
20.0,proportional_fairness,2.0885475648548275,0.08664339756999317,4.36203093066103,9.11030907805353,0.004776062725024331,0.020833333333333336,1.0000000000000002,0.9999999999999994
20.0,proportional_fairness,2.277577269513383,0.08664339756999317,5.187358218604038,11.814609167515991,0.0040161740244998466,0.020833333333333332,1.0000000000000002,0.9999999999999994
20.0,proportional_fairness,2.483715624146968,0.08664339756999317,6.168843301631763,15.321652491177177,0.0033771863402370043,0.020833333333333332,1.0000000000000002,0.9999999999999994
20.0,proportional_fairness,2.7085110938737853,0.08664339756999306,7.336032345637369,19.86972499317574,0.0028398638871491052,0.020833333333333308,1.0000000000000002,0.9999999999999994
20.0,proportional_fairness,2.9536522918789982,0.08664339756999317,8.72406186132206,25.767845311188058,0.0023880313625121653,0.020833333333333336,1.0000000000000002,0.9999999999999994
20.0,proportional_fairness,3.2209806638985086,0.08664339756999317,10.374716437208077,33.41676103767724,0.002008087012249923,0.020833333333333332,1.0000000000000002,0.9999999999999994
20.0,proportional_fairness,3.512504320746599,0.08664339756999317,12.337686603263526,43.336177501980565,0.0016885931701185021,0.020833333333333332,1.0000000000000002,0.9999999999999994
20.0,proportional_fairness,3.8304131227942944,0.08664339756999317,14.672064691274738,56.200069131945575,0.0014199319435745546,0.020833333333333336,1.0000000000000002,0.9999999999999994
20.0,proportional_fairness,4.177095129709655,0.08664339756999317,17.44812372264412,72.88247262442825,0.0011940156812560827,0.020833333333333336,1.0000000000000002,0.9999999999999994
20.0,proportional_fairness,4.555154539026766,0.08664339756999317,20.74943287441615,94.51687334012793,0.0010040435061249616,0.020833333333333332,1.0000000000000002,0.9999999999999994
20.0,proportional_fairness,4.967431248293936,0.08664339756999317,24.675373206527052,122.57321992941742,0.0008442965850592511,0.020833333333333332,1.0000000000000002,0.9999999999999994
20.0,proportional_fairness,5.4170221877475715,0.08664339756999317,29.344129382549486,158.957799945406,0.000709965971787277,0.020833333333333332,1.0000000000000002,0.9999999999999994
20.0,proportional_fairness,5.907304583757998,0.08664339756999317,34.89624744528826,206.14276248950466,0.0005970078406280409,0.020833333333333332,1.0000000000000002,0.9999999999999994
20.0,proportional_fairness,6.441961327797018,0.08664339756999317,41.49886574883232,267.33408830141803,0.0005020217530624806,0.020833333333333336,1.0000000000000002,0.9999999999999994
20.0,proportional_fairness,7.025008641493199,0.08664339756999317,49.35074641305412,346.68942001584463,0.0004221482925296254,0.020833333333333332,1.0000000000000002,0.9999999999999994
20.0,proportional_fairness,7.660826245588589,0.08664339756999295,58.68825876509895,449.6005530555646,0.0003549829858936377,0.02083333333333328,1.0000000000000002,0.9999999999999994
20.0,proportional_fairness,8.354190259419308,0.08664339756999295,69.79249489057645,583.0597809954256,0.00029850392031402,0.02083333333333328,1.0000000000000002,0.9999999999999994
20.0,proportional_fairness,9.110309078053533,0.0866433975699934,82.9977314976646,756.1349867210234,0.00025101087653124106,0.020833333333333388,1.0000000000000002,0.9999999999999994
20.0,proportional_fairness,9.934862496587872,0.0866433975699934,98.70149282610821,980.5857594353394,0.0002110741462648133,0.020833333333333384,1.0,0.9999999999999994
20.0,proportional_fairness,10.834044375495141,0.08664339756999295,117.3765175301979,1271.6623995632474,0.00017749149294681886,0.02083333333333328,1.0000000000000002,0.9999999999999994
20.0,proportional_fairness,11.814609167515993,0.0866433975699934,139.58498978115296,1649.1420999160357,0.00014925196015701071,0.020833333333333388,1.0000000000000002,0.9999999999999994
20.0,proportional_fairness,12.883922655594034,0.08664339756999295,165.99546299532923,2138.6727064113434,0.00012550543826561985,0.020833333333333277,1.0,0.9999999999999994
20.0,proportional_fairness,14.050017282986396,0.0866433975699934,197.40298565221642,2773.515360126756,0.00010553707313240665,0.020833333333333384,1.0,0.9999999999999994
20.0,proportional_fairness,15.321652491177177,0.08664339756999295,234.7530350603958,3596.804424444517,8.874574647340943e-05,0.02083333333333328,1.0000000000000002,0.9999999999999994
20.0,proportional_fairness,16.70838051883862,0.0866433975699934,279.1699795623059,4664.478247963408,7.462598007850536e-05,0.020833333333333388,1.0000000000000002,0.9999999999999994
20.0,proportional_fairness,18.220618156107065,0.08664339756999295,331.9909259906584,6049.0798937681875,6.275271913280994e-05,0.02083333333333328,1.0000000000000002,0.9999999999999994
20.0,proportional_fairness,19.869724993175744,0.0866433975699934,394.80597130443283,7844.686075482715,5.276853656620333e-05,0.020833333333333384,1.0,0.9999999999999994
20.0,proportional_fairness,21.668088750990286,0.08664339756999295,469.5060701207918,10173.299196505985,4.4372873236704695e-05,0.02083333333333328,1.0000000000000002,0.9999999999999994
20.0,proportional_fairness,23.629218335031993,0.0866433975699934,558.3399591246122,13193.136799328298,3.731299003925266e-05,0.02083333333333339,1.0000000000000002,0.9999999999999994
20.0,proportional_fairness,25.767845311188072,0.08664339756999295,663.9818519813172,17109.381651290754,3.1376359566404956e-05,0.02083333333333328,1.0000000000000002,0.9999999999999994
20.0,proportional_fairness,28.100034565972795,0.0866433975699934,789.6119426088659,22188.122881014056,2.6384268283101657e-05,0.020833333333333388,1.0000000000000002,0.9999999999999994
20.0,proportional_fairness,30.643304982354362,0.0866433975699934,939.0121402415837,28774.435395556153,2.218643661835246e-05,0.020833333333333388,1.0000000000000002,0.9999999999999994
20.0,proportional_fairness,33.41676103767725,0.08664339756999295,1116.679918249224,37315.825983707284,1.8656495019626234e-05,0.02083333333333328,1.0000000000000002,0.9999999999999994
20.0,proportional_fairness,36.44123631221414,0.08664339756999295,1327.963703962634,48392.63915014553,1.5688179783202478e-05,0.020833333333333277,1.0,0.9999999999999994
20.0,proportional_fairness,39.739449986351495,0.0866433975699934,1579.2238852177318,62757.48860386175,1.3192134141550828e-05,0.020833333333333388,1.0000000000000002,0.9999999999999994
20.0,proportional_fairness,43.33617750198057,0.08664339756999295,1878.024280483167,81386.39357204788,1.1093218309176174e-05,0.02083333333333328,1.0000000000000002,0.9999999999999994
20.0,proportional_fairness,47.258436670063986,0.0866433975699934,2233.3598364984487,105545.09439462639,9.328247509813165e-06,0.02083333333333339,1.0000000000000002,0.9999999999999994
20.0,proportional_fairness,51.53569062237615,0.08664339756999295,2655.927407925269,136875.0532103261,7.844089891601237e-06,0.02083333333333328,1.0000000000000002,0.9999999999999994
20.0,proportional_fairness,56.2000691319456,0.0866433975699934,3158.4477704354645,177504.98304811254,6.5960670707754125e-06,0.020833333333333388,1.0000000000000002,0.9999999999999994
20.0,proportional_fairness,61.28660996470872,0.08664339756999251,3756.0485609663338,230195.48316444914,5.54660915458806e-06,0.020833333333333176,1.0000000000000002,0.9999999999999994
20.0,relative_entropy,1.0442737824274138,0.08664339756999319,1.0905077326652575,1.1387886347566913,0.019104250900097323,0.020833333333333336,1.0000000000000002,1.0
20.0,relative_entropy,1.1387886347566916,0.0866433975699931,1.2968395546510094,1.476826145939499,0.016064696097999376,0.02083333333333332,1.0000000000000002,1.0
20.0,relative_entropy,1.241857812073484,0.08664339756999317,1.5422108254079407,1.9152065613971472,0.013508745360948017,0.020833333333333332,1.0000000000000002,1.0
20.0,relative_entropy,1.3542555469368929,0.08664339756999323,1.8340080864093429,2.483715624146969,0.011359455548596438,0.020833333333333346,1.0000000000000002,1.0
20.0,relative_entropy,1.4768261459394993,0.08664339756999306,2.1810154653305154,3.220980663898509,0.009552125450048648,0.020833333333333308,1.0000000000000002,1.0
20.0,relative_entropy,1.6104903319492543,0.08664339756999317,2.5936791093020193,4.177095129709655,0.008032348048999691,0.020833333333333332,1.0000000000000002,1.0
20.0,relative_entropy,1.7562521603732995,0.08664339756999317,3.0844216508158815,5.417022187747571,0.0067543726804740085,0.020833333333333332,1.0000000000000002,1.0
20.0,relative_entropy,1.9152065613971472,0.08664339756999317,3.6680161728186844,7.025008641493197,0.005679727774298217,0.020833333333333332,1.0000000000000002,1.0
20.0,relative_entropy,2.0885475648548275,0.08664339756999317,4.36203093066103,9.11030907805353,0.00477606272502433,0.020833333333333332,1.0000000000000002,1.0
20.0,relative_entropy,2.277577269513383,0.08664339756999317,5.187358218604038,11.814609167515991,0.0040161740244998466,0.020833333333333332,1.0000000000000002,1.0
20.0,relative_entropy,2.483715624146968,0.08664339756999317,6.168843301631763,15.321652491177177,0.0033771863402370043,0.020833333333333332,1.0000000000000002,1.0
20.0,relative_entropy,2.7085110938737853,0.08664339756999306,7.336032345637369,19.86972499317574,0.0028398638871491052,0.020833333333333308,1.0000000000000002,1.0
20.0,relative_entropy,2.9536522918789982,0.08664339756999317,8.72406186132206,25.767845311188058,0.002388031362512165,0.020833333333333332,1.0000000000000002,1.0
20.0,relative_entropy,3.2209806638985086,0.08664339756999317,10.374716437208077,33.41676103767724,0.002008087012249923,0.020833333333333332,1.0000000000000002,1.0
20.0,relative_entropy,3.512504320746599,0.08664339756999317,12.337686603263526,43.336177501980565,0.0016885931701185021,0.020833333333333332,1.0000000000000002,1.0
20.0,relative_entropy,3.8304131227942944,0.08664339756999317,14.672064691274738,56.200069131945575,0.0014199319435745544,0.020833333333333332,1.0000000000000002,1.0
20.0,relative_entropy,4.177095129709655,0.08664339756999317,17.44812372264412,72.88247262442825,0.0011940156812560825,0.020833333333333332,1.0000000000000002,1.0
20.0,relative_entropy,4.555154539026766,0.08664339756999317,20.74943287441615,94.51687334012793,0.0010040435061249616,0.020833333333333332,1.0000000000000002,1.0
20.0,relative_entropy,4.967431248293936,0.08664339756999317,24.675373206527052,122.57321992941742,0.0008442965850592511,0.020833333333333332,1.0000000000000002,1.0
20.0,relative_entropy,5.4170221877475715,0.08664339756999317,29.344129382549486,158.957799945406,0.000709965971787277,0.020833333333333332,1.0000000000000002,1.0
20.0,relative_entropy,5.907304583757998,0.08664339756999317,34.89624744528826,206.14276248950466,0.0005970078406280409,0.020833333333333332,1.0000000000000002,1.0
20.0,relative_entropy,6.441961327797018,0.08664339756999317,41.49886574883232,267.33408830141803,0.0005020217530624805,0.02083333333333333,1.0,1.0
20.0,relative_entropy,7.025008641493199,0.08664339756999317,49.35074641305412,346.68942001584463,0.0004221482925296254,0.020833333333333332,1.0000000000000002,1.0
20.0,relative_entropy,7.660826245588589,0.08664339756999295,58.68825876509895,449.6005530555646,0.0003549829858936377,0.02083333333333328,1.0000000000000002,1.0
20.0,relative_entropy,8.354190259419308,0.08664339756999295,69.79249489057645,583.0597809954256,0.00029850392031402,0.02083333333333328,1.0000000000000002,1.0
20.0,relative_entropy,9.110309078053533,0.0866433975699934,82.9977314976646,756.1349867210234,0.00025101087653124106,0.020833333333333388,1.0000000000000002,1.0
20.0,relative_entropy,9.934862496587872,0.0866433975699934,98.70149282610821,980.5857594353394,0.00021107414626481334,0.020833333333333388,1.0000000000000002,1.0
20.0,relative_entropy,10.834044375495141,0.08664339756999295,117.3765175301979,1271.6623995632474,0.00017749149294681886,0.02083333333333328,1.0000000000000002,1.0
20.0,relative_entropy,11.814609167515993,0.0866433975699934,139.58498978115296,1649.1420999160357,0.00014925196015701071,0.020833333333333388,1.0000000000000002,1.0
20.0,relative_entropy,12.883922655594034,0.08664339756999295,165.99546299532923,2138.6727064113434,0.00012550543826561988,0.020833333333333284,1.0000000000000002,1.0
20.0,relative_entropy,14.050017282986396,0.0866433975699934,197.40298565221642,2773.515360126756,0.00010553707313240667,0.020833333333333388,1.0000000000000002,1.0
20.0,relative_entropy,15.321652491177177,0.08664339756999295,234.7530350603958,3596.804424444517,8.874574647340943e-05,0.02083333333333328,1.0000000000000002,1.0
20.0,relative_entropy,16.70838051883862,0.0866433975699934,279.1699795623059,4664.478247963408,7.462598007850536e-05,0.020833333333333388,1.0000000000000002,1.0
20.0,relative_entropy,18.220618156107065,0.08664339756999295,331.9909259906584,6049.0798937681875,6.275271913280994e-05,0.02083333333333328,1.0000000000000002,1.0
20.0,relative_entropy,19.869724993175744,0.0866433975699934,394.80597130443283,7844.686075482715,5.2768536566203334e-05,0.020833333333333388,1.0000000000000002,1.0
20.0,relative_entropy,21.668088750990286,0.08664339756999295,469.5060701207918,10173.299196505985,4.4372873236704695e-05,0.02083333333333328,1.0000000000000002,1.0
20.0,relative_entropy,23.629218335031993,0.0866433975699934,558.3399591246122,13193.136799328298,3.731299003925265e-05,0.020833333333333388,1.0000000000000002,1.0
20.0,relative_entropy,25.767845311188072,0.08664339756999295,663.9818519813172,17109.381651290754,3.1376359566404956e-05,0.02083333333333328,1.0000000000000002,1.0
20.0,relative_entropy,28.100034565972795,0.0866433975699934,789.6119426088659,22188.122881014056,2.638426828310166e-05,0.020833333333333388,1.0000000000000002,1.0
20.0,relative_entropy,30.643304982354362,0.0866433975699934,939.0121402415837,28774.435395556153,2.218643661835246e-05,0.020833333333333388,1.0000000000000002,1.0
20.0,relative_entropy,33.41676103767725,0.08664339756999295,1116.679918249224,37315.825983707284,1.8656495019626234e-05,0.02083333333333328,1.0000000000000002,1.0
20.0,relative_entropy,36.44123631221414,0.08664339756999295,1327.963703962634,48392.63915014553,1.568817978320248e-05,0.02083333333333328,1.0000000000000002,1.0
20.0,relative_entropy,39.739449986351495,0.0866433975699934,1579.2238852177318,62757.48860386175,1.319213414155083e-05,0.020833333333333388,1.0000000000000002,1.0
20.0,relative_entropy,43.33617750198057,0.08664339756999295,1878.024280483167,81386.39357204788,1.1093218309176174e-05,0.02083333333333328,1.0000000000000002,1.0
20.0,relative_entropy,47.258436670063986,0.0866433975699934,2233.3598364984487,105545.09439462639,9.328247509813163e-06,0.020833333333333388,1.0000000000000002,1.0
20.0,relative_entropy,51.53569062237615,0.08664339756999295,2655.927407925269,136875.0532103261,7.844089891601237e-06,0.02083333333333328,1.0000000000000002,1.0
20.0,relative_entropy,56.2000691319456,0.0866433975699934,3158.4477704354645,177504.98304811254,6.5960670707754125e-06,0.020833333333333388,1.0000000000000002,1.0
20.0,relative_entropy,61.28660996470872,0.08664339756999251,3756.0485609663338,230195.48316444914,5.546609154588059e-06,0.020833333333333173,1.0000000000000002,1.0
12.0,proportional_fairness,1.0442737824274138,0.08664339756999319,1.0905077326652575,1.1387886347566913,0.023180513176587966,0.025278528866218068,1.2133693855784675,0.9999999999999998
12.0,proportional_fairness,1.1387886347566916,0.0866433975699931,1.2968395546510094,1.476826145939499,0.019456596019267584,0.025232083316651575,1.2111399991992768,0.9999999999999998
12.0,proportional_fairness,1.241857812073484,0.08664339756999317,1.5422108254079407,1.9152065613971472,0.016328265776257653,0.025181628240282545,1.2087181555335624,0.9999999999999998
12.0,proportional_fairness,1.3542555469368929,0.08664339756999323,1.8340080864093429,2.483715624146969,0.013700504528862572,0.025126836093821783,1.2060881325034452,0.9999999999999998
12.0,proportional_fairness,1.4768261459394993,0.08664339756999306,2.1810154653305154,3.220980663898509,0.01149343339349489,0.025067355980958543,1.203233087086012,0.9999999999999998
12.0,proportional_fairness,1.6104903319492543,0.08664339756999317,2.5936791093020193,4.177095129709655,0.00963990207113246,0.02500281261761353,1.2001350056454498,0.9999999999999998
12.0,proportional_fairness,1.7562521603732995,0.08664339756999317,3.0844216508158815,5.417022187747571,0.008083462055291363,0.024932805376889324,1.196774658090688,0.9999999999999998
12.0,proportional_fairness,1.9152065613971472,0.08664339756999317,3.6680161728186844,7.025008641493197,0.006776662444868357,0.02485690744551014,1.1931315573844872,0.9999999999999998
12.0,proportional_fairness,2.0885475648548275,0.08664339756999317,4.36203093066103,9.11030907805353,0.005679617023077606,0.024774665128973437,1.1891839261907253,0.9999999999999998
12.0,proportional_fairness,2.277577269513383,0.08664339756999317,5.187358218604038,11.814609167515991,0.004758799432825304,0.024685597348554578,1.1849086727306202,0.9999999999999998
12.0,proportional_fairness,2.483715624146968,0.08664339756999317,6.168843301631763,15.321652491177177,0.003986030148170383,0.02458919537964313,1.1802813782228707,0.9999999999999998
12.0,proportional_fairness,2.7085110938737853,0.08664339756999306,7.336032345637369,19.86972499317574,0.0033376247178235315,0.024484922887552222,1.1752762986025085,0.9999999999999998
12.0,proportional_fairness,2.9536522918789982,0.08664339756999317,8.72406186132206,25.767845311188058,0.002793677613845502,0.02437221632377876,1.1698663835413807,0.9999999999999998
12.0,proportional_fairness,3.2209806638985086,0.08664339756999317,10.374716437208077,33.41676103767724,0.002337460103055919,0.024250485752492328,1.164023316119632,0.9999999999999998
12.0,proportional_fairness,3.512504320746599,0.08664339756999317,12.337686603263526,43.336177501980565,0.0019549139931253345,0.024119116183514845,1.157717576808713,0.9999999999999998
12.0,proportional_fairness,3.8304131227942944,0.08664339756999317,14.672064691274738,56.200069131945575,0.001634225993299243,0.02397746949384921,1.1509185357047624,0.9999999999999998
12.0,proportional_fairness,4.177095129709655,0.08664339756999317,17.44812372264412,72.88247262442825,0.001365469858145912,0.02382488702447119,1.1435945771746174,0.9999999999999998
12.0,proportional_fairness,4.555154539026766,0.08664339756999317,20.74943287441615,94.51687334012793,0.0011403055247462671,0.023660692942048554,1.135713261218331,0.9999999999999998
12.0,proportional_fairness,4.967431248293936,0.08664339756999317,24.675373206527052,122.57321992941742,0.0009517261708374755,0.023484198455833633,1.1272415258800148,0.9999999999999998
12.0,proportional_fairness,5.4170221877475715,0.08664339756999317,29.344129382549486,158.957799945406,0.0007938455652829814,0.02329470697742694,1.1181459349164933,0.9999999999999998
12.0,proportional_fairness,5.907304583757998,0.08664339756999317,34.89624744528826,206.14276248950466,0.000661719296345167,0.023091520304582978,1.1083929746199832,0.9999999999999998
12.0,proportional_fairness,6.441961327797018,0.08664339756999317,41.49886574883232,267.33408830141803,0.0005511944841399552,0.02287394589882089,1.0979494031434027,0.9999999999999998
12.0,proportional_fairness,7.025008641493199,0.08664339756999317,49.35074641305412,346.68942001584463,0.00045878344209613605,0.022641305309394507,1.0867826548509365,0.9999999999999998
12.0,proportional_fairness,7.660826245588589,0.08664339756999295,58.68825876509895,449.6005530555646,0.00038155747407551596,0.022392943772301416,1.0748613010704708,0.9999999999999998
12.0,proportional_fairness,8.354190259419308,0.08664339756999295,69.79249489057645,583.0597809954256,0.00031705760076965195,0.02212824098173436,1.0621555671232523,0.9999999999999998
12.0,proportional_fairness,9.110309078053533,0.0866433975699934,82.9977314976646,756.1349867210234,0.00026321951935299483,0.021846622992204197,1.048637903625799,0.9999999999999998
12.0,proportional_fairness,9.934862496587872,0.0866433975699934,98.70149282610821,980.5857594353394,0.0002183105295106832,0.02154757516236258,1.0342836077934014,0.9999999999999998
12.0,proportional_fairness,10.834044375495141,0.08664339756999295,117.3765175301979,1271.6623995632474,0.00018087651979645786,0.021230655996690124,1.0190714878411287,0.9999999999999998
12.0,proportional_fairness,11.814609167515993,0.0866433975699934,139.58498978115296,1649.1420999160357,0.00014969741168059704,0.020895511679701186,1.0029845606256547,0.9999999999999998
12.0,proportional_fairness,12.883922655594034,0.08664339756999295,165.99546299532923,2138.6727064113434,0.00012374971375881685,0.020541891030934265,0.9860107694848474,0.9999999999999998
12.0,proportional_fairness,14.050017282986396,0.0866433975699934,197.40298565221642,2773.515360126756,0.00010217505309636909,0.020169660540396997,0.9681437059390535,0.9999999999999998
12.0,proportional_fairness,15.321652491177177,0.08664339756999295,234.7530350603958,3596.804424444517,8.425373104021717e-05,0.01977881907685326,0.9493833156889591,0.9999999999999998
12.0,proportional_fairness,16.70838051883862,0.0866433975699934,279.1699795623059,4664.478247963408,6.938250248183318e-05,0.01936951179983501,0.9297365663920782,0.9999999999999998
12.0,proportional_fairness,18.220618156107065,0.08664339756999295,331.9909259906584,6049.0798937681875,5.705590506457399e-05,0.018942042755623015,0.9092180522699072,0.9999999999999998
12.0,proportional_fairness,19.869724993175744,0.0866433975699934,394.80597130443283,7844.686075482715,4.685057204730484e-05,0.018496885603304498,0.8878505089586138,0.9999999999999998
12.0,proportional_fairness,21.668088750990286,0.08664339756999295,469.5060701207918,10173.299196505985,3.841205269255132e-05,0.01803469190495255,0.8656652114377248,0.9999999999999998
12.0,proportional_fairness,23.629218335031993,0.0866433975699934,558.3399591246122,13193.136799328298,3.1443739861822466e-05,0.017556296429174893,0.8427022286003928,0.9999999999999998
12.0,proportional_fairness,25.767845311188072,0.08664339756999295,663.9818519813172,17109.381651290754,2.5697568258575745e-05,0.017062718963745435,0.8190105102597831,0.9999999999999998
12.0,proportional_fairness,28.100034565972795,0.0866433975699934,789.6119426088659,22188.122881014056,2.0966200382470032e-05,0.01655516221312891,0.7946477862301857,0.9999999999999998
12.0,proportional_fairness,30.643304982354362,0.0866433975699934,939.0121402415837,28774.435395556153,1.7076462362096726e-05,0.016035005470387297,0.7696802625785885,0.9999999999999998
12.0,proportional_fairness,33.41676103767725,0.08664339756999295,1116.679918249224,37315.825983707284,1.3883829774429635e-05,0.015503793897496228,0.744182107079821,0.9999999999999998
12.0,proportional_fairness,36.44123631221414,0.08664339756999295,1327.963703962634,48392.63915014553,1.126779547744254e-05,0.014963223417718012,0.7182347240504666,0.9999999999999998
12.0,proportional_fairness,39.739449986351495,0.0866433975699934,1579.2238852177318,62757.48860386175,9.127978334624955e-06,0.014415121409789702,0.6919258276699041,0.9999999999999998
12.0,proportional_fairness,43.33617750198057,0.08664339756999295,1878.024280483167,81386.39357204788,7.380854299539799e-06,0.013861423585244321,0.6653483320917293,0.9999999999999998
12.0,proportional_fairness,47.258436670063986,0.0866433975699934,2233.3598364984487,105545.09439462639,5.957010329074357e-06,0.013304147614561076,0.6385990854989302,0.9999999999999998
12.0,proportional_fairness,51.53569062237615,0.08664339756999295,2655.927407925269,136875.0532103261,4.79883757133746e-06,0.012745364231896695,0.6117774831310431,0.9999999999999998
12.0,proportional_fairness,56.2000691319456,0.0866433975699934,3158.4477704354645,177504.98304811254,3.85859370340388e-06,0.012187166679532306,0.5849840006175494,0.9999999999999998
12.0,proportional_fairness,61.28660996470872,0.08664339756999251,3756.0485609663338,230195.48316444914,3.096775574849407e-06,0.011631639441548807,0.5583186931943471,0.9999999999999998
12.0,relative_entropy,1.0442737824274138,0.08664339756999319,1.0905077326652575,1.1387886347566913,0.022721086393720228,0.024777520406907276,1.1893209795315491,1.0
12.0,relative_entropy,1.1387886347566916,0.0866433975699931,1.2968395546510094,1.476826145939499,0.01908093783319099,0.024744914921919003,1.1877559162521132,1.0
12.0,relative_entropy,1.241857812073484,0.08664339756999317,1.5422108254079407,1.9152065613971472,0.016022068375295587,0.02470940729380707,1.1860515501027398,1.0
12.0,relative_entropy,1.3542555469368929,0.08664339756999323,1.8340080864093429,2.483715624146969,0.013451818565350715,0.024670744025764538,1.1841957132366971,1.0
12.0,relative_entropy,1.4768261459394993,0.08664339756999306,2.1810154653305154,3.220980663898509,0.011292285992163415,0.02462865038784355,1.1821752186164922,1.0
12.0,relative_entropy,1.6104903319492543,0.08664339756999317,2.5936791093020193,4.177095129709655,0.009477976178074273,0.02458282881153344,1.1799757829536053,1.0
12.0,relative_entropy,1.7562521603732995,0.08664339756999317,3.0844216508158815,5.417022187747571,0.007953827321330533,0.024532957196762784,1.177581945444614,1.0
12.0,relative_entropy,1.9152065613971472,0.08664339756999317,3.6680161728186844,7.025008641493197,0.0066735494011992995,0.024478687133703478,1.1749769824177672,1.0
12.0,relative_entropy,2.0885475648548275,0.08664339756999317,4.36203093066103,9.11030907805353,0.005598227621929453,0.024419642043737217,1.1721428180993865,1.0
12.0,relative_entropy,2.277577269513383,0.08664339756999317,5.187358218604038,11.814609167515991,0.004695148131286963,0.024355415246394816,1.1690599318269512,1.0
12.0,relative_entropy,2.483715624146968,0.08664339756999317,6.168843301631763,15.321652491177177,0.003936810642547385,0.024285567962071073,1.1657072621794116,1.0
12.0,relative_entropy,2.7085110938737853,0.08664339756999306,7.336032345637369,19.86972499317574,0.0033000982170346654,0.024209627263946515,1.1620621086694345,1.0
12.0,relative_entropy,2.9536522918789982,0.08664339756999317,8.72406186132206,25.767845311188058,0.0027655791969888707,0.024127083996916297,1.1581000318519825,1.0
12.0,relative_entropy,3.2209806638985086,0.08664339756999317,10.374716437208077,33.41676103767724,0.0023169202582096504,0.024037390686548043,1.1537947529543062,1.0
12.0,relative_entropy,3.512504320746599,0.08664339756999317,12.337686603263526,43.336177501980565,0.001940392898370642,0.023939959467295154,1.1491180544301676,1.0
12.0,relative_entropy,3.8304131227942944,0.08664339756999317,14.672064691274738,56.200069131945575,0.001624458490881945,0.02383416006651043,1.1440396831925008,1.0
12.0,relative_entropy,4.177095129709655,0.08664339756999317,17.44812372264412,72.88247262442825,0.0013594194004142256,0.023719317889390096,1.1385272586907247,1.0
12.0,relative_entropy,4.555154539026766,0.08664339756999317,20.74943287441615,94.51687334012793,0.0011371256459287442,0.023594712259975587,1.1325461884788284,1.0
12.0,relative_entropy,4.967431248293936,0.08664339756999317,24.675373206527052,122.57321992941742,0.0009507282701888786,0.023459574884906468,1.1260595944755107,1.0
12.0,relative_entropy,5.4170221877475715,0.08664339756999317,29.344129382549486,158.957799945406,0.0007944719816347224,0.023313088619899773,1.1190282537551892,1.0
12.0,relative_entropy,5.907304583757998,0.08664339756999317,34.89624744528826,206.14276248950466,0.0006635208175424002,0.02315438663405956,1.1114105584348593,1.0
12.0,relative_entropy,6.441961327797018,0.08664339756999317,41.49886574883232,267.33408830141803,0.0005538115721837254,0.02298255208420218,1.1031625000417047,1.0
12.0,relative_entropy,7.025008641493199,0.08664339756999317,49.35074641305412,346.68942001584463,0.000461930570201969,0.022796618430474865,1.0942376846627937,1.0
12.0,relative_entropy,7.660826245588589,0.08664339756999295,58.68825876509895,449.6005530555646,0.000385010068812499,0.022595570545636497,1.0845873861905548,1.0
12.0,relative_entropy,8.354190259419308,0.08664339756999295,69.79249489057645,583.0597809954256,0.0003206411639021983,0.022378346793352658,1.0741606460809305,1.0
12.0,relative_entropy,9.110309078053533,0.0866433975699934,82.9977314976646,756.1349867210234,0.00026680057244823403,0.022143842275481742,1.062904429223121,1.0
12.0,relative_entropy,9.934862496587872,0.0866433975699934,98.70149282610821,980.5857594353394,0.00022178908188083158,0.021890913474170024,1.0507638467601585,1.0
12.0,relative_entropy,10.834044375495141,0.08664339756999295,117.3765175301979,1271.6623995632474,0.00018417980866908468,0.021618384540955313,1.037682457965858,1.0
12.0,relative_entropy,11.814609167515993,0.0866433975699934,139.58498978115296,1649.1420999160357,0.0001527747041028855,0.02132505551101994,1.0236026645289547,1.0
12.0,relative_entropy,12.883922655594034,0.08664339756999295,165.99546299532923,2138.6727064113434,0.00012656799388219013,0.02100971274486415,1.008466211753482,1.0
12.0,relative_entropy,14.050017282986396,0.0866433975699934,197.40298565221642,2773.515360126756,0.00010471544719471475,0.0206711419201437,0.9922148121668953,1.0
12.0,relative_entropy,15.321652491177177,0.08664339756999295,234.7530350603958,3596.804424444517,8.650854676085761e-05,0.020308143910775497,0.9747909077172264,1.0
12.0,relative_entropy,16.70838051883862,0.0866433975699934,279.1699795623059,4664.478247963408,7.135277914486233e-05,0.019919553895584946,0.9561385869880751,1.0
12.0,relative_entropy,18.220618156107065,0.08664339756999295,331.9909259906584,6049.0798937681875,5.874938892561532e-05,0.019504264030800363,0.93620467347842,1.0
12.0,relative_entropy,19.869724993175744,0.0866433975699934,394.80597130443283,7844.686075482715,4.828004483291669e-05,0.019061249994881235,0.9149399997542972,1.0
12.0,relative_entropy,21.668088750990286,0.08664339756999295,469.5060701207918,10173.299196505985,3.959395383319329e-05,0.018589601664766642,0.8923008799088012,1.0
12.0,relative_entropy,23.629218335031993,0.0866433975699934,558.3399591246122,13193.136799328298,3.239703303965522e-05,0.018088558103119805,0.8682507889497487,1.0
12.0,relative_entropy,25.767845311188072,0.08664339756999295,663.9818519813172,17109.381651290754,2.6442811451400856e-05,0.017557546919093923,0.8427622521165107,1.0
12.0,relative_entropy,28.100034565972795,0.0866433975699934,789.6119426088659,22188.122881014056,2.1524785765672563e-05,0.016996227902672377,0.8158189393282722,1.0
12.0,relative_entropy,30.643304982354362,0.0866433975699934,939.0121402415837,28774.435395556153,1.7469998430930873e-05,0.016404540616645508,0.7874179495989825,1.0
12.0,relative_entropy,33.41676103767725,0.08664339756999295,1116.679918249224,37315.825983707284,1.4133643038994316e-05,0.015782755353347888,0.7575722569607007,1.0
12.0,relative_entropy,36.44123631221414,0.08664339756999295,1327.963703962634,48392.63915014553,1.1394533204725381e-05,0.01513152651947234,0.7263132729346743,1.0
12.0,relative_entropy,39.739449986351495,0.0866433975699934,1579.2238852177318,62757.48860386175,9.15129718719741e-06,0.014451947098747996,0.693693460739902,1.0
12.0,relative_entropy,43.33617750198057,0.08664339756999295,1878.024280483167,81386.39357204788,7.31918245350772e-06,0.013745602360973858,0.6597889133267469,1.0
12.0,relative_entropy,47.258436670063986,0.0866433975699934,2233.3598364984487,105545.09439462639,5.827372836781661e-06,0.013014620445970192,0.6247017814065677,1.0
12.0,relative_entropy,51.53569062237615,0.08664339756999295,2655.927407925269,136875.0532103261,4.6167364495219415e-06,0.01226171687145292,0.5885624098297417,1.0
12.0,relative_entropy,56.2000691319456,0.0866433975699934,3158.4477704354645,177504.98304811254,3.637935549884528e-06,0.011490229426520704,0.5515310124729924,1.0
12.0,relative_entropy,61.28660996470872,0.08664339756999251,3756.0485609663338,230195.48316444914,2.849840514901788e-06,0.010704139364980417,0.513798689519064,1.0
8.0,proportional_fairness,1.0442737824274138,0.08664339756999319,1.0905077326652575,1.1387886347566913,0.03379685553034178,0.03685573229560828,1.7690751501891977,0.9999999999999999
8.0,proportional_fairness,1.1387886347566916,0.0866433975699931,1.2968395546510094,1.476826145939499,0.028125733928283717,0.036474564261788245,1.7507790845658375,0.9999999999999999
8.0,proportional_fairness,1.241857812073484,0.08664339756999317,1.5422108254079407,1.9152065613971472,0.023387064610841,0.03606778421735394,1.7312536424329894,0.9999999999999999
8.0,proportional_fairness,1.3542555469368929,0.08664339756999323,1.8340080864093429,2.483715624146969,0.019429797258110885,0.03563440528866944,1.7104514538561326,0.9999999999999999
8.0,proportional_fairness,1.4768261459394993,0.08664339756999306,2.1810154653305154,3.220980663898509,0.016127129995548408,0.03517351993168672,1.688328956720965,0.9999999999999999
8.0,proportional_fairness,1.6104903319492543,0.08664339756999317,2.5936791093020193,4.177095129709655,0.013372633897434906,0.034684321176120955,1.6648474164538063,0.9999999999999999
8.0,proportional_fairness,1.7562521603732995,0.08664339756999317,3.0844216508158815,5.417022187747571,0.011076995665049423,0.0341661252552721,1.6399740122530613,0.9999999999999999
8.0,proportional_fairness,1.9152065613971472,0.08664339756999317,3.6680161728186844,7.025008641493197,0.009165279999569289,0.033618395266831774,1.6136829728079254,0.9999999999999999
8.0,proportional_fairness,2.0885475648548275,0.08664339756999317,4.36203093066103,9.11030907805353,0.007574628865962917,0.03304076540160812,1.58595673927719,0.9999999999999999
8.0,proportional_fairness,2.277577269513383,0.08664339756999317,5.187358218604038,11.814609167515991,0.006252328025069669,0.0324330651662535,1.5567871279801684,0.9999999999999999
8.0,proportional_fairness,2.483715624146968,0.08664339756999317,6.168843301631763,15.321652491177177,0.005154182293855261,0.03179534291883806,1.5261764601042271,0.9999999999999999
8.0,proportional_fairness,2.7085110938737853,0.08664339756999306,7.336032345637369,19.86972499317574,0.004243150312500505,0.031127887939905015,1.4941386211154428,0.9999999999999999
8.0,proportional_fairness,2.9536522918789982,0.08664339756999317,8.72406186132206,25.767845311188058,0.003488197432423731,0.030431250184969404,1.4607000088785318,0.9999999999999999
8.0,proportional_fairness,3.2209806638985086,0.08664339756999317,10.374716437208077,33.41676103767724,0.002863331927785003,0.029706256816373764,1.425900327185941,0.9999999999999999
8.0,proportional_fairness,3.512504320746599,0.08664339756999317,12.337686603263526,43.336177501980565,0.0023467952731368803,0.028954024601983055,1.389793180895187,0.9999999999999999
8.0,proportional_fairness,3.8304131227942944,0.08664339756999317,14.672064691274738,56.200069131945575,0.0019203818887287307,0.0281759673033803,1.3524464305622548,0.9999999999999999
8.0,proportional_fairness,4.177095129709655,0.08664339756999317,17.44812372264412,72.88247262442825,0.001568867673004114,0.02737379726303256,1.313942268625563,0.9999999999999999
8.0,proportional_fairness,4.555154539026766,0.08664339756999317,20.74943287441615,94.51687334012793,0.0012795299371316752,0.02654952054131961,1.2743769859833416,0.9999999999999999
8.0,proportional_fairness,4.967431248293936,0.08664339756999317,24.675373206527052,122.57321992941742,0.0010417441282154704,0.0257054251494249,1.2338604071723955,0.9999999999999999
8.0,proportional_fairness,5.4170221877475715,0.08664339756999317,29.344129382549486,158.957799945406,0.0008466450595102905,0.024844062167366274,1.1925149840335816,0.9999999999999999
8.0,proportional_fairness,5.907304583757998,0.08664339756999317,34.89624744528826,206.14276248950466,0.0006868423275351535,0.023968219817564442,1.1504745512430936,0.9999999999999999
8.0,proportional_fairness,6.441961327797018,0.08664339756999317,41.49886574883232,267.33408830141803,0.0005561812462092326,0.0230808908684552,1.1078827616858498,0.9999999999999999
8.0,proportional_fairness,7.025008641493199,0.08664339756999317,49.35074641305412,346.68942001584463,0.0004495420163567208,0.022185234051233554,1.0648912344592107,0.9999999999999999
8.0,proportional_fairness,7.660826245588589,0.08664339756999295,58.68825876509895,449.6005530555646,0.00036267101653708047,0.02128453046512966,1.0216574623262265,0.9999999999999999
8.0,proportional_fairness,8.354190259419308,0.08664339756999295,69.79249489057645,583.0597809954256,0.0002920390829055883,0.0203821362015369,0.9783425376737739,0.9999999999999999
8.0,proportional_fairness,9.110309078053533,0.0866433975699934,82.9977314976646,756.1349867210234,0.0002347224708904403,0.01948143261543316,0.9351087655407895,0.9999999999999999
8.0,proportional_fairness,9.934862496587872,0.0866433975699934,98.70149282610821,980.5857594353394,0.0001883028844452823,0.018585775798211517,0.8921172383141507,0.9999999999999999
8.0,proportional_fairness,10.834044375495141,0.08664339756999295,117.3765175301979,1271.6623995632474,0.0001507835401961796,0.017698446849102174,0.8495254487569067,0.9999999999999999
8.0,proportional_fairness,11.814609167515993,0.0866433975699934,139.58498978115296,1649.1420999160357,0.00012051872143040312,0.01682260449930044,0.8074850159664191,0.9999999999999999
8.0,proportional_fairness,12.883922655594034,0.08664339756999295,165.99546299532923,2138.6727064113434,9.615468537047209e-05,0.015961241517241726,0.766139592827605,0.9999999999999999
8.0,proportional_fairness,14.050017282986396,0.0866433975699934,197.40298565221642,2773.515360126756,7.658012909683343e-05,0.01511714612534709,0.7256230140166585,0.9999999999999999
8.0,proportional_fairness,15.321652491177177,0.08664339756999295,234.7530350603958,3596.804424444517,6.0884705494678216e-05,0.014292869403634069,0.6860577313744373,0.9999999999999999
8.0,proportional_fairness,16.70838051883862,0.0866433975699934,279.1699795623059,4664.478247963408,4.8324319772626225e-05,0.0134906993632864,0.6475535694377457,0.9999999999999999
8.0,proportional_fairness,18.220618156107065,0.08664339756999295,331.9909259906584,6049.0798937681875,3.82921371322097e-05,0.012712642064683574,0.6102068191048133,0.9999999999999999
8.0,proportional_fairness,19.869724993175744,0.0866433975699934,394.80597130443283,7844.686075482715,3.029439957753405e-05,0.01196040985029293,0.5740996728140593,0.9999999999999999
8.0,proportional_fairness,21.668088750990286,0.08664339756999295,469.5060701207918,10173.299196505985,2.3930290142588892e-05,0.011235416481697232,0.5392999911214686,0.9999999999999999
8.0,proportional_fairness,23.629218335031993,0.0866433975699934,558.3399591246122,13193.136799328298,1.8875200591562096e-05,0.010538778726761636,0.5058613788845573,0.9999999999999999
8.0,proportional_fairness,25.767845311188072,0.08664339756999295,663.9818519813172,17109.381651290754,1.486685775879659e-05,0.009871323747828575,0.4738235398957729,0.9999999999999999
8.0,proportional_fairness,28.100034565972795,0.0866433975699934,789.6119426088659,22188.122881014056,1.1693847321895242e-05,0.009233601500413186,0.44321287201983184,0.9999999999999999
8.0,proportional_fairness,30.643304982354362,0.0866433975699934,939.0121402415837,28774.435395556153,9.186144561282603e-06,0.00862590126505856,0.41404326072280995,0.9999999999999999
8.0,proportional_fairness,33.41676103767725,0.08664339756999295,1116.679918249224,37315.825983707284,7.207321693805747e-06,0.00804827139983486,0.38631702719207445,0.9999999999999999
8.0,proportional_fairness,36.44123631221414,0.08664339756999295,1327.963703962634,48392.63915014553,5.6481524223990245e-06,0.0075005414113945325,0.36002598774693856,0.9999999999999999
8.0,proportional_fairness,39.739449986351495,0.0866433975699934,1579.2238852177318,62757.48860386175,4.421377840028708e-06,0.0069823454905457195,0.33515258354619376,0.9999999999999999
8.0,proportional_fairness,43.33617750198057,0.08664339756999295,1878.024280483167,81386.39357204788,3.4574349237430295e-06,0.006493146734979876,0.31167104327903494,0.9999999999999999
8.0,proportional_fairness,47.258436670063986,0.0866433975699934,2233.3598364984487,105545.09439462639,2.7009805045365544e-06,0.0060322613779972565,0.28954854614386766,0.9999999999999999
8.0,proportional_fairness,51.53569062237615,0.08664339756999295,2655.927407925269,136875.0532103261,2.1080705867960378e-06,0.005598882449312702,0.26874635756701043,0.9999999999999999
8.0,proportional_fairness,56.2000691319456,0.0866433975699934,3158.4477704354645,177504.98304811254,1.6438778736437837e-06,0.005192102404878401,0.24922091543416267,0.9999999999999999
8.0,proportional_fairness,61.28660996470872,0.08664339756999251,3756.0485609663338,230195.48316444914,1.2808498859824692e-06,0.004810934371058346,0.23092484981080239,0.9999999999999999
8.0,relative_entropy,1.0442737824274138,0.08664339756999319,1.0905077326652575,1.1387886347566913,0.029321175473129787,0.03197496858428292,1.53479849204558,1.0
8.0,relative_entropy,1.1387886347566916,0.0866433975699931,1.2968395546510094,1.476826145939499,0.02455565109400077,0.03184473962890953,1.528547502187659,1.0
8.0,relative_entropy,1.241857812073484,0.08664339756999317,1.5422108254079407,1.9152065613971472,0.020557065176703016,0.031703328454127995,1.5217597657981436,1.0
8.0,relative_entropy,1.3542555469368929,0.08664339756999323,1.8340080864093429,2.483715624146969,0.017202669057760828,0.03154983415975715,1.5143920396683423,1.0
8.0,relative_entropy,1.4768261459394993,0.08664339756999306,2.1810154653305154,3.220980663898509,0.014389303932493264,0.03138329441210901,1.5063981317812345,1.0
8.0,relative_entropy,1.6104903319492543,0.08664339756999317,2.5936791093020193,4.177095129709655,0.01203027903780055,0.031202683419417284,1.4977288041320296,1.0
8.0,relative_entropy,1.7562521603732995,0.08664339756999317,3.0844216508158815,5.417022187747571,0.010052746941496098,0.031006910316523698,1.4883316951931373,1.0
8.0,relative_entropy,1.9152065613971472,0.08664339756999317,3.6680161728186844,7.025008641493197,0.00839549681235175,0.030794818086553932,1.478151268154589,1.0
8.0,relative_entropy,2.0885475648548275,0.08664339756999317,4.36203093066103,9.11030907805353,0.007007099137088033,0.03056518317018621,1.467128792168938,1.0
8.0,relative_entropy,2.277577269513383,0.08664339756999317,5.187358218604038,11.814609167515991,0.0058443459389290325,0.030316715938668647,1.455202365056095,1.0
8.0,relative_entropy,2.483715624146968,0.08664339756999317,6.168843301631763,15.321652491177177,0.004870939455862085,0.03004806223494869,1.4423069872775371,1.0
8.0,relative_entropy,2.7085110938737853,0.08664339756999306,7.336032345637369,19.86972499317574,0.004056389723483797,0.029757806217988157,1.4283746984634333,1.0
8.0,relative_entropy,2.9536522918789982,0.08664339756999317,8.72406186132206,25.767845311188058,0.003375087802707084,0.029444474778210144,1.4133347893540869,1.0
8.0,relative_entropy,3.2209806638985086,0.08664339756999317,10.374716437208077,33.41676103767724,0.002805526686212045,0.029106543826470013,1.3971141036705605,1.0
8.0,relative_entropy,3.512504320746599,0.08664339756999317,12.337686603263526,43.336177501980565,0.0023296463687486444,0.02874244679405167,1.3796374461144802,1.0
8.0,relative_entropy,3.8304131227942944,0.08664339756999317,14.672064691274738,56.200069131945575,0.0019322833092798094,0.028350585715623794,1.360828114349942,1.0
8.0,relative_entropy,4.177095129709655,0.08664339756999317,17.44812372264412,72.88247262442825,0.001600707660202593,0.027929345298999025,1.3406085743519531,1.0
8.0,relative_entropy,4.555154539026766,0.08664339756999317,20.74943287441615,94.51687334012793,0.00132423428527973,0.027477110412412208,1.3189012997957859,1.0
8.0,relative_entropy,4.967431248293936,0.08664339756999317,24.675373206527052,122.57321992941742,0.0010938958131522965,0.0269922874385903,1.2956297970523343,1.0
8.0,relative_entropy,5.4170221877475715,0.08664339756999317,29.344129382549486,158.957799945406,0.0009021678444025812,0.026473329950925117,1.2707198376444055,1.0
8.0,relative_entropy,5.907304583757998,0.08664339756999317,34.89624744528826,206.14276248950466,0.0007427380034477491,0.025918769155332016,1.2441009194559367,1.0
8.0,relative_entropy,6.441961327797018,0.08664339756999317,41.49886574883232,267.33408830141803,0.0006103118494554971,0.025327249505475238,1.2157079762628114,1.0
8.0,relative_entropy,7.025008641493199,0.08664339756999317,49.35074641305412,346.68942001584463,0.0005004497728287965,0.02469756983134448,1.1854833519045351,1.0
8.0,relative_entropy,7.660826245588589,0.08664339756999295,58.68825876509895,449.6005530555646,0.00040942993911316874,0.024028730212852355,1.1533790502169161,1.0
8.0,relative_entropy,8.354190259419308,0.08664339756999295,69.79249489057645,583.0597809954256,0.000334133128610567,0.02331998467132532,1.1193592642236183,1.0
8.0,relative_entropy,9.110309078053533,0.0866433975699934,82.9977314976646,756.1349867210234,0.00027194598122879835,0.022570899531896744,1.0834031775310409,1.0
8.0,relative_entropy,9.934862496587872,0.0866433975699934,98.70149282610821,980.5857594353394,0.0002206797120745232,0.021781417018191175,1.0455080168731739,1.0
8.0,relative_entropy,10.834044375495141,0.08664339756999295,117.3765175301979,1271.6623995632474,0.00017850183076058954,0.020951923267442756,1.005692316837255,1.0
8.0,relative_entropy,11.814609167515993,0.0866433975699934,139.58498978115296,1649.1420999160357,0.0001438787904283003,0.020083319491658945,0.9639993355996269,1.0
8.0,relative_entropy,12.883922655594034,0.08664339756999295,165.99546299532923,2138.6727064113434,0.00011552782292381933,0.0191770944550818,0.9205005338439288,1.0
8.0,relative_entropy,14.050017282986396,0.0866433975699934,197.40298565221642,2773.515360126756,9.237649437180208e-05,0.018235395793078896,0.8752989980677847,1.0
8.0,relative_entropy,15.321652491177177,0.08664339756999295,234.7530350603958,3596.804424444517,7.352874892984513e-05,0.017261096975474975,0.8285326548228009,1.0
8.0,relative_entropy,16.70838051883862,0.0866433975699934,279.1699795623059,4664.478247963408,5.8236404823587456e-05,0.016257855944383084,0.7803770853303861,1.0
8.0,relative_entropy,18.220618156107065,0.08664339756999295,331.9909259906584,6049.0798937681875,4.587523177259731e-05,0.015230160676220654,0.7310477124585932,1.0
8.0,relative_entropy,19.869724993175744,0.0866433975699934,394.80597130443283,7844.686075482715,3.5924877599069327e-05,0.014183356194493426,0.6808010973356827,1.0
8.0,relative_entropy,21.668088750990286,0.08664339756999295,469.5060701207918,10173.299196505985,2.795202835098653e-05,0.01312364698297664,0.6299350551828804,1.0
8.0,relative_entropy,23.629218335031993,0.0866433975699934,558.3399591246122,13193.136799328298,2.1596284191346076e-05,0.012058068432639676,0.5787872847667029,1.0
8.0,relative_entropy,25.767845311188072,0.08664339756999295,663.9818519813172,17109.381651290754,1.6558315570434052e-05,0.010994421038147881,0.5277322098310996,1.0
8.0,relative_entropy,28.100034565972795,0.0866433975699934,789.6119426088659,22188.122881014056,1.2589933307294725e-05,0.009941161696089051,0.47717576141227325,1.0
8.0,relative_entropy,30.643304982354362,0.0866433975699934,939.0121402415837,28774.435395556153,9.485764266368118e-06,0.008907247805589462,0.427547894668293,1.0
8.0,relative_entropy,33.41676103767725,0.08664339756999295,1116.679918249224,37315.825983707284,7.076273105240042e-06,0.007901932072668634,0.3792927394880954,1.0
8.0,relative_entropy,36.44123631221414,0.08664339756999295,1327.963703962634,48392.63915014553,5.221911594490004e-06,0.00693450906278437,0.33285643501365064,1.0
8.0,relative_entropy,39.739449986351495,0.0866433975699934,1579.2238852177318,62757.48860386175,3.8082115453350016e-06,0.006014018632354964,0.2886728943530375,1.0
8.0,relative_entropy,43.33617750198057,0.08664339756999295,1878.024280483167,81386.39357204788,2.7416665051117794e-06,0.005148916265587349,0.24714798074819336,1.0
8.0,relative_entropy,47.258436670063986,0.0866433975699934,2233.3598364984487,105545.09439462639,1.946272008567377e-06,0.004346725734835544,0.20864283527210556,1.0
8.0,relative_entropy,51.53569062237615,0.08664339756999295,2655.927407925269,136875.0532103261,1.360615074338389e-06,0.003613694867571605,0.17345735364343748,1.0
8.0,relative_entropy,56.2000691319456,0.0866433975699934,3158.4477704354645,177504.98304811254,9.354214530555772e-07,0.0029544798028208904,0.14181503053540237,1.0
8.0,relative_entropy,61.28660996470872,0.08664339756999251,3756.0485609663338,230195.48316444914,6.314843922881641e-07,0.002371886042926659,0.11385053006048051,1.0
5.0,proportional_fairness,1.0442737824274138,0.08664339756999319,1.0905077326652575,1.1387886347566913,0.05962109796320861,0.06501726835887182,3.120828881225848,0.9999999999999998
5.0,proportional_fairness,1.1387886347566916,0.0866433975699931,1.2968395546510094,1.476826145939499,0.0477171790856,0.06188152527457196,2.970313213179457,0.9999999999999998
5.0,proportional_fairness,1.241857812073484,0.08664339756999317,1.5422108254079407,1.9152065613971472,0.03812028662651765,0.05878951870306907,2.821896897747316,0.9999999999999998
5.0,proportional_fairness,1.3542555469368929,0.08664339756999323,1.8340080864093429,2.483715624146969,0.030398814025835903,0.0557516707406368,2.6760801955505653,0.9999999999999998
5.0,proportional_fairness,1.4768261459394993,0.08664339756999306,2.1810154653305154,3.220980663898509,0.024198656440968573,0.052777643937972345,2.5333269090226764,0.9999999999999998
5.0,proportional_fairness,1.6104903319492543,0.08664339756999317,2.5936791093020193,4.177095129709655,0.019229916269827875,0.04987623210267957,2.3940591409286203,0.9999999999999998
5.0,proportional_fairness,1.7562521603732995,0.08664339756999317,3.0844216508158815,5.417022187747571,0.015255785542859942,0.04705527522860112,2.2586532109728545,0.9999999999999998
5.0,proportional_fairness,1.9152065613971472,0.08664339756999317,3.6680161728186844,7.025008641493197,0.01208326176537191,0.04432159957578581,2.127436779637719,0.9999999999999998
5.0,proportional_fairness,2.0885475648548275,0.08664339756999317,4.36203093066103,9.11030907805353,0.009555407452576437,0.04168098286320734,2.0006871774339525,0.9999999999999998
5.0,proportional_fairness,2.277577269513383,0.08664339756999317,5.187358218604038,11.814609167515991,0.00754490858794408,0.03913814357228791,1.8786308914698202,0.9999999999999998
5.0,proportional_fairness,2.483715624146968,0.08664339756999317,6.168843301631763,15.321652491177177,0.005948725027839606,0.036696752541237575,1.761444121979404,0.9999999999999998
5.0,proportional_fairness,2.7085110938737853,0.08664339756999306,7.336032345637369,19.86972499317574,0.004683657700955258,0.034359464390101326,1.6492542907248662,0.9999999999999998
5.0,proportional_fairness,2.9536522918789982,0.08664339756999317,8.72406186132206,25.767845311188058,0.003682684325236935,0.03212796586908811,1.5421423617162295,0.9999999999999998
5.0,proportional_fairness,3.2209806638985086,0.08664339756999317,10.374716437208077,33.41676103767724,0.00289193812177846,0.030003037967403643,1.4401458224353751,0.9999999999999998
5.0,proportional_fairness,3.512504320746599,0.08664339756999317,12.337686603263526,43.336177501980565,0.0022682233260075666,0.02798462854249339,1.3432621700396832,0.9999999999999998
5.0,proportional_fairness,3.8304131227942944,0.08664339756999317,14.672064691274738,56.200069131945575,0.0017769777366223693,0.026071932306678366,1.251452750720562,0.9999999999999998
5.0,proportional_fairness,4.177095129709655,0.08664339756999317,17.44812372264412,72.88247262442825,0.00139060655435845,0.02426347520996607,1.1646468100783716,0.9999999999999998
5.0,proportional_fairness,4.555154539026766,0.08664339756999317,20.74943287441615,94.51687334012793,0.0010871237150720872,0.022557200552074184,1.082745626499561,0.9999999999999998
5.0,proportional_fairness,4.967431248293936,0.08664339756999317,24.675373206527052,122.57321992941742,0.0008490471182014866,0.02095055451154797,1.0056266165543026,0.9999999999999998
5.0,proportional_fairness,5.4170221877475715,0.08664339756999317,29.344129382549486,158.957799945406,0.0006625028438439538,0.01944056916606396,0.9331473199710701,0.9999999999999998
5.0,proportional_fairness,5.907304583757998,0.08664339756999317,34.89624744528826,206.14276248950466,0.0005165008500930773,0.018023941470549764,0.8651491905863888,0.9999999999999998
5.0,proportional_fairness,6.441961327797018,0.08664339756999317,41.49886574883232,267.33408830141803,0.00040235092543525723,0.016697107038556185,0.8014611378506971,0.9999999999999998
5.0,proportional_fairness,7.025008641493199,0.08664339756999317,49.35074641305412,346.68942001584463,0.00031319299191879683,0.01545630792253025,0.7419027802814523,0.9999999999999998
5.0,proportional_fairness,7.660826245588589,0.08664339756999295,58.68825876509895,449.6005530555646,0.00024362034589507178,0.014297653900332885,0.6862873872159804,0.9999999999999998
5.0,proportional_fairness,8.354190259419308,0.08664339756999295,69.79249489057645,583.0597809954256,0.00018937819981494584,0.013217177042971174,0.6344244980626181,0.9999999999999998
5.0,proportional_fairness,9.110309078053533,0.0866433975699934,82.9977314976646,756.1349867210234,0.00014712305191728295,0.01221087956014762,0.5861222188870845,0.9999999999999998
5.0,proportional_fairness,9.934862496587872,0.0866433975699934,98.70149282610821,980.5857594353394,0.00011423104933813876,0.011274775096767116,0.5411892046448202,0.9999999999999998
5.0,proportional_fairness,10.834044375495141,0.08664339756999295,117.3765175301979,1271.6623995632474,8.864570194152817e-05,0.010404923787916479,0.49943634181999236,0.9999999999999998
5.0,proportional_fairness,11.814609167515993,0.0866433975699934,139.58498978115296,1649.1420999160357,6.87571170177531e-05,0.009597461476304605,0.46067815086261993,0.9999999999999998
5.0,proportional_fairness,12.883922655594034,0.08664339756999295,165.99546299532923,2138.6727064113434,5.3306418139692326e-05,0.008848623559720844,0.42473393086660166,0.9999999999999998
5.0,proportional_fairness,14.050017282986396,0.0866433975699934,197.40298565221642,2773.515360126756,4.131023624110465e-05,0.008154763971992452,0.3914286706556368,0.9999999999999998
5.0,proportional_fairness,15.321652491177177,0.08664339756999295,234.7530350603958,3596.804424444517,3.20011616140364e-05,0.007512369814353279,0.3605937510889584,0.9999999999999998
5.0,proportional_fairness,16.70838051883862,0.0866433975699934,279.1699795623059,4664.478247963408,2.4780859893190635e-05,0.006918072149918396,0.33206746319608227,0.9999999999999998
5.0,proportional_fairness,18.220618156107065,0.08664339756999295,331.9909259906584,6049.0798937681875,1.9183215436995794e-05,0.0063686534564065264,0.3056953659075141,0.9999999999999998
5.0,proportional_fairness,19.869724993175744,0.0866433975699934,394.80597130443283,7844.686075482715,1.4845399084995624e-05,0.005861052205153636,0.2813305058473739,0.9999999999999998
5.0,proportional_fairness,21.668088750990286,0.08664339756999295,469.5060701207918,10173.299196505985,1.1485186974435945e-05,0.005392365000969927,0.2588335200465572,0.9999999999999998
5.0,proportional_fairness,23.629218335031993,0.0866433975699934,558.3399591246122,13193.136799328298,8.883202069048054e-06,0.004959846680127961,0.2380726406461416,0.9999999999999998
5.0,proportional_fairness,25.767845311188072,0.08664339756999295,663.9818519813172,17109.381651290754,6.86902618071555e-06,0.004560908724779665,0.2189236187894245,0.9999999999999998
5.0,proportional_fairness,28.100034565972795,0.0866433975699934,789.6119426088659,22188.122881014056,5.310350675724158e-06,0.004193116312992856,0.2012695830236566,0.9999999999999998
5.0,proportional_fairness,30.643304982354362,0.0866433975699934,939.0121402415837,28774.435395556153,4.104509537594631e-06,0.0038541842855387273,0.18500084570585848,0.9999999999999998
5.0,proportional_fairness,33.41676103767725,0.08664339756999295,1116.679918249224,37315.825983707284,3.1718778286565354e-06,0.003541972274400706,0.17001466917123437,0.9999999999999998
5.0,proportional_fairness,36.44123631221414,0.08664339756999295,1327.963703962634,48392.63915014553,2.4507290331373746e-06,0.003254479204253873,0.15621500180418635,0.9999999999999998
5.0,proportional_fairness,39.739449986351495,0.0866433975699934,1579.2238852177318,62757.48860386175,1.8932320966055194e-06,0.0029898373472202803,0.1435121926665731,0.9999999999999998
5.0,proportional_fairness,43.33617750198057,0.08664339756999295,1878.024280483167,81386.39357204788,1.4623379003819132e-06,0.0027463060831880077,0.13182269199302474,0.9999999999999998
5.0,proportional_fairness,47.258436670063986,0.0866433975699934,2233.3598364984487,105545.09439462639,1.1293592065614858e-06,0.002522265492914178,0.12106874365988025,0.9999999999999998
5.0,proportional_fairness,51.53569062237615,0.08664339756999295,2655.927407925269,136875.0532103261,8.720908116796866e-07,0.002316209888939874,0.11117807466911425,0.9999999999999998
5.0,proportional_fairness,56.2000691319456,0.0866433975699934,3158.4477704354645,177504.98304811254,6.733501784633552e-07,0.002126741369889906,0.10208358575471525,0.9999999999999998
5.0,proportional_fairness,61.28660996470872,0.08664339756999251,3756.0485609663338,230195.48316444914,5.19845107200065e-07,0.0019525634668241935,0.09372304640756203,0.9999999999999998
5.0,relative_entropy,1.0442737824274138,0.08664339756999319,1.0905077326652575,1.1387886347566913,0.039038171697046216,0.042571428104742896,2.043428549027658,1.0
5.0,relative_entropy,1.1387886347566916,0.0866433975699931,1.2968395546510094,1.476826145939499,0.032522856185107835,0.042176926331074074,2.024492463891557,1.0
5.0,relative_entropy,1.241857812073484,0.08664339756999317,1.5422108254079407,1.9152065613971472,0.02707209955061189,0.04175088499347511,2.004042479686805,1.0
5.0,relative_entropy,1.3542555469368929,0.08664339756999323,1.8340080864093429,2.483715624146969,0.022514179670526702,0.041291187574618804,1.981977003581701,1.0
5.0,relative_entropy,1.4768261459394993,0.08664339756999306,2.1810154653305154,3.220980663898509,0.018704888658357496,0.04079565144116305,1.9581912691758288,1.0
5.0,relative_entropy,1.6104903319492543,0.08664339756999317,2.5936791093020193,4.177095129709655,0.015523139123037438,0.04026204165421107,1.9325779994021313,1.0
5.0,relative_entropy,1.7562521603732995,0.08664339756999317,3.0844216508158815,5.417022187747571,0.012867270822983633,0.0396880887133222,1.9050282582394655,1.0
5.0,relative_entropy,1.9152065613971472,0.08664339756999317,3.6680161728186844,7.025008641493197,0.010651946170266982,0.039071510824533334,1.8754325195775996,1.0
5.0,relative_entropy,2.0885475648548275,0.08664339756999317,4.36203093066103,9.11030907805353,0.008805540796453161,0.03841004131532625,1.8436819831356597,1.0
5.0,relative_entropy,2.277577269513383,0.08664339756999317,5.187358218604038,11.814609167515991,0.007267950322404276,0.03770146183732968,1.8096701681918244,1.0
5.0,relative_entropy,2.483715624146968,0.08664339756999317,6.168843301631763,15.321652491177177,0.005988747028850634,0.036943641994092356,1.773294815716433,1.0
5.0,relative_entropy,2.7085110938737853,0.08664339756999306,7.336032345637369,19.86972499317574,0.0049256306809722546,0.03613458599827628,1.7344601279172633,1.0
5.0,relative_entropy,2.9536522918789982,0.08664339756999317,8.72406186132206,25.767845311188058,0.004043126636522077,0.0352724868901776,1.6930793707285243,1.0
5.0,relative_entropy,3.2209806638985086,0.08664339756999317,10.374716437208077,33.41676103767724,0.003311491830535555,0.03435578872593749,1.649077858844999,1.0
5.0,relative_entropy,3.512504320746599,0.08664339756999317,12.337686603263526,43.336177501980565,0.0027057955052196664,0.033383256955919344,1.602396333884128,1.0
5.0,relative_entropy,3.8304131227942944,0.08664339756999317,14.672064691274738,56.200069131945575,0.002205146830234967,0.032354056946966865,1.5529947334544092,1.0
5.0,relative_entropy,4.177095129709655,0.08664339756999317,17.44812372264412,72.88247262442825,0.00179204599523309,0.03126784024149587,1.5008563315918013,1.0
5.0,relative_entropy,4.555154539026766,0.08664339756999317,20.74943287441615,94.51687334012793,0.0014518390868435993,0.030124837676914904,1.4459922084919152,1.0
5.0,relative_entropy,4.967431248293936,0.08664339756999317,24.675373206527052,122.57321992941742,0.001172260198702237,0.028925957898135256,1.388445979110492,1.0
5.0,relative_entropy,5.4170221877475715,0.08664339756999317,29.344129382549486,158.957799945406,0.000943046860071156,0.027672889075735042,1.3282986756352817,1.0
5.0,relative_entropy,5.907304583757998,0.08664339756999317,34.89624744528826,206.14276248950466,0.0007556170855723503,0.02636820079202029,1.2656736380169737,1.0
5.0,relative_entropy,6.441961327797018,0.08664339756999317,41.49886574883232,267.33408830141803,0.0006027982123418704,0.0250154420876114,1.200741220205347,1.0
5.0,relative_entropy,7.025008641493199,0.08664339756999317,49.35074641305412,346.68942001584463,0.00047859925768284773,0.02361923059938216,1.1337230687703435,1.0
5.0,relative_entropy,7.660826245588589,0.08664339756999295,58.68825876509895,449.6005530555646,0.00037801984727844597,0.022185326615420622,1.0648956775401923,1.0
5.0,relative_entropy,8.354190259419308,0.08664339756999295,69.79249489057645,583.0597809954256,0.0002968898709353116,0.020720684800316636,0.994592870415201,1.0
5.0,relative_entropy,9.110309078053533,0.0866433975699934,82.9977314976646,756.1349867210234,0.0002317349530640128,0.019233475413030842,0.9232068198254779,1.0
5.0,relative_entropy,9.934862496587872,0.0866433975699934,98.70149282610821,980.5857594353394,0.00017966360676265517,0.017733066193996935,0.8511871773118506,1.0
5.0,relative_entropy,10.834044375495141,0.08664339756999295,117.3765175301979,1271.6623995632474,0.00013827259709990386,0.016229955917442855,0.7790378840372588,1.0
5.0,relative_entropy,11.814609167515993,0.0866433975699934,139.58498978115296,1649.1420999160357,0.00010556759090805854,0.014735651098122287,0.7073112527098678,1.0
5.0,relative_entropy,12.883922655594034,0.08664339756999295,165.99546299532923,2138.6727064113434,7.989663388162842e-05,0.013262478732949218,0.6365989791815639,1.0
5.0,relative_entropy,14.050017282986396,0.0866433975699934,197.40298565221642,2773.515360126756,5.9894385198739116e-05,0.011823330462035021,0.5675198621776794,1.0
5.0,relative_entropy,15.321652491177177,0.08664339756999295,234.7530350603958,3596.804424444517,4.443536721487228e-05,0.010431337317714473,0.500704191250296,1.0
5.0,relative_entropy,16.70838051883862,0.0866433975699934,279.1699795623059,4664.478247963408,3.259476315531473e-05,0.009099479363907415,0.43677500946755476,1.0
5.0,relative_entropy,18.220618156107065,0.08664339756999295,331.9909259906584,6049.0798937681875,2.3615527740271615e-05,0.007840140922250854,0.3763267642680419,1.0
5.0,relative_entropy,19.869724993175744,0.0866433975699934,394.80597130443283,7844.686075482715,1.688077158795072e-05,0.006664629423149156,0.3199022123111586,1.0
5.0,relative_entropy,21.668088750990286,0.08664339756999295,469.5060701207918,10173.299196505985,1.1890546199265641e-05,0.005582683617606928,0.2679688136451332,1.0
5.0,relative_entropy,23.629218335031993,0.0866433975699934,558.3399591246122,13193.136799328298,8.242297486083342e-06,0.004602004041472667,0.2208961939906874,1.0
5.0,relative_entropy,25.767845311188072,0.08664339756999295,663.9818519813172,17109.381651290754,5.614376426249979e-06,0.0037278440572217097,0.1789365147466425,1.0
5.0,relative_entropy,28.100034565972795,0.0866433975699934,789.6119426088659,22188.122881014056,3.752098958447309e-06,0.002962702147440282,0.14220970307713313,1.0
5.0,relative_entropy,30.643304982354362,0.0866433975699934,939.0121402415837,28774.435395556153,2.4559363512231876e-06,0.002306154049459191,0.11069539437404086,1.0
5.0,relative_entropy,33.41676103767725,0.08664339756999295,1116.679918249224,37315.825983707284,1.5714939683372445e-06,0.001754855756091983,0.08423307629241537,1.0
5.0,relative_entropy,36.44123631221414,0.08664339756999295,1327.963703962634,48392.63915014553,9.810019453901995e-07,0.001302734976994919,0.06253127889575627,1.0
5.0,relative_entropy,39.739449986351495,0.0866433975699934,1579.2238852177318,62757.48860386175,5.960965990356942e-07,0.0009413699870942254,0.045185759380522696,1.0
5.0,relative_entropy,43.33617750198057,0.08664339756999295,1878.024280483167,81386.39357204788,3.51716842116503e-07,0.0006605327693496572,0.03170557292878362,1.0
5.0,relative_entropy,47.258436670063986,0.0866433975699934,2233.3598364984487,105545.09439462639,2.0097573489989982e-07,0.00044885113443619585,0.021544854452937343,1.0
5.0,relative_entropy,51.53569062237615,0.08664339756999295,2655.927407925269,136875.0532103261,1.108938875122125e-07,0.0002945261152150669,0.014137253530323246,1.0
5.0,relative_entropy,56.2000691319456,0.0866433975699934,3158.4477704354645,177504.98304811254,5.889936608812576e-08,0.000186030571501103,0.008929467432052918,1.0
5.0,relative_entropy,61.28660996470872,0.08664339756999251,3756.0485609663338,230195.48316444914,3.000915496407968e-08,0.00011271584331864721,0.0054103604792951066,1.0
2.0,proportional_fairness,1.0442737824274138,0.08664339756999319,1.0905077326652575,1.1387886347566913,0.03658858667444376,0.03990013669577391,4.047040940876984,0.47323627049399875
2.0,proportional_fairness,1.1387886347566916,0.0866433975699931,1.2968395546510094,1.476826145939499,0.028213657227851914,0.03658858667444371,3.7111529057990307,0.47323627049399875
2.0,proportional_fairness,1.241857812073484,0.08664339756999317,1.5422108254079407,1.9152065613971472,0.02175570380057112,0.03355188191560946,3.4031422195684757,0.47323627049399875
2.0,proportional_fairness,1.3542555469368929,0.08664339756999323,1.8340080864093429,2.483715624146969,0.016775940957804738,0.030767211373739587,3.1206951749448115,0.47323627049399875
2.0,proportional_fairness,1.4768261459394993,0.08664339756999306,2.1810154653305154,3.220980663898509,0.012936018875765442,0.028213657227851897,2.8616900930337015,0.47323627049399875
2.0,proportional_fairness,1.6104903319492543,0.08664339756999317,2.5936791093020193,4.177095129709655,0.009975034173943477,0.02587203775153092,2.624181385710656,0.47323627049399875
2.0,proportional_fairness,1.7562521603732995,0.08664339756999317,3.0844216508158815,5.417022187747571,0.007691802843434892,0.023724763224097743,2.406384940799108,0.47323627049399875
2.0,proportional_fairness,1.9152065613971472,0.08664339756999317,3.6680161728186844,7.025008641493197,0.005931190806024437,0.02175570380057112,2.2066647202196155,0.47323627049399875
2.0,proportional_fairness,2.0885475648548275,0.08664339756999317,4.36203093066103,9.11030907805353,0.004573573334305469,0.019950068347886953,2.023520470438492,0.47323627049399875
2.0,proportional_fairness,2.277577269513383,0.08664339756999317,5.187358218604038,11.814609167515991,0.0035267071534814923,0.01829429333722187,1.8555764528995158,0.47323627049399875
2.0,proportional_fairness,2.483715624146968,0.08664339756999317,6.168843301631763,15.321652491177177,0.00271946297507139,0.01677594095780473,1.7015711097842379,0.47323627049399875
2.0,proportional_fairness,2.7085110938737853,0.08664339756999306,7.336032345637369,19.86972499317574,0.002096992619725589,0.015383605686869766,1.560347587472406,0.47323627049399875
2.0,proportional_fairness,2.9536522918789982,0.08664339756999317,8.72406186132206,25.767845311188058,0.001617002359470683,0.01410682861392597,1.430845046516851,0.47323627049399875
2.0,proportional_fairness,3.2209806638985086,0.08664339756999317,10.374716437208077,33.41676103767724,0.0012468792717429346,0.01293601887576546,1.312090692855328,0.47323627049399875
2.0,proportional_fairness,3.512504320746599,0.08664339756999317,12.337686603263526,43.336177501980565,0.0009614753554293616,0.011862381612048872,1.203192470399554,0.47323627049399875
2.0,proportional_fairness,3.8304131227942944,0.08664339756999317,14.672064691274738,56.200069131945575,0.0007413988507530546,0.01087785190028556,1.1033323601098077,0.47323627049399875
2.0,proportional_fairness,4.177095129709655,0.08664339756999317,17.44812372264412,72.88247262442825,0.0005716966667881836,0.009975034173943477,1.011760235219246,0.47323627049399875
2.0,proportional_fairness,4.555154539026766,0.08664339756999317,20.74943287441615,94.51687334012793,0.00044083839418518654,0.009147146668610936,0.9277882264497579,0.47323627049399875
2.0,proportional_fairness,4.967431248293936,0.08664339756999317,24.675373206527052,122.57321992941742,0.00033993287188392377,0.008387970478902365,0.8507855548921189,0.47323627049399875
2.0,proportional_fairness,5.4170221877475715,0.08664339756999317,29.344129382549486,158.957799945406,0.00026212407746569887,0.0076918028434348916,0.7801737937362029,0.47323627049399875
2.0,proportional_fairness,5.907304583757998,0.08664339756999317,34.89624744528826,206.14276248950466,0.0002021252949338352,0.007053414306962982,0.7154225232584253,0.47323627049399875
2.0,proportional_fairness,6.441961327797018,0.08664339756999317,41.49886574883232,267.33408830141803,0.00015585990896786677,0.00646800943788273,0.656045346427664,0.47323627049399875
2.0,proportional_fairness,7.025008641493199,0.08664339756999317,49.35074641305412,346.68942001584463,0.00012018441942867017,0.005931190806024436,0.601596235199777,0.47323627049399875
2.0,proportional_fairness,7.660826245588589,0.08664339756999295,58.68825876509895,449.6005530555646,9.267485634413158e-05,0.005438925950142766,0.551666180054904,0.47323627049399875
2.0,proportional_fairness,8.354190259419308,0.08664339756999295,69.79249489057645,583.0597809954256,7.146208334852281e-05,0.004987517086971727,0.5058801176096233,0.47323627049399875
2.0,proportional_fairness,9.110309078053533,0.0866433975699934,82.9977314976646,756.1349867210234,5.510479927314846e-05,0.004573573334305479,0.463894113224879,0.47323627049399875
2.0,proportional_fairness,9.934862496587872,0.0866433975699934,98.70149282610821,980.5857594353394,4.249160898549058e-05,0.004193985239451193,0.42539277744605947,0.47323627049399875
2.0,proportional_fairness,10.834044375495141,0.08664339756999295,117.3765175301979,1271.6623995632474,3.276550968321229e-05,0.0038459014217174367,0.3900868968681015,0.47323627049399875
2.0,proportional_fairness,11.814609167515993,0.0866433975699934,139.58498978115296,1649.1420999160357,2.5265661866729487e-05,0.0035267071534815014,0.35771126162921274,0.47323627049399875
2.0,proportional_fairness,12.883922655594034,0.08664339756999295,165.99546299532923,2138.6727064113434,1.9482488620983302e-05,0.0032340047189413565,0.328022673213832,0.47323627049399875
2.0,proportional_fairness,14.050017282986396,0.0866433975699934,197.40298565221642,2773.515360126756,1.5023052428583813e-05,0.0029655954030122253,0.3007981175998885,0.47323627049399875
2.0,proportional_fairness,15.321652491177177,0.08664339756999295,234.7530350603958,3596.804424444517,1.1584357043016447e-05,0.002719462975071383,0.275833090027452,0.47323627049399875
2.0,proportional_fairness,16.70838051883862,0.0866433975699934,279.1699795623059,4664.478247963408,8.932760418565392e-06,0.0024937585434858757,0.2529400588048115,0.47323627049399875
2.0,proportional_fairness,18.220618156107065,0.08664339756999295,331.9909259906584,6049.0798937681875,6.888099909143522e-06,0.002286786667152728,0.23194705661243947,0.47323627049399875
2.0,proportional_fairness,19.869724993175744,0.0866433975699934,394.80597130443283,7844.686075482715,5.311451123186322e-06,0.0020969926197255966,0.21269638872302973,0.47323627049399875
2.0,proportional_fairness,21.668088750990286,0.08664339756999295,469.5060701207918,10173.299196505985,4.095688710401534e-06,0.0019229507108587177,0.1950434484340507,0.47323627049399875
2.0,proportional_fairness,23.629218335031993,0.0866433975699934,558.3399591246122,13193.136799328298,3.158207733341183e-06,0.00176335357674075,0.17885563081460631,0.47323627049399875
2.0,proportional_fairness,25.767845311188072,0.08664339756999295,663.9818519813172,17109.381651290754,2.435311077622912e-06,0.0016170023594706782,0.164011336606916,0.47323627049399875
2.0,proportional_fairness,28.100034565972795,0.0866433975699934,789.6119426088659,22188.122881014056,1.877881553572976e-06,0.0014827977015061126,0.15039905879994425,0.47323627049399875
2.0,proportional_fairness,30.643304982354362,0.0866433975699934,939.0121402415837,28774.435395556153,1.4480446303770625e-06,0.0013597314875356983,0.13791654501372597,0.47323627049399875
2.0,proportional_fairness,33.41676103767725,0.08664339756999295,1116.679918249224,37315.825983707284,1.1165950523206675e-06,0.001246879271742931,0.12647002940240576,0.47323627049399875
2.0,proportional_fairness,36.44123631221414,0.08664339756999295,1327.963703962634,48392.63915014553,8.610124886429397e-07,0.0011433933335763637,0.11597352830621972,0.47323627049399875
2.0,proportional_fairness,39.739449986351495,0.0866433975699934,1579.2238852177318,62757.48860386175,6.639313903982901e-07,0.0010484963098627983,0.10634819436151487,0.47323627049399875
2.0,proportional_fairness,43.33617750198057,0.08664339756999295,1878.024280483167,81386.39357204788,5.119610888001917e-07,0.0009614753554293588,0.09752172421702535,0.47323627049399875
2.0,proportional_fairness,47.258436670063986,0.0866433975699934,2233.3598364984487,105545.09439462639,3.9477596666764786e-07,0.000881676788370375,0.08942781540730316,0.47323627049399875
2.0,proportional_fairness,51.53569062237615,0.08664339756999295,2655.927407925269,136875.0532103261,3.044138847028639e-07,0.000808501179735339,0.08200566830345798,0.47323627049399875
2.0,proportional_fairness,56.2000691319456,0.0866433975699934,3158.4477704354645,177504.98304811254,2.347351941966219e-07,0.0007413988507530562,0.07519952939997211,0.47323627049399875
2.0,proportional_fairness,61.28660996470872,0.08664339756999251,3756.0485609663338,230195.48316444914,1.8100557879713104e-07,0.0006798657437678423,0.06895827250686298,0.47323627049399875
2.0,relative_entropy,1.0442737824274138,0.08664339756999319,1.0905077326652575,1.1387886347566913,0.09442318479832319,0.10296921316545203,4.942522231941698,1.0
2.0,relative_entropy,1.1387886347566916,0.0866433975699931,1.2968395546510094,1.476826145939499,0.07494802097018909,0.09719555813695453,4.665386790573823,1.0
2.0,relative_entropy,1.241857812073484,0.08664339756999317,1.5422108254079407,1.9152065613971472,0.059179798551103224,0.09126772597097256,4.380850846606684,1.0
2.0,relative_entropy,1.3542555469368929,0.08664339756999323,1.8340080864093429,2.483715624146969,0.04646364670640234,0.08521470378360872,4.090305781613217,1.0
2.0,relative_entropy,1.4768261459394993,0.08664339756999306,2.1810154653305154,3.220980663898509,0.036253983141422974,0.07907049791127528,3.7953838997412195,1.0
2.0,relative_entropy,1.6104903319492543,0.08664339756999317,2.5936791093020193,4.177095129709655,0.02809678687857675,0.07287404916547562,3.49795435994283,1.0
2.0,relative_entropy,1.7562521603732995,0.08664339756999317,3.0844216508158815,5.417022187747571,0.021614731730040374,0.06666894652471354,3.2001094331862507,1.0
2.0,relative_entropy,1.9152065613971472,0.08664339756999317,3.6680161728186844,7.025008641493197,0.016494721256583536,0.060502904335284546,2.904139408093659,1.0
2.0,relative_entropy,2.0885475648548275,0.08664339756999317,4.36203093066103,9.11030907805353,0.012477438819562696,0.054426974066363126,2.6124947551854305,1.0
2.0,relative_entropy,2.277577269513383,0.08664339756999317,5.187358218604038,11.814609167515991,0.009348587514748196,0.04849447227696815,2.327734669294472,1.0
2.0,relative_entropy,2.483715624146968,0.08664339756999317,6.168843301631763,15.321652491177177,0.006931546205200927,0.0427596223779048,2.0524618741394307,1.0
2.0,relative_entropy,2.7085110938737853,0.08664339756999306,7.336032345637369,19.86972499317574,0.0050812111387374195,0.0372759292687906,1.7892446049019515,1.0
2.0,relative_entropy,2.9536522918789982,0.08664339756999317,8.72406186132206,25.767845311188058,0.0036788290932090466,0.03209433258638706,1.5405279641465792,1.0
2.0,relative_entropy,3.2209806638985086,0.08664339756999317,10.374716437208077,33.41676103767724,0.0026276587829408477,0.027261214766750586,1.3085383088040283,1.0
2.0,relative_entropy,3.512504320746599,0.08664339756999317,12.337686603263526,43.336177501980565,0.001849323347532217,0.02281637188995069,1.0951858507176333,1.0
2.0,relative_entropy,3.8304131227942944,0.08664339756999317,14.672064691274738,56.200069131945575,0.0012807389390267507,0.01879108456603506,0.901972059169683,1.0
2.0,relative_entropy,4.177095129709655,0.08664339756999317,17.44812372264412,72.88247262442825,0.0008715233940419101,0.015206448006421971,0.7299095043082549,1.0
2.0,relative_entropy,4.555154539026766,0.08664339756999317,20.74943287441615,94.51687334012793,0.0005818052634621675,0.012072129260190247,0.579462204489132,1.0
2.0,relative_entropy,4.967431248293936,0.08664339756999317,24.675373206527052,122.57321992941742,0.000380367492918331,0.009385709843390853,0.45051407248276104,1.0
2.0,relative_entropy,5.4170221877475715,0.08664339756999317,29.344129382549486,158.957799945406,0.0002430721099020241,0.0071327394422542835,0.3423714932282057,1.0
2.0,relative_entropy,5.907304583757998,0.08664339756999317,34.89624744528826,206.14276248950466,0.00015152258520789702,0.0052875696269645495,0.2538033420942984,1.0
2.0,relative_entropy,6.441961327797018,0.08664339756999317,41.49886574883232,267.33408830141803,9.192922171711357e-05,0.003814958430433137,0.18311800466079062,1.0
2.0,relative_entropy,7.025008641493199,0.08664339756999317,49.35074641305412,346.68942001584463,5.415004848724561e-05,0.002672345311148643,0.1282725749351349,1.0
2.0,relative_entropy,7.660826245588589,0.08664339756999295,58.68825876509895,449.6005530555646,3.0885303342398434e-05,0.0018126046745972548,0.08700502438066848,1.0
2.0,relative_entropy,8.354190259419308,0.08664339756999295,69.79249489057645,583.0597809954256,1.7007725619678006e-05,0.0011870116034117034,0.056976556963761915,1.0
2.0,relative_entropy,9.110309078053533,0.0866433975699934,82.9977314976646,756.1349867210234,9.013655037467849e-06,0.0007481129206123284,0.03590942018939168,1.0
2.0,relative_entropy,9.934862496587872,0.0866433975699934,98.70149282610821,980.5857594353394,4.581523603479543e-06,0.0004522032190814815,0.02170575451591106,1.0
2.0,relative_entropy,10.834044375495141,0.08664339756999295,117.3765175301979,1271.6623995632474,2.225004535836328e-06,0.0002611632839053626,0.01253583762745744,1.0
2.0,relative_entropy,11.814609167515993,0.0866433975699934,139.58498978115296,1649.1420999160357,1.0281888288290035e-06,0.0001435197271651921,0.006888946903929204,1.0
2.0,relative_entropy,12.883922655594034,0.08664339756999295,165.99546299532923,2138.6727064113434,4.5007283772843317e-07,7.471004908035295e-05,0.0035860823558569515,1.0
2.0,relative_entropy,14.050017282986396,0.0866433975699934,197.40298565221642,2773.515360126756,1.8570809524898953e-07,3.665933246193672e-05,0.0017596479581729585,1.0
2.0,relative_entropy,15.321652491177177,0.08664339756999295,234.7530350603958,3596.804424444517,7.184464069165502e-08,1.686574745518963e-05,0.0008095558778491045,1.0
2.0,relative_entropy,16.70838051883862,0.0866433975699934,279.1699795623059,4664.478247963408,2.5908401314539777e-08,7.2328478654720895e-06,0.00034717669754265947,1.0
2.0,relative_entropy,18.220618156107065,0.08664339756999295,331.9909259906584,6049.0798937681875,8.653812852625068e-09,2.8729873422928573e-06,0.00013790339243005754,1.0
2.0,relative_entropy,19.869724993175744,0.0866433975699934,394.80597130443283,7844.686075482715,2.658783581528931e-09,1.0497036343938082e-06,5.038577445090268e-05,1.0
2.0,relative_entropy,21.668088750990286,0.08664339756999295,469.5060701207918,10173.299196505985,7.457314030892105e-10,3.501254204300793e-07,1.6806020180643853e-05,1.0
2.0,relative_entropy,23.629218335031993,0.0866433975699934,558.3399591246122,13193.136799328298,1.8937554312302907e-10,1.0573593300651328e-07,5.075324784312626e-06,1.0
2.0,relative_entropy,25.767845311188072,0.08664339756999295,663.9818519813172,17109.381651290754,4.315203046496876e-11,2.8652165104884176e-08,1.3753039250344443e-06,1.0
2.0,relative_entropy,28.100034565972795,0.0866433975699934,789.6119426088659,22188.122881014056,8.736848368684357e-12,6.898719812675957e-09,3.3113855100844515e-07,1.0
2.0,relative_entropy,30.643304982354362,0.0866433975699934,939.0121402415837,28774.435395556153,1.5550321787025688e-12,1.4601940942680318e-09,7.008931652486538e-08,1.0
2.0,relative_entropy,33.41676103767725,0.08664339756999295,1116.679918249224,37315.825983707284,2.4048575489684903e-13,2.6854561311831633e-10,1.289018942967922e-08,1.0
2.0,relative_entropy,36.44123631221414,0.08664339756999295,1327.963703962634,48392.63915014553,3.1906606907392594e-14,4.2370815889620836e-11,2.0337991627018057e-09,1.0
2.0,relative_entropy,39.739449986351495,0.0866433975699934,1579.2238852177318,62757.48860386175,3.581699113564668e-15,5.656304789804501e-12,2.715026299106154e-10,1.0
2.0,relative_entropy,43.33617750198057,0.08664339756999295,1878.024280483167,81386.39357204788,3.3507766890944263e-16,6.292839980596329e-13,3.0205631906862465e-11,1.0
2.0,relative_entropy,47.258436670063986,0.0866433975699934,2233.3598364984487,105545.09439462639,2.569720585180881e-17,5.73911074596627e-14,2.754773158063803e-12,1.0
2.0,relative_entropy,51.53569062237615,0.08664339756999295,2655.927407925269,136875.0532103261,1.5867119446584946e-18,4.214191742300899e-15,2.022812036304437e-13,1.0
2.0,relative_entropy,56.2000691319456,0.0866433975699934,3158.4477704354645,177504.98304811254,7.7350426989974e-20,2.4430728366871456e-16,1.1726749616098271e-14,1.0
2.0,relative_entropy,61.28660996470872,0.08664339756999251,3756.0485609663338,230195.48316444914,2.9139988654671323e-21,1.0945121245295352e-17,5.253658197741811e-16,1.0
0.5,proportional_fairness,1.0442737824274138,0.08664339756999319,1.0905077326652575,1.1387886347566913,0.00914714666861094,0.009975034173943478,4.047040940876984,0.11830906762349969
0.5,proportional_fairness,1.1387886347566916,0.0866433975699931,1.2968395546510094,1.476826145939499,0.0070534143069629785,0.009147146668610927,3.7111529057990307,0.11830906762349969
0.5,proportional_fairness,1.241857812073484,0.08664339756999317,1.5422108254079407,1.9152065613971472,0.00543892595014278,0.008387970478902365,3.4031422195684757,0.11830906762349969
0.5,proportional_fairness,1.3542555469368929,0.08664339756999323,1.8340080864093429,2.483715624146969,0.0041939852394511845,0.007691802843434897,3.1206951749448115,0.11830906762349969
0.5,proportional_fairness,1.4768261459394993,0.08664339756999306,2.1810154653305154,3.220980663898509,0.0032340047189413604,0.007053414306962974,2.8616900930337015,0.11830906762349969
0.5,proportional_fairness,1.6104903319492543,0.08664339756999317,2.5936791093020193,4.177095129709655,0.002493758543485869,0.00646800943788273,2.624181385710656,0.11830906762349969
0.5,proportional_fairness,1.7562521603732995,0.08664339756999317,3.0844216508158815,5.417022187747571,0.001922950710858723,0.005931190806024436,2.406384940799108,0.11830906762349969
0.5,proportional_fairness,1.9152065613971472,0.08664339756999317,3.6680161728186844,7.025008641493197,0.0014827977015061092,0.00543892595014278,2.2066647202196155,0.11830906762349969
0.5,proportional_fairness,2.0885475648548275,0.08664339756999317,4.36203093066103,9.11030907805353,0.0011433933335763672,0.004987517086971738,2.023520470438492,0.11830906762349969
0.5,proportional_fairness,2.277577269513383,0.08664339756999317,5.187358218604038,11.814609167515991,0.0008816767883703731,0.004573573334305468,1.8555764528995158,0.11830906762349969
0.5,proportional_fairness,2.483715624146968,0.08664339756999317,6.168843301631763,15.321652491177177,0.0006798657437678475,0.004193985239451183,1.7015711097842379,0.11830906762349969
0.5,proportional_fairness,2.7085110938737853,0.08664339756999306,7.336032345637369,19.86972499317574,0.0005242481549313973,0.0038459014217174414,1.560347587472406,0.11830906762349969
0.5,proportional_fairness,2.9536522918789982,0.08664339756999317,8.72406186132206,25.767845311188058,0.00040425058986767075,0.0035267071534814923,1.430845046516851,0.11830906762349969
0.5,proportional_fairness,3.2209806638985086,0.08664339756999317,10.374716437208077,33.41676103767724,0.00031171981793573364,0.003234004718941365,1.312090692855328,0.11830906762349969
0.5,proportional_fairness,3.512504320746599,0.08664339756999317,12.337686603263526,43.336177501980565,0.0002403688388573404,0.002965595403012218,1.203192470399554,0.11830906762349969
0.5,proportional_fairness,3.8304131227942944,0.08664339756999317,14.672064691274738,56.200069131945575,0.00018534971268826365,0.00271946297507139,1.1033323601098077,0.11830906762349969
0.5,proportional_fairness,4.177095129709655,0.08664339756999317,17.44812372264412,72.88247262442825,0.0001429241666970459,0.002493758543485869,1.011760235219246,0.11830906762349969
0.5,proportional_fairness,4.555154539026766,0.08664339756999317,20.74943287441615,94.51687334012793,0.00011020959854629663,0.002286786667152734,0.9277882264497579,0.11830906762349969
0.5,proportional_fairness,4.967431248293936,0.08664339756999317,24.675373206527052,122.57321992941742,8.498321797098094e-05,0.0020969926197255914,0.8507855548921189,0.11830906762349969
0.5,proportional_fairness,5.4170221877475715,0.08664339756999317,29.344129382549486,158.957799945406,6.553101936642472e-05,0.0019229507108587229,0.7801737937362029,0.11830906762349969
0.5,proportional_fairness,5.907304583757998,0.08664339756999317,34.89624744528826,206.14276248950466,5.05313237334588e-05,0.0017633535767407455,0.7154225232584253,0.11830906762349969
0.5,proportional_fairness,6.441961327797018,0.08664339756999317,41.49886574883232,267.33408830141803,3.896497724196669e-05,0.0016170023594706826,0.656045346427664,0.11830906762349969
0.5,proportional_fairness,7.025008641493199,0.08664339756999317,49.35074641305412,346.68942001584463,3.0046104857167542e-05,0.001482797701506109,0.601596235199777,0.11830906762349969
0.5,proportional_fairness,7.660826245588589,0.08664339756999295,58.68825876509895,449.6005530555646,2.3168714086032895e-05,0.0013597314875356916,0.551666180054904,0.11830906762349969
0.5,proportional_fairness,8.354190259419308,0.08664339756999295,69.79249489057645,583.0597809954256,1.7865520837130704e-05,0.0012468792717429318,0.5058801176096233,0.11830906762349969
0.5,proportional_fairness,9.110309078053533,0.0866433975699934,82.9977314976646,756.1349867210234,1.3776199818287115e-05,0.0011433933335763698,0.463894113224879,0.11830906762349969
0.5,proportional_fairness,9.934862496587872,0.0866433975699934,98.70149282610821,980.5857594353394,1.0622902246372645e-05,0.0010484963098627983,0.42539277744605947,0.11830906762349969
0.5,proportional_fairness,10.834044375495141,0.08664339756999295,117.3765175301979,1271.6623995632474,8.191377420803073e-06,0.0009614753554293592,0.3900868968681015,0.11830906762349969
0.5,proportional_fairness,11.814609167515993,0.0866433975699934,139.58498978115296,1649.1420999160357,6.316415466682372e-06,0.0008816767883703753,0.35771126162921274,0.11830906762349969
0.5,proportional_fairness,12.883922655594034,0.08664339756999295,165.99546299532923,2138.6727064113434,4.8706221552458255e-06,0.0008085011797353391,0.328022673213832,0.11830906762349969
0.5,proportional_fairness,14.050017282986396,0.0866433975699934,197.40298565221642,2773.515360126756,3.7557631071459533e-06,0.0007413988507530563,0.3007981175998885,0.11830906762349969
0.5,proportional_fairness,15.321652491177177,0.08664339756999295,234.7530350603958,3596.804424444517,2.896089260754112e-06,0.0006798657437678458,0.275833090027452,0.11830906762349969
0.5,proportional_fairness,16.70838051883862,0.0866433975699934,279.1699795623059,4664.478247963408,2.233190104641348e-06,0.0006234396358714689,0.2529400588048115,0.11830906762349969
0.5,proportional_fairness,18.220618156107065,0.08664339756999295,331.9909259906584,6049.0798937681875,1.7220249772858805e-06,0.000571696666788182,0.23194705661243947,0.11830906762349969
0.5,proportional_fairness,19.869724993175744,0.0866433975699934,394.80597130443283,7844.686075482715,1.3278627807965806e-06,0.0005242481549313991,0.21269638872302973,0.11830906762349969
0.5,proportional_fairness,21.668088750990286,0.08664339756999295,469.5060701207918,10173.299196505985,1.0239221776003834e-06,0.0004807376777146794,0.1950434484340507,0.11830906762349969
0.5,proportional_fairness,23.629218335031993,0.0866433975699934,558.3399591246122,13193.136799328298,7.895519333352957e-07,0.0004408383941851875,0.17885563081460631,0.11830906762349969
0.5,proportional_fairness,25.767845311188072,0.08664339756999295,663.9818519813172,17109.381651290754,6.08827769405728e-07,0.00040425058986766956,0.164011336606916,0.11830906762349969
0.5,proportional_fairness,28.100034565972795,0.0866433975699934,789.6119426088659,22188.122881014056,4.69470388393244e-07,0.00037069942537652816,0.15039905879994425,0.11830906762349969
0.5,proportional_fairness,30.643304982354362,0.0866433975699934,939.0121402415837,28774.435395556153,3.620111575942656e-07,0.0003399328718839246,0.13791654501372597,0.11830906762349969
0.5,proportional_fairness,33.41676103767725,0.08664339756999295,1116.679918249224,37315.825983707284,2.7914876308016687e-07,0.0003117198179357328,0.12647002940240576,0.11830906762349969
0.5,proportional_fairness,36.44123631221414,0.08664339756999295,1327.963703962634,48392.63915014553,2.1525312216073493e-07,0.00028584833339409093,0.11597352830621972,0.11830906762349969
0.5,proportional_fairness,39.739449986351495,0.0866433975699934,1579.2238852177318,62757.48860386175,1.6598284759957252e-07,0.00026212407746569957,0.10634819436151487,0.11830906762349969
0.5,proportional_fairness,43.33617750198057,0.08664339756999295,1878.024280483167,81386.39357204788,1.2799027220004793e-07,0.0002403688388573397,0.09752172421702535,0.11830906762349969
0.5,proportional_fairness,47.258436670063986,0.0866433975699934,2233.3598364984487,105545.09439462639,9.869399166691196e-08,0.00022041919709259376,0.08942781540730316,0.11830906762349969
0.5,proportional_fairness,51.53569062237615,0.08664339756999295,2655.927407925269,136875.0532103261,7.610347117571597e-08,0.00020212529493383475,0.08200566830345798,0.11830906762349969
0.5,proportional_fairness,56.2000691319456,0.0866433975699934,3158.4477704354645,177504.98304811254,5.8683798549155474e-08,0.00018534971268826405,0.07519952939997211,0.11830906762349969
0.5,proportional_fairness,61.28660996470872,0.08664339756999251,3756.0485609663338,230195.48316444914,4.525139469928276e-08,0.00016996643594196058,0.06895827250686298,0.11830906762349969
