cost_log_error_sd,sampling,samples_per_cohort,candidate,alpha,deviance_critical_value,heldout_null_rejection,conditional_mc_low,conditional_mc_high
0.0,objects,100,pf,0.025,80.5936454017852,0.018,0.011415740009567788,0.028273255170507345
0.0,objects,100,kl,0.025,82.04697290086077,0.016,0.009872242002277388,0.02583206021173997
0.0,objects,500,pf,0.025,97.59269984580972,0.024,0.016180168466636995,0.03546290561161149
0.0,objects,500,kl,0.025,97.61489003038744,0.021,0.013775739567924286,0.03189029506123752
0.0,objects,2000,pf,0.025,108.8541295876546,0.026,0.017803938201616326,0.03782382884268993
0.0,objects,2000,kl,0.025,110.39111342571518,0.021,0.013775739567924286,0.03189029506123752
0.0,objects,10000,pf,0.025,119.71562477391485,0.022,0.014572707764791058,0.03308567334739963
0.0,objects,10000,kl,0.025,119.42202846816528,0.023,0.015374276932992918,0.03427645066222667
0.0,objects,50000,pf,0.025,124.83406521591337,0.021,0.013775739567924286,0.03189029506123752
0.0,objects,50000,kl,0.025,124.25674138292348,0.021,0.013775739567924286,0.03189029506123752
0.0,primary_resource,100,pf,0.025,134.91178700963977,0.024,0.016180168466636995,0.03546290561161149
0.0,primary_resource,100,kl,0.025,133.9775653463156,0.025,0.016990131293434067,0.0366452892678433
0.0,primary_resource,500,pf,0.025,126.1809512470422,0.027,0.018621382774294995,0.03899873075304015
0.0,primary_resource,500,kl,0.025,125.85422494515899,0.028,0.019442276812770925,0.04017018319759311
0.0,primary_resource,2000,pf,0.025,123.8595523216977,0.028,0.019442276812770925,0.04017018319759311
0.0,primary_resource,2000,kl,0.025,123.37869665041188,0.021,0.013775739567924286,0.03189029506123752
0.0,primary_resource,10000,pf,0.025,122.49043029319026,0.024,0.016180168466636995,0.03546290561161149
0.0,primary_resource,10000,kl,0.025,122.93062936603984,0.025,0.016990131293434067,0.0366452892678433
0.0,primary_resource,50000,pf,0.025,123.01572475179094,0.022,0.014572707764791058,0.03308567334739963
0.0,primary_resource,50000,kl,0.025,123.08380915052703,0.033,0.023592927958426907,0.04598126446708159
0.25,objects,100,pf,0.025,79.23367367430936,0.033,0.023592927958426907,0.04598126446708159
0.25,objects,100,kl,0.025,81.5691618102955,0.021,0.013775739567924286,0.03189029506123752
0.25,objects,500,pf,0.025,95.69985611922547,0.033,0.023592927958426907,0.04598126446708159
0.25,objects,500,kl,0.025,98.56032373565553,0.02,0.012983682916415136,0.030690005229717786
0.25,objects,2000,pf,0.025,109.66731788165706,0.028,0.019442276812770925,0.04017018319759311
0.25,objects,2000,kl,0.025,109.11796338161491,0.03,0.0210937388288347,0.042503414147587126
0.25,objects,10000,pf,0.025,120.1185797285624,0.021,0.013775739567924286,0.03189029506123752
0.25,objects,10000,kl,0.025,119.57256959494322,0.021,0.013775739567924286,0.03189029506123752
0.25,objects,50000,pf,0.025,124.50519127823327,0.022,0.014572707764791058,0.03308567334739963
0.25,objects,50000,kl,0.025,124.65358090773742,0.017,0.010640689856816328,0.027055958840229925
0.25,primary_resource,100,pf,0.025,134.81464496203972,0.023,0.015374276932992918,0.03427645066222667
0.25,primary_resource,100,kl,0.025,133.43429507724147,0.019,0.012196885750790904,0.02948445591231312
0.25,primary_resource,500,pf,0.025,126.81884808169485,0.024,0.016180168466636995,0.03546290561161149
0.25,primary_resource,500,kl,0.025,125.68144894952394,0.025,0.016990131293434067,0.0366452892678433
0.25,primary_resource,2000,pf,0.025,123.93745268653085,0.025,0.016990131293434067,0.0366452892678433
0.25,primary_resource,2000,kl,0.025,124.05047243238366,0.024,0.016180168466636995,0.03546290561161149
0.25,primary_resource,10000,pf,0.025,123.55872321273351,0.017,0.010640689856816328,0.027055958840229925
0.25,primary_resource,10000,kl,0.025,122.44398474591509,0.019,0.012196885750790904,0.02948445591231312
0.25,primary_resource,50000,pf,0.025,122.13905267242583,0.034,0.024431348663226313,0.04713519024531107
0.25,primary_resource,50000,kl,0.025,123.75582568052465,0.024,0.016180168466636995,0.03546290561161149
