truth,cost_log_error_sd,sampling,samples_per_cohort,exact_candidate_true,correct_target,correct_decision_rate,conditional_mc_low,conditional_mc_high,pf_only,kl_only,ambiguous,both_rejected,forced_likelihood_pf_fraction,mean_resource_tv_after
pf,0.0,objects,100,True,pf,0.0,2.168404344971009e-19,0.0038267584855551234,0.0,0.006,0.977,0.017,0.658,0.4995643474898616
kl,0.0,objects,100,True,kl,0.015,0.009110978804081668,0.024600976926906798,0.0,0.015,0.968,0.017,0.409,0.5136701348832495
extra,0.0,objects,100,False,both_rejected,0.048,0.036393301020807914,0.06306608865013393,0.03,0.0,0.922,0.048,0.999,0.4221356357302136
pf,0.0,objects,500,True,pf,0.006,0.0027526691418763745,0.01302816824185209,0.006,0.0,0.975,0.019,0.752,0.33779271458992344
kl,0.0,objects,500,True,kl,0.013,0.0076128203893510256,0.022114442375579666,0.001,0.013,0.967,0.019,0.293,0.33626930713702746
extra,0.0,objects,500,False,both_rejected,0.999,0.9943574414020421,0.9998234536293739,0.001,0.0,0.0,0.999,1.0,0.3286790597040239
pf,0.0,objects,2000,True,pf,0.037,0.026961180875554734,0.05058239748206931,0.037,0.003,0.936,0.024,0.852,0.22649991862841817
kl,0.0,objects,2000,True,kl,0.058,0.04513327823499824,0.0742495762662325,0.0,0.058,0.918,0.024,0.119,0.215320115013598
extra,0.0,objects,2000,False,both_rejected,1.0,0.996173241514445,1.0,0.0,0.0,0.0,1.0,1.0,0.25647525210875144
pf,0.0,objects,10000,True,pf,0.468,0.43725522419222734,0.4989896883508483,0.468,0.0,0.502,0.03,0.995,0.125353477377184
kl,0.0,objects,10000,True,kl,0.488,0.4571243966097442,0.5189674455939091,0.0,0.488,0.481,0.031,0.006,0.11453312132142299
extra,0.0,objects,10000,False,both_rejected,1.0,0.996173241514445,1.0,0.0,0.0,0.0,1.0,1.0,0.16493655784735017
pf,0.0,objects,50000,True,pf,0.978,0.9669143266526004,0.985427292235209,0.978,0.0,0.0,0.022,1.0,0.06074501550404986
kl,0.0,objects,50000,True,kl,0.973,0.9610012692469598,0.9813786172257051,0.0,0.973,0.0,0.027,0.0,0.05522768306206936
extra,0.0,objects,50000,False,both_rejected,1.0,0.996173241514445,1.0,0.0,0.0,0.0,1.0,1.0,0.08135313945461019
pf,0.0,primary_resource,100,True,pf,0.006,0.0027526691418763745,0.01302816824185209,0.006,0.001,0.973,0.02,0.72,0.26386482688107166
kl,0.0,primary_resource,100,True,kl,0.008,0.004059195818806103,0.015706334530980144,0.002,0.008,0.969,0.021,0.243,0.2630918225966189
extra,0.0,primary_resource,100,False,both_rejected,0.948,0.93244426068072,0.9601269637162226,0.047,0.0,0.005,0.948,1.0,0.24783578170506435
pf,0.0,primary_resource,500,True,pf,0.057,0.04425344035871594,0.07313706765948591,0.057,0.0,0.92,0.023,0.926,0.11741480300211614
kl,0.0,primary_resource,500,True,kl,0.058,0.04513327823499824,0.0742495762662325,0.002,0.058,0.911,0.029,0.06,0.11738749453556623
extra,0.0,primary_resource,500,False,both_rejected,1.0,0.996173241514445,1.0,0.0,0.0,0.0,1.0,1.0,0.11218025857366218
pf,0.0,primary_resource,2000,True,pf,0.592,0.5612435983142355,0.6220522781244223,0.592,0.0,0.377,0.031,1.0,0.05900778264200279
kl,0.0,primary_resource,2000,True,kl,0.535,0.5040112456567101,0.5657208812493011,0.0,0.535,0.432,0.033,0.002,0.0587771219389206
extra,0.0,primary_resource,2000,False,both_rejected,1.0,0.996173241514445,1.0,0.0,0.0,0.0,1.0,1.0,0.0561614809105582
pf,0.0,primary_resource,10000,True,pf,0.976,0.9645370943883885,0.9838198315333629,0.976,0.0,0.0,0.024,1.0,0.02631271173928095
kl,0.0,primary_resource,10000,True,kl,0.975,0.9633547107321566,0.9830098687065659,0.0,0.975,0.0,0.025,0.0,0.026394663431888232
extra,0.0,primary_resource,10000,False,both_rejected,1.0,0.996173241514445,1.0,0.0,0.0,0.0,1.0,1.0,0.024981090861417657
pf,0.0,primary_resource,50000,True,pf,0.979,0.9681097049387625,0.9862242604320758,0.979,0.0,0.0,0.021,1.0,0.011806818273831444
kl,0.0,primary_resource,50000,True,kl,0.981,0.9705155440876868,0.9878031142492091,0.0,0.981,0.0,0.019,0.0,0.011746832966305274
extra,0.0,primary_resource,50000,False,both_rejected,1.0,0.996173241514445,1.0,0.0,0.0,0.0,1.0,1.0,0.011217165336388613
pf,0.25,objects,100,False,both_rejected,0.026,0.017803938201616326,0.03782382884268993,0.0,0.009,0.965,0.026,0.549,0.49705994476686916
kl,0.25,objects,100,False,both_rejected,0.015,0.009110978804081668,0.024600976926906798,0.0,0.02,0.965,0.015,0.35,0.5130638945306121
extra,0.25,objects,100,False,both_rejected,0.091,0.07470470437164412,0.11042558406953998,0.008,0.001,0.9,0.091,0.998,0.4244590896360552
pf,0.25,objects,500,False,both_rejected,0.019,0.012196885750790904,0.02948445591231312,0.001,0.015,0.965,0.019,0.566,0.3383590915791629
kl,0.25,objects,500,False,both_rejected,0.026,0.017803938201616326,0.03782382884268993,0.0,0.039,0.935,0.026,0.226,0.33734349634586
extra,0.25,objects,500,False,both_rejected,1.0,0.996173241514445,1.0,0.0,0.0,0.0,1.0,1.0,0.3333791186127681
pf,0.25,objects,2000,False,both_rejected,0.069,0.054883945585911253,0.08641472022863728,0.033,0.009,0.889,0.069,0.622,0.22442353231394968
kl,0.25,objects,2000,False,both_rejected,0.04,0.02951097368545276,0.05400964412125796,0.0,0.076,0.884,0.04,0.064,0.21381287895573725
extra,0.25,objects,2000,False,both_rejected,1.0,0.996173241514445,1.0,0.0,0.0,0.0,1.0,1.0,0.25890599312780727
pf,0.25,objects,10000,False,both_rejected,0.552,0.5210376917018592,0.5825643254156431,0.239,0.026,0.183,0.552,0.811,0.12541982308002558
kl,0.25,objects,10000,False,both_rejected,0.111,0.09299921045824965,0.13197800764351225,0.0,0.745,0.144,0.111,0.0,0.11415586050055954
extra,0.25,objects,10000,False,both_rejected,1.0,0.996173241514445,1.0,0.0,0.0,0.0,1.0,1.0,0.1646913155847286
pf,0.25,objects,50000,False,both_rejected,1.0,0.996173241514445,1.0,0.0,0.0,0.0,1.0,0.984,0.06070456160250897
kl,0.25,objects,50000,False,both_rejected,0.8,0.7740810353518655,0.8236229095568015,0.0,0.2,0.0,0.8,0.0,0.05489518534803652
extra,0.25,objects,50000,False,both_rejected,1.0,0.996173241514445,1.0,0.0,0.0,0.0,1.0,1.0,0.08024117083591381
pf,0.25,primary_resource,100,False,both_rejected,0.041,0.030364971082098315,0.0551479932076413,0.031,0.0,0.928,0.041,0.768,0.2640167060762311
kl,0.25,primary_resource,100,False,both_rejected,0.029,0.02026644815669875,0.04133835833669418,0.01,0.006,0.955,0.029,0.367,0.2623978598706542
extra,0.25,primary_resource,100,False,both_rejected,0.942,0.9257504237337675,0.9548667217650018,0.047,0.0,0.011,0.942,1.0,0.24724316486005232
pf,0.25,primary_resource,500,False,both_rejected,0.079,0.06384721576082919,0.09737491488400823,0.249,0.001,0.671,0.079,0.961,0.11726542001852634
kl,0.25,primary_resource,500,False,both_rejected,0.158,0.13670765691270592,0.1819098458914138,0.022,0.082,0.738,0.158,0.258,0.11755288191727344
extra,0.25,primary_resource,500,False,both_rejected,1.0,0.996173241514445,1.0,0.0,0.0,0.0,1.0,1.0,0.1114385014913655
pf,0.25,primary_resource,2000,False,both_rejected,0.63,0.5996317181277412,0.6593733246660144,0.366,0.0,0.004,0.63,1.0,0.05903179261151466
kl,0.25,primary_resource,2000,False,both_rejected,0.907,0.8874087442345036,0.9234762743582547,0.001,0.087,0.005,0.907,0.078,0.05877989068295075
extra,0.25,primary_resource,2000,False,both_rejected,1.0,0.996173241514445,1.0,0.0,0.0,0.0,1.0,1.0,0.055781222433736344
pf,0.25,primary_resource,10000,False,both_rejected,1.0,0.996173241514445,1.0,0.0,0.0,0.0,1.0,1.0,0.026217121397293396
kl,0.25,primary_resource,10000,False,both_rejected,1.0,0.996173241514445,1.0,0.0,0.0,0.0,1.0,0.0,0.02631739283532461
extra,0.25,primary_resource,10000,False,both_rejected,1.0,0.996173241514445,1.0,0.0,0.0,0.0,1.0,1.0,0.02502410735286566
pf,0.25,primary_resource,50000,False,both_rejected,1.0,0.996173241514445,1.0,0.0,0.0,0.0,1.0,1.0,0.011721630792640488
kl,0.25,primary_resource,50000,False,both_rejected,1.0,0.996173241514445,1.0,0.0,0.0,0.0,1.0,0.0,0.011739218344061674
extra,0.25,primary_resource,50000,False,both_rejected,1.0,0.996173241514445,1.0,0.0,0.0,0.0,1.0,1.0,0.011168574896019948
