block_id,budget_stratum,condition,memory_budget_bytes,cpu_budget_seconds,largest_completed_size,zero_completion,upper_censored,nonmonotone_success_pattern
0,0,aligned,29899981,0.0012537499999999975,0,True,False,False
0,0,cpu_tightened,29899981,0.0008149374999999984,0,True,False,False
0,0,opposed,29899981,0.2561979,0,True,False,False
0,0,permuted,29899981,0.16093625,0,True,False,False
1,1,aligned,36192256,0.0023979999999999974,256,False,False,False
1,1,cpu_tightened,36192256,0.0015586999999999984,256,False,False,False
1,1,opposed,36192256,0.16093625,256,False,False,False
1,1,permuted,36192256,0.2561979,256,False,False,False
2,2,aligned,39567360,0.006184249999999995,384,False,False,False
2,2,cpu_tightened,39567360,0.004019762499999997,384,False,False,False
2,2,opposed,39567360,0.051746249999999994,384,False,False,False
2,2,permuted,39567360,0.0012537499999999975,0,True,False,False
3,3,aligned,47861760,0.017332749999999997,576,False,False,False
3,3,cpu_tightened,47861760,0.0112662875,576,False,False,False
3,3,opposed,47861760,0.017332749999999997,576,False,False,False
3,3,permuted,47861760,0.0023979999999999974,256,False,False,False
4,4,aligned,72605696,0.051746249999999994,864,False,False,False
4,4,cpu_tightened,72605696,0.0336350625,864,False,False,False
4,4,opposed,72605696,0.006184249999999995,384,False,False,False
4,4,permuted,72605696,0.006184249999999995,384,False,False,False
5,5,aligned,118218752,0.16093625,1296,False,False,False
5,5,cpu_tightened,118218752,0.1046085625,1296,False,False,False
5,5,opposed,118218752,0.0023979999999999974,256,False,False,False
5,5,permuted,118218752,0.017332749999999997,576,False,False,False
6,6,aligned,152274125,0.2561979,1944,False,True,False
6,6,cpu_tightened,152274125,0.16652863499999998,1296,False,False,False
6,6,opposed,152274125,0.0012537499999999975,0,True,False,False
6,6,permuted,152274125,0.051746249999999994,864,False,False,False
7,0,aligned,29899981,0.0012537499999999975,0,True,False,False
7,0,cpu_tightened,29899981,0.0008149374999999984,0,True,False,False
7,0,opposed,29899981,0.2561979,0,True,False,False
7,0,permuted,29899981,0.16093625,0,True,False,False
8,1,aligned,36192256,0.0023979999999999974,256,False,False,False
8,1,cpu_tightened,36192256,0.0015586999999999984,256,False,False,False
8,1,opposed,36192256,0.16093625,256,False,False,False
8,1,permuted,36192256,0.2561979,256,False,False,False
9,2,aligned,39567360,0.006184249999999995,384,False,False,False
9,2,cpu_tightened,39567360,0.004019762499999997,384,False,False,False
9,2,opposed,39567360,0.051746249999999994,384,False,False,False
9,2,permuted,39567360,0.0012537499999999975,0,True,False,False
10,3,aligned,47861760,0.017332749999999997,576,False,False,False
10,3,cpu_tightened,47861760,0.0112662875,576,False,False,False
10,3,opposed,47861760,0.017332749999999997,576,False,False,False
10,3,permuted,47861760,0.0023979999999999974,256,False,False,False
11,4,aligned,72605696,0.051746249999999994,864,False,False,False
11,4,cpu_tightened,72605696,0.0336350625,864,False,False,False
11,4,opposed,72605696,0.006184249999999995,384,False,False,False
11,4,permuted,72605696,0.006184249999999995,384,False,False,False
12,5,aligned,118218752,0.16093625,1296,False,False,False
12,5,cpu_tightened,118218752,0.1046085625,1296,False,False,False
12,5,opposed,118218752,0.0023979999999999974,256,False,False,False
12,5,permuted,118218752,0.017332749999999997,576,False,False,False
13,6,aligned,152274125,0.2561979,1944,False,True,False
13,6,cpu_tightened,152274125,0.16652863499999998,1296,False,False,False
13,6,opposed,152274125,0.0012537499999999975,0,True,False,False
13,6,permuted,152274125,0.051746249999999994,864,False,False,False
14,0,aligned,29899981,0.0012537499999999975,0,True,False,False
14,0,cpu_tightened,29899981,0.0008149374999999984,0,True,False,False
14,0,opposed,29899981,0.2561979,0,True,False,False
14,0,permuted,29899981,0.16093625,0,True,False,False
15,1,aligned,36192256,0.0023979999999999974,256,False,False,False
15,1,cpu_tightened,36192256,0.0015586999999999984,256,False,False,False
15,1,opposed,36192256,0.16093625,256,False,False,False
15,1,permuted,36192256,0.2561979,256,False,False,False
16,2,aligned,39567360,0.006184249999999995,384,False,False,False
16,2,cpu_tightened,39567360,0.004019762499999997,384,False,False,False
16,2,opposed,39567360,0.051746249999999994,384,False,False,False
16,2,permuted,39567360,0.0012537499999999975,0,True,False,False
17,3,aligned,47861760,0.017332749999999997,576,False,False,False
17,3,cpu_tightened,47861760,0.0112662875,576,False,False,False
17,3,opposed,47861760,0.017332749999999997,576,False,False,False
17,3,permuted,47861760,0.0023979999999999974,256,False,False,False
18,4,aligned,72605696,0.051746249999999994,864,False,False,False
18,4,cpu_tightened,72605696,0.0336350625,864,False,False,False
18,4,opposed,72605696,0.006184249999999995,384,False,False,False
18,4,permuted,72605696,0.006184249999999995,384,False,False,False
19,5,aligned,118218752,0.16093625,1296,False,False,False
19,5,cpu_tightened,118218752,0.1046085625,1296,False,False,False
19,5,opposed,118218752,0.0023979999999999974,256,False,False,False
19,5,permuted,118218752,0.017332749999999997,576,False,False,False
20,6,aligned,152274125,0.2561979,1296,False,False,False
20,6,cpu_tightened,152274125,0.16652863499999998,1296,False,False,False
20,6,opposed,152274125,0.0012537499999999975,0,True,False,False
20,6,permuted,152274125,0.051746249999999994,864,False,False,False
21,0,aligned,29899981,0.0012537499999999975,0,True,False,False
21,0,cpu_tightened,29899981,0.0008149374999999984,0,True,False,False
21,0,opposed,29899981,0.2561979,0,True,False,False
21,0,permuted,29899981,0.16093625,0,True,False,False
22,1,aligned,36192256,0.0023979999999999974,256,False,False,False
22,1,cpu_tightened,36192256,0.0015586999999999984,0,True,False,False
22,1,opposed,36192256,0.16093625,256,False,False,False
22,1,permuted,36192256,0.2561979,256,False,False,False
23,2,aligned,39567360,0.006184249999999995,384,False,False,False
23,2,cpu_tightened,39567360,0.004019762499999997,384,False,False,False
23,2,opposed,39567360,0.051746249999999994,384,False,False,False
23,2,permuted,39567360,0.0012537499999999975,0,True,False,False
24,3,aligned,47861760,0.017332749999999997,576,False,False,False
24,3,cpu_tightened,47861760,0.0112662875,576,False,False,False
24,3,opposed,47861760,0.017332749999999997,576,False,False,False
24,3,permuted,47861760,0.0023979999999999974,256,False,False,False
25,4,aligned,72605696,0.051746249999999994,864,False,False,False
25,4,cpu_tightened,72605696,0.0336350625,864,False,False,False
25,4,opposed,72605696,0.006184249999999995,384,False,False,False
25,4,permuted,72605696,0.006184249999999995,384,False,False,False
26,5,aligned,118218752,0.16093625,1296,False,False,False
26,5,cpu_tightened,118218752,0.1046085625,1296,False,False,False
26,5,opposed,118218752,0.0023979999999999974,256,False,False,False
26,5,permuted,118218752,0.017332749999999997,576,False,False,False
27,6,aligned,152274125,0.2561979,1944,False,True,False
27,6,cpu_tightened,152274125,0.16652863499999998,1296,False,False,False
27,6,opposed,152274125,0.0012537499999999975,0,True,False,False
27,6,permuted,152274125,0.051746249999999994,864,False,False,False
