d_train,alpha_evaluation,gap,spectrum_slope
0.9146023794499246,2.1719039349042015,0.2573015554542768,-0.1693088635719506
0.6697439156061269,2.2079030998343665,0.5381591842282396,-0.13864745518890045
0.8766850267569162,2.398786524373251,0.5221014976163347,-0.43741812482737463
0.8917246192661192,2.2112927467160857,0.31956812744996643,-0.14630697190800576
0.935271318437243,2.2491224307365423,0.3138511122992993,-0.32561529723940574
0.7032480396030028,2.2324054020441633,0.5291573624411605,-0.2391461954005372
0.780217698106964,2.159333859594808,0.379116161487844,-0.1156775289983073
0.9029986636071555,2.2840564635554665,0.3810577999483109,-0.6397729749721833
0.8278412582882043,2.2563304476648023,0.42848918937659786,-0.4384981272859059
0.6931232913802319,2.3818430573348888,0.6887197659546569,
0.8389753792021701,2.2801921706920822,0.4412167914899121,-0.592045984095384
0.9570101672874449,2.27186885258791,0.3148586853004651,-0.3065227369061511
0.9259902749713899,2.159086599245949,0.2330963242745594,-0.059202427102162794
0.7861705696471528,2.2567474193708428,0.47057684972368996,-0.17087809349833524
0.8061998390256232,2.3098212333434067,0.5036213943177836,-0.3788824584467868
0.8662580409625602,2.1407684394321747,0.27451039846961445,-0.18021712372512266
0.880014122056191,2.332293303231521,0.45227918117533017,-0.2781639895901712
0.8240789920582717,2.278406157605127,0.4543271655468555,-0.25800674235300514
0.7737114482537629,2.4160256997219807,0.6423142514682176,-0.45861464988837364
0.8683267901037451,2.1972109717780466,0.32888418167430133,-0.04996223597312454
1.0323981157105402,2.3201070678573887,0.28770895214684855,-0.18479749825815683
0.9038423530528589,2.256199019369427,0.35235666631656803,-0.31012430965055554
0.7299706992717122,2.2839524052385882,0.5539817059668759,-0.2740835290620868
0.7952510555510724,2.1715400200012533,0.3762889644501808,-0.11718293975714708
1.004207513560045,2.3000391134051106,0.2958315998450656,-0.27527433074564517
0.8567992561143851,2.2023537564203446,0.34555450030595947,-0.2597431420658236
0.7174188498652329,2.251617660092138,0.5341988102269051,-0.43914300469711864
0.7314524505272969,2.045200448164695,0.31374799763739825,-0.011156883629286973
0.9197566372122206,2.36920013901408,0.44944350180185944,-0.4407247750547641
0.7795679340788269,2.4106683308632766,0.6311003967844497,-0.4911221549319917
0.943294685443262,2.094789130119403,0.15149444467614082,-0.029629637778157004
0.7992900652958186,2.3105144738638868,0.5112244085680682,-0.24085303887931306
0.6875600474057186,2.109823411161874,0.42226336375615525,-0.10709604322746649
0.7921435924615419,2.243405717049404,0.4512621245878621,-0.6656065237527468
0.866313617548593,2.218455492698105,0.352141875149512,-0.17291033164084937
0.7584493562780763,2.3314470536466354,0.5729976973685591,-0.2723455012692223
0.958528315833352,2.3200912095410176,0.3615628937076656,-0.3237173709266464
0.813817483766561,2.1458879388576486,0.33207045509108757,-0.10950086843683987
0.9584260887421303,2.1655874045998855,0.2071613158577552,-0.24291120597512972
0.8502016769322712,2.3551962592212217,0.5049945822889503,
0.8778066026994278,2.1829774370555812,0.30517083435615344,-0.2988295178300658
0.8555315417533427,2.269202673300421,0.41367113154707846,-0.4587098215540814
0.9495443089455189,2.2161639219092644,0.2666196129637455,-0.2386073923248672
0.8431299337927141,2.2323663616160165,0.3892364278233025,-0.24882089346938546
0.8021328932531523,2.3712947720256796,0.5691618787725274,-0.4691277735240862
0.8872754470717201,2.2530486222198167,0.3657731751480966,-0.40898365809036974
0.8090835735541851,2.234020443900599,0.4249368703464138,-0.28121677309066795
1.0237880644876856,2.37601563850726,0.3522275740195746,
0.9778394203822438,2.2581935378352194,0.28035411745297556,-0.3093453127046201
0.8633891143359644,2.2329367069340664,0.369547592598102,-0.1926249039472315
1.0273591193814264,2.3330109120216993,0.30565179264027287,-0.27327268614553407
0.7494573115138689,2.371782625609703,0.6223253140958342,-0.4279889733358293
0.8324614761498565,2.2234969952832806,0.39103551913342405,-0.28711197588587123
0.9626429506215979,2.306451442189401,0.34380849156780324,-0.42234810570657805
0.9048413735771645,2.231707231142045,0.3268658575648806,-0.21612852175490996
0.8235981349160844,2.2547851834915384,0.4311870485754541,-0.312518726710082
0.9119289365075176,2.2135266056728344,0.30159766916531683,-0.22118784290778973
0.983662920698726,2.3012267413441547,0.31756382064542876,
0.9369485951347302,2.110838247652775,0.1738896525180449,-0.12691840117548547
1.1241456491243573,2.2331813489114323,0.10903569978707495,-0.14740774171363255
0.9215581170951033,2.2142029189122328,0.2926448018171295,-0.30380743265747795
0.7650549021169217,2.2787614707684,0.5137065686514783,-0.17197014707851224
0.8663831488221134,2.1038545219046276,0.2374713730825142,-0.1749659237357325
0.8937364206337035,2.2858345183206374,0.39209809768693393,-0.3701720880299245
0.8810129681964379,2.2831549486846088,0.40214198048817096,-0.31695356838063066
1.0539992981813657,2.1341705052421016,0.08017120706073588,-0.15482406685363484
0.831748954283014,2.234909339022046,0.40316038473903193,-0.42449504017824463
0.9417983086813467,2.3273228435003905,0.3855245348190439,-0.23816894145942027
1.0903199323217694,2.382962380500941,0.2926424481791716,-0.34630430022821446
1.110756517822233,2.1240073958299286,0.013250878007695643,-0.04312692051811568
0.8898313193792149,2.1182356788903975,0.22840435951118265,-0.09765337867796667
0.7757323144302675,2.324826057992718,0.5490937435624506,-0.4093013514803452
0.9570742348711097,2.225448995242505,0.2683747603713953,-0.18841574172415343
0.7464035587590668,2.1880201416822604,0.4416165829231935,-0.177076865491744
0.8948011573834918,2.409279000200693,0.5144778428172012,-0.43837169412805527
0.840852046221711,2.238449813806751,0.3975977675850402,-0.1851354722778328
0.7757103204541448,2.2421168000520395,0.46640647959789483,-0.40659214369788826
0.9906220026872967,2.198814319530115,0.20819231684281814,-0.16157809816285107
0.7545607292923038,2.216852639757463,0.46229191046515905,-0.21792961591470028
0.8027311398202829,2.214411421072475,0.4116802812521918,-0.09794161945517114
0.9060594502278511,2.2691039925201,0.36304454229224925,-0.49045721677194587
0.9097050417732294,2.2347604399092225,0.32505539813599293,-0.25720897786118546
0.91295219595958,2.2403466498533535,0.32739445389377364,-0.2020887726230915
1.0318991921208849,2.291258559937455,0.2593593678165702,-0.43316540005307863
0.9089803473907998,2.2923566675480034,0.3833763201572036,-0.3512320235582563
0.9315661424404325,2.2379667685551397,0.3064006261147072,-0.3977428495436151
0.9059413955822997,2.1552251368598387,0.24928374127753905,-0.22433577882693842
0.8608211985976588,2.2956105688455946,0.43478937024793574,-0.3426162222039793
0.9865725755968866,2.187411774837531,0.20083919924064442,-0.15232287440664952
0.9211397414057126,2.2654453080939922,0.3443055666882797,-0.31695759380540645
0.9803727549693605,2.305752716910022,0.32537996194066166,-0.3670157896627811
0.845976550295965,2.1820134042620998,0.3360368539661347,-0.2539109222722012
0.7368678467259944,2.2155338582277873,0.4786660115017929,-0.12295311864324192
0.8462078880460063,2.263907836477097,0.4176999484310908,-0.3657669126804282
0.8694484273536783,2.4113132039549674,0.541864776601289,-0.6849600092862081
0.7551824331077548,2.2146218101161383,0.45943937700838355,-0.2766810343114546
0.9798530896843504,2.1670829412325023,0.18722985154815186,-0.3104122219305417
0.8809706492541952,2.1176302058424783,0.23665955658828297,-0.02711145753703739
0.8321125361100157,2.302663089003678,0.47055055289366243,-0.20531709934282094
0.8499904382478832,2.335771535115887,0.48578109686800364,-0.23297166842618836
0.778988516354357,2.281012229316026,0.5020237129616691,-0.30884397728870033
0.8507830318234001,2.182312240403832,0.3315292085804318,-0.1375589750846824
1.165578941561652,2.2152351042086487,0.04965616264699668,-0.1486099750918389
0.8056366479221038,2.26401169375946,0.45837504583735633,-0.27486549527363746
0.862822216298559,2.2942516405893016,0.4314294242907426,-0.10246569386986389
0.8011352982111425,2.07743826113417,0.2763029629230278,-0.0378856463589473
0.8082063842226604,2.267244901272594,0.4590385170499336,-0.21869444166255575
0.938414378943348,2.218928989163283,0.28051461021993473,-0.32710212868109084
0.8411778874469625,2.195223901458171,0.3540460140112085,-0.18765598762033794
0.9648134267038762,2.2250838904979826,0.26027046379410645,-0.16262062822595288
0.8611898612624984,2.262955556014977,0.4017656947524786,-0.26378050489479926
0.8585004845375883,2.3415954104925065,0.4830949259549182,-0.23974980155224498
0.7721047499252768,2.092585560254828,0.32048081032955134,-0.09999136424698916
0.7147365112528571,2.2524492603252178,0.5377127490723606,-0.20201858135233658
0.8273670942981015,2.2044790170163022,0.3771119227182007,-0.34640413934259867
0.7309699292751614,2.3148463646092283,0.5838764353340671,-0.07891759723202468
0.8435338957208954,2.181932906817976,0.3383990110970805,-0.08820267451889116
0.7841191807304279,2.189718017305669,0.405598836575241,-0.24599472955427984
0.9131984312442911,2.3546882809499747,0.4414898497056836,-0.47439155489225554
0.7983422945969546,2.1576139843214155,0.3592716897244608,-0.1593905237559874
0.7392811767899532,2.28183325279793,0.5425520760079767,-0.42448274923169976
0.8274217269353095,2.2296316682854886,0.4022099413501792,-0.29320558854992945
0.7508411115683244,2.16804165393565,0.41720054236732573,-0.18936075129945612
0.7687232165867073,2.1289345567840705,0.36021134019736323,-0.028533222307076878
0.9083390796176716,2.140603546007955,0.2322644663902833,-0.017915655517294595
1.091944596725333,2.198908122005379,0.10696352528004605,-0.06341273835191978
0.6572417432941037,2.214901465940825,0.5576597226467213,-0.25223926423594933
0.9512978516404175,2.2285873730321977,0.2772895213917801,-0.22770758307444
0.8896038800965494,2.4596968721935633,0.5700929920970137,
0.8213497671456214,2.15701155853246,0.3356617913868387,-0.1598592617761668
0.9176182364232313,2.3064059943700337,0.3887877579468024,-0.2766413245804883
0.6750615559954058,2.2951022796234524,0.6200407236280465,-0.45932179579252863
0.8043373043005697,2.138877260093905,0.3345399557933353,-0.09325483235985209
0.9054943983010749,2.250786800496901,0.34529240219582613,-0.20569005777035584
0.8771219310614766,2.2107930314149224,0.3336711003534458,-0.16336098514454087
0.8526106152688068,2.131351502973322,0.2787408877045152,-0.11406633033499088
0.7645429554315014,2.330704859368252,0.5661619039367505,-0.632527454470051
0.8549369429304747,2.279984958663859,0.42504801573338447,-0.2888329503936337
0.9402685687211291,2.279116395062978,0.33884782634184907,-0.22658676404326578
0.8165630185581039,2.3245256835194175,0.5079626649613136,-0.3288723477327726
0.9264609737844995,2.2770146736548895,0.35055369987039,-0.1765665967856703
0.9496565640581335,2.1950711012608948,0.24541453720276118,-0.092707517174175
0.8216602030242545,2.329091105414161,0.5074309023899066,-0.296607704752358
0.8109753849107078,2.1683034522717746,0.3573280673610668,-0.11309262243459609
0.9334301616911832,2.223369894829939,0.2899397331387559,-0.18658332890816748
0.9030966267277066,2.232291401587698,0.32919477485999105,-0.22677763757659203
0.9835955786575479,2.3085657218353264,0.3249701431777785,-0.381080832520068
0.8287487915916306,2.1783423380833473,0.3495935464917168,-0.23337445866815376
0.8906172044164089,2.188938726478322,0.2983215220619133,-0.19756590800801488
0.9468733024666457,2.165179472056889,0.2183061695902433,-0.144250859524198
0.8798169499443718,2.188676843687718,0.3088598937433462,-0.08149327191661605
0.7974571017029024,2.196759708357648,0.3993026066547458,-0.1682617180772262
0.8092629099957497,2.329997037722133,0.5207341277263833,-0.4402945976491676
0.9585964953213914,2.3777900901007296,0.41919359477933815,-0.3039196779234643
0.7708674172031335,2.2356090370337887,0.4647416198306553,-0.25472638311128426
0.8011547093879265,2.2279004541543848,0.4267457447664582,-0.18534200236850343
0.6961684361274814,2.3096520552972493,0.6134836191697679,-0.2538079909606776
0.7828330771265601,2.1144774854068062,0.3316444082802461,-0.06113666358076353
0.8526710555731134,2.369648231156402,0.5169771755832888,-0.34686975534613357
0.73376119280247,2.214687060031049,0.4809258672285792,-0.09536651211123959
0.7912931631232759,2.3674615670240007,0.5761684039007249,-0.37600339441021313
0.7794089613991081,2.3474091411127915,0.5680001797136836,-0.5325116367949558
0.8425695040266729,2.347149230297508,0.5045797262708351,-0.4445897301901181
0.8983724629805316,2.447541459909221,0.5491689969286895,-0.637538063244358
0.7260340129739364,2.1257637407685044,0.39972972779456795,-0.0192813492727534
0.9095191741473916,2.1851501912497744,0.2756310171023828,-0.1609376989768489
0.8154407723754057,2.0908589323332825,0.2754181599578769,-0.13402326019219687
0.7351104958412081,2.230884694158654,0.49577419831744596,-0.26791070124220673
0.9581679624004976,2.4398269527443133,0.48165899034381576,
0.9108178184545614,2.241747222046296,0.3309294035917347,-0.19994310374115212
0.9357552717070117,2.3342119078210484,0.3984566361140367,-0.22649924854044795
0.7479611088375826,2.212374836074442,0.4644137272368596,-0.09640181407076152
0.7903717980531045,2.4223515003183715,0.6319797022652671,-0.7204984872513471
0.8136351509249409,2.1124216320714195,0.29878648114647866,-0.18787261835516889
0.9472790287726269,2.1809464783746053,0.23366744960197838,-0.11423238554116351
0.8785227648883323,2.3382626081086917,0.45973984322035943,-0.12050957020855503
0.808637756466632,2.2498158832418262,0.4411781267751942,-0.33733459725715037
0.7961945299520065,2.075604161511566,0.27940963155955956,-0.060101887118833644
0.9883326489459663,2.1554576457818597,0.16712499683589344,-0.14162723881835235
0.8902909885868765,2.1799060071199454,0.2896150185330688,-0.1173049493642122
0.7654697593828084,2.278575389242827,0.5131056298600185,-0.3157883244882956
0.89518008839162,2.2580455662494705,0.3628654778578504,-0.2484178517651287
0.7332818950971577,2.2979311035934034,0.5646492084962458,
0.9324283568190572,2.1927699415722373,0.26034158475318003,-0.2164877368807195
0.732526393854752,2.360419362112175,0.6278929682574232,-0.3739022623158539
0.9899297231025568,2.2596258258301583,0.26969610272760147,-0.12179810073861522
1.0015360053147802,2.300969298181664,0.2994332928668839,-0.35479145794665484
0.8987404078800434,2.1685922536321356,0.2698518457520922,-0.16004546446228232
0.6844257795415977,2.405631282127323,0.7212055025857254,
0.8516596046355108,2.252265266005368,0.4006056613698572,-0.25355115482564894
0.9617613215487957,2.2438969450920236,0.28213562354322796,-0.1507617450868041
0.7892210645375934,2.3009548918482805,0.5117338273106871,-0.28223296258483743
1.0241938286431103,2.238289091623473,0.21409526298036252,-0.31570567805808647
0.8899209901531726,2.2692113498213846,0.379290359668212,-0.3487353299113768
0.892336304395868,2.322182157431496,0.42984585303562817,-0.3822394989813273
0.7833751322256514,2.3129024877128037,0.5295273554871525,-0.2409358793146045
0.7672673849896774,2.3143907472058354,0.547123362216158,-0.36303883567310735
0.6366619181946743,2.3646029775824973,0.727941059387823,
0.8464179583406468,2.259355083246861,0.41293712490621437,-0.10941955895900209
0.9308091545640459,2.2892414985313385,0.3584323439672925,-0.1469630933618044
0.9054325310701948,2.210542688582125,0.30511015751193016,-0.17911448659346652
1.0531662535961894,2.268038833734427,0.21487258013823762,-0.20071280575701683
0.7515435087170818,2.263508211480975,0.5119647027638932,-0.29068980021707225
1.1340754919215221,2.258728843388563,0.12465335146704093,-0.12696254962557257
0.8024347891330107,2.116976936263761,0.3145421471307501,0.046289028060115825
0.7778732197316554,2.1164155821839814,0.33854236245232605,-0.06888352753172909
1.016482257961453,2.1639117306034836,0.14742947264203066,-0.13151061027633096
0.7389971209592618,2.309926948524824,0.5709298275655621,-0.1921584804137283
0.8002858597148839,2.109949046669986,0.3096631869551021,0.03516085163472399
0.8045790296313033,2.26795753408876,0.46337850445745654,-0.36141191638934206
0.8442868523221996,2.174904693842328,0.33061784152012863,-0.16594366979394062
0.7784468421512057,2.093765183339935,0.31531834118872926,-0.07225050207570342
0.9370382342836511,2.2536684842193457,0.3166302499356948,-0.30005081105429615
0.9269599124173801,2.2496386090233207,0.32267869660594073,-0.32048703426405883
0.971958863547898,2.000353878060369,0.02839501451247095,0.07528903536936503
0.8764214527469891,2.2204809301306367,0.3440594773836476,-0.24610940875993303
1.0232271700539877,2.09389516589805,0.07066799584406214,-0.04991096757781393
0.7945424436601377,2.1402105413389814,0.34566809767884354,-0.21528109037662152
0.7511567733687907,2.3623377845758684,0.6111810112070777,-0.42318980104688936
1.0622458636275443,2.364426367569137,0.30218050394159257,-0.5445088721089866
0.9490579805936395,2.341167754013481,0.39210977341984155,-0.26151005691418494
0.6894184671884197,2.308589626873912,0.6191711596854921,-0.37950063349191704
0.9844122604073444,2.1484759040700756,0.16406364366273118,-0.19245093480626504
0.834450533929388,2.2592934770986197,0.42484294316923177,-0.4161368867146253
0.9397830936182132,2.3839744052796075,0.44419131166139425,
0.9276921051470666,2.146494972146667,0.21880286699960028,-0.13291936696923048
0.8920878210277348,2.278563962125624,0.3864761410978894,-0.15230139035066775
0.8772703311572307,2.251502988919111,0.3742326577618802,-0.1994708011123101
0.9973964461358329,2.0439614377477264,0.046564991611893536,-0.06741742339995399
1.0182325543748962,2.218807584202594,0.2005750298276976,-0.4261826482272837
0.9102364558019996,2.2108912019130367,0.30065474611103715,-0.21077422245637728
0.9045032887983804,2.08338050823553,0.17887721943714974,-0.021617021535012545
0.851176246654187,2.251076417621547,0.39990017096735997,-0.07095459222458661
0.8046314912192427,2.2588991909664875,0.4542676997472448,-0.2942825760571487
0.7749905869873284,2.320294518727979,0.5453039317406505,-0.2935127783749459
0.7479200085695717,2.3429714644599207,0.5950514558903488,-0.543133381672753
0.7147967990010812,2.2108007559216722,0.4960039569205912,-0.3217878762654979
0.63273191302859,2.251965034385438,0.6192331213568478,-0.5080772356122852
0.6620343152632003,2.1584518787045375,0.49641756344133725,-0.1605761500498138
0.924724315831487,2.3480350682816633,0.42331075245017624,-0.5446596141645625
0.9143172145137024,2.2049744082607554,0.290657193747053,-0.2540709220382095
0.869997040055796,2.1948738911595154,0.3248768511037192,-0.07966254699306771
0.7245873830443366,2.23521444451245,0.5106270614681134,-0.0013627997620073566
0.8508923469514521,2.234864764547135,0.3839724175956829,-0.24009040020743727
0.8025123922418105,2.2871898636062697,0.48467747136445927,-0.49941171026830494
0.761978773785348,2.2872034656375853,0.5252246918522374,
0.8154270710635814,2.3563339632288347,0.5409068921652533,-0.2918362524782059
1.0620086136220843,2.317495136624637,0.2554865230025527,-0.19187213793516408
0.9557402026023418,2.326983952367849,0.371243749765507,-0.3594178430807077
0.8179526059982288,2.1877038199290544,0.36975121393082544,-0.12743653095818316
0.8348544497976692,2.3354665325204502,0.5006120827227809,-0.4394532739029616
0.9093339938591545,2.3836180509369393,0.47428405707778487,-0.3819615302949616
0.8906643989381585,2.410520037534601,0.5198556385964426,
0.8308313550814487,2.2203790260841765,0.3895476710027279,-0.14386061118310461
0.8296773854983749,2.131860876741059,0.3021834912426842,-0.19601763903343444
0.7447864418510212,2.3202050984094753,0.5754186565584543,-0.23911259720084388
0.9491018479825455,2.1543978125083383,0.2052959645257928,-0.06791013337218738
0.7808574087359418,2.244379777330544,0.46352236859460216,-0.26885264633830047
0.824823469721289,2.338271756106762,0.513448286385473,-0.15222622377355557
0.9081307089625507,2.193119318450752,0.28498860948820104,-0.35646431169924025
0.8077201833850133,2.390199046745972,0.5824788633609588,-0.4157084139879263
0.8507261802521351,2.1337034074129724,0.2829772271608373,-0.16223746381645254
0.8575330755508667,2.2133068232278226,0.355773747676956,-0.1739771446438784
0.7749212930580202,2.090370202076665,0.31544890901864475,-0.05487237667868477
0.8605322662773464,2.371247394914576,0.5107151286372296,-0.5326247438722225
0.9389193074331909,2.2501057819303423,0.31118647449715153,-0.23222222023218628
0.810660659527288,2.156656596134307,0.3459959366070191,-0.14362192330487453
0.848235899258382,2.274182467156287,0.4259465678979051,-0.21160785714167424
0.7116988040499941,2.239303276548175,0.527604472498181,-0.32914133525725503
0.8164108031189913,2.2849175715915537,0.46850676847256256,-0.591959396105778
0.7974679566100491,2.1411080578351616,0.34364010122511246,-0.1440026972545037
0.9193500708836128,2.3365605771817837,0.4172105062981708,-0.38679237875593836
0.8777628056205048,2.1567215150005876,0.27895870938008294,-0.12349235370042358
0.8996647307249318,2.3546836649502367,0.45501893422530504,-0.30513862500017136
0.924664326731191,2.3093872571935297,0.38472293046233874,-0.32979563022074543
0.7773626431962259,2.4601331158647852,0.6827704726685593,
0.8689227612787973,2.1720230674097305,0.3031003061309332,-0.1605920482497234
0.8543140027612108,2.2022475347400277,0.3479335319788168,-0.260650671614441
0.7699422803607499,2.3573362007885654,0.5873939204278156,-0.5801381444424496
0.9330510236930035,2.1266758484793775,0.1936248247863741,-0.11101600244750356
1.043417931313554,2.3281628330744732,0.28474490176091916,-0.350328625166482
0.8024344076738474,2.277463850883218,0.4750294432093707,-0.27107999954992107
0.857601743534118,2.2022059228783215,0.3446041793442034,-0.18088007567297476
0.7369766577288908,2.274150371028222,0.5371737132993313,-0.19850691457703812
0.8814465836988581,2.177005413124568,0.2955588294257101,-0.20206661542573354
0.7045359902561393,2.285814590120565,0.5812785998644259,-0.45787324281819736
0.8351335465546538,2.0349171245819146,0.19978357802726077,-0.05904622847650624
0.9567407916054991,2.2809310615912475,0.3241902699857484,-0.28444275839845823
0.884604195728149,2.3223014453641326,0.43769724963598367,-0.2664169042491269
0.8043782659395924,2.2124911764538506,0.40811291051425824,-0.13377178570966758
0.9504855289074736,2.1291029096685685,0.1786173807610949,-0.0063072303455732615
0.863991566232565,2.1779914399890297,0.31399987375646465,-0.1946049702221356
0.7971860295361998,2.193438776829306,0.39625274729310656,-0.19741726798279463
0.8806156421838968,2.3678923835179173,0.48727674133402044,-0.519449050083486
0.7096980916711015,2.2860181582985843,0.5763200666274828,-0.40303240354741876
0.9937701914221319,2.2691880235644373,0.2754178321423053,-0.2710493619059211
0.7740729744969207,2.143845968989479,0.3697729944925583,-0.14735759547607608
0.9296144564640857,2.3358099166323196,0.40619546016823405,-0.2540685758522198
0.8603979482956851,2.125201964515359,0.26480401621967387,-0.09571011956790049
0.8041310264487894,2.0824067410024028,0.27827571455361344,0.0009574923924148041
0.8253268417392471,2.3107597610224717,0.4854329192832245,-0.3521461289295822
0.762782546115669,2.349565977682544,0.586783431566875,-0.6911445298212955
0.7002404399274862,2.2291685463165254,0.5289281063890392,-0.0842573286382172
0.7639143746107278,2.235868288052562,0.47195391344183446,-0.23512665278669317
0.8046674266233677,2.2129085600027194,0.40824113337935186,-0.24946431733302998
0.8288489568360475,2.190952426326642,0.3621034694905947,-0.23634569966622201
0.8914928019046081,2.2232892173534795,0.3317964154488715,-0.303521869917751
0.8218632456359232,2.2157352774183945,0.3938720317824713,-0.3095881775761868
0.7767981876855432,2.135827977697099,0.359029790011556,-0.11248111608768362
0.8560864156724295,2.174825431754291,0.3187390160818617,-0.2702367686531052
0.8302852619314625,2.163160362253957,0.33287510032249457,-0.18341139774564133
0.8780398778441231,2.279833213570896,0.4017933357267731,-0.21183181838475737
0.8387455533380669,2.1529787482843776,0.31423319494631086,-0.07070102589714597
0.8276629233138828,2.2799457239111067,0.4522828005972239,-0.39907514346523754
0.895080855091702,2.295366528659553,0.40028567356785105,-0.27989296057372354
0.9740645328985862,2.157894553741989,0.18383002084340272,-0.1224669747500684
0.8945512510723752,2.291107967012871,0.3965567159404957,-0.20107281661790183
0.950675071179927,2.319668210587844,0.3689931394079171,-0.3787082721747251
0.8096463742751837,2.2573855882406972,0.44773921396551364,-0.23833432174570476
0.7928347256750894,2.1266169326097195,0.3337822069346301,-0.12053213089312674
0.6906800850114121,2.3635810842787124,0.6729009992673003,-0.29024652016742086
0.7234439287911923,2.3868019401996627,0.6633580114084703,-0.2946916163944156
0.9112564922221399,2.278359165397163,0.3671026731750233,-0.44243244429638584
0.8931755973660138,2.262367029400502,0.369191432034488,-0.23546352862142958
0.7730879121049647,2.3926826742098655,0.6195947621049007,-0.3295498090008109
0.7406169183576609,2.4070581668755606,0.6664412485178999,-0.5978392664959392
0.888149829206888,2.3035678012104475,0.41541797200355957,-0.6219214241446779
0.9189558224058735,2.3439303406559437,0.42497451825007015,-0.3804073622561733
0.789270529835456,2.3543596805017257,0.5650891506662696,-0.6446967469416023
0.8318698751144751,2.340379552049127,0.5085096769346518,-0.431370455429305
0.9002857555605694,2.3617316365015117,0.4614458809409423,-0.4273282067371026
1.0136828676836507,2.267131743486317,0.2534488758026663,-0.3465701583562266
0.8080824249494244,2.1718752251987654,0.36379280024934113,-0.2598432398058022
0.8530172809759515,2.436151076497416,0.5831337955214646,-0.629110156410143
0.712496286976897,2.2466456855040464,0.5341493985271493,-0.16496830287321945
0.7415871096619373,2.2467719888779554,0.5051848792160181,-0.3571402030913015
0.7014271205540858,2.229860602937171,0.528433482383085,-0.22362235444824158
0.9893482021968806,2.344367364921901,0.3550191627250201,-0.2901054791565651
0.8724947004140151,2.2656948999859043,0.39320019957188923,-0.27623178239847684
0.960335609147868,2.214164801160642,0.2538291920127742,-0.09672742632862354
0.8824311205145297,2.140047857297392,0.25761673678286257,-0.09239906975042363
0.7380467604416325,2.2798510707970756,0.5418043103554431,-0.29979909389996445
0.8254906250961901,2.2290077107380455,0.4035170856418553,-0.22112005848111255
0.9329882412264981,2.3034074621646545,0.37041922093815627,-0.30688890963393956
0.7446278290651052,2.12006020245184,0.37543237338673463,-0.11133325515466386
0.9159780089992761,2.277368635215927,0.3613906262166511,-0.22492022437960793
0.7838720913363599,2.346328718870427,0.562456627534067,-0.4078828606560044
0.8208592493766779,2.137355782407293,0.3164965330306151,-0.05022365151253901
0.9045171644638443,2.20913613017985,0.30461896571600566,-0.14616272710190484
0.8637888852904174,2.21875715854671,0.35496827325629265,-0.2175287341798692
0.9631573753530487,2.2850774317860454,0.3219200564329967,-0.50326401579684
0.9031863392606351,2.2673731860770934,0.3641868468164584,-0.3128437984809037
0.8751115901273412,2.187787701458269,0.31267611133092776,-0.19514784124126858
0.9385051376264099,2.2291399147412276,0.29063477711481767,-0.37325113877480065
0.8411813925916429,2.1109845688943674,0.26980317630272443,-0.11547698239073843
0.8458092410501502,2.2363170387247044,0.39050779767455435,-0.1716445435813367
0.7913443999726592,2.2405516491756643,0.44920724920300525,-0.2656572261310008
0.9133841723111055,2.1972346150828637,0.2838504427717581,-0.20751385381205764
0.8273177825817576,2.3462923663910997,0.5189745838093422,
0.7821299040859067,2.2061671687767657,0.424037264690859,-0.2908046133186616
0.8429947320811936,2.144091027633398,0.30109629555220474,-0.1610315264535766
0.8645316635870155,2.2493190916692414,0.3847874280822259,-0.2033904255219136
0.7878291719815015,2.2931831157642613,0.5053539437827599,-0.5225960164174838
0.8352191183729891,2.233325401600184,0.3981062832271949,-0.2508617104472648
0.8707819821481408,2.2541893008675764,0.38340731871943556,-0.14085269724147814
0.8309349224199581,2.2920836611266338,0.4611487387066755,-0.27705995984981524
0.8980155240883508,2.2397643354428345,0.34174881135448354,-0.446372314859207
0.9547920613333715,2.185225189195359,0.23043312786198733,-0.19487421470722616
0.9952167994487857,2.2656629520854663,0.2704461526366806,-0.3515034500680788
0.9011127803088814,2.251714864722361,0.3506020844134796,-0.43680137871790425
0.953688705633727,2.3204938612153665,0.3668051555816394,-0.27700585105918435
0.8928579509272357,2.166810745620851,0.27395279469361533,-0.10471502881298889
0.8981299317264065,2.184584766815452,0.28645483508904546,-0.06734445723573423
0.9731573530998111,2.051355911920593,0.07819855882078164,-0.0030388850425640103
1.0606308937537365,2.0734297832299156,0.01279888947617902,-0.11249225229380476
0.9102053028979123,2.12180584609375,0.21160054319583743,-0.13040268580547007
0.8415196973276498,2.2720943584821294,0.4305746611544796,-0.19926254080925881
0.7681556002900415,2.260887010937787,0.4927314106477456,-0.1321868249784533
0.849638351116726,2.3242679454838786,0.4746295943671526,-0.574983215590595
0.8417234094048115,2.263362872009979,0.4216394626051678,-0.35146274352285256
0.8657396831905648,2.2669869812716534,0.4012472980810886,-0.12712266406973305
0.8570057447332619,2.21402992347498,0.3570241787417183,-0.15096250357146543
0.7884497855144821,2.0795911188689713,0.2911413333544892,-0.0737067586759702
0.7899556051709115,2.3272671609067066,0.537311555735795,-0.33880309432924627
0.9373038288596522,2.1781245088783896,0.24082068001873735,-0.2241542375158868
0.8669290231094394,2.283320702737542,0.41639167962810264,-0.28492469999151754
0.7671577036750887,2.2467125405249755,0.47955483684988676,-0.22570614122193544
0.8273992723815746,2.119432601571155,0.29203332918958025,-0.12674754676339947
0.9138325501506691,2.213501985785985,0.29966943563531556,-0.22771846946704824
0.8586779252808813,2.2442694389031557,0.3855915136222743,-0.2531396437784841
0.7544675051242689,2.3250616189075624,0.5705941137832935,-0.1333681738851631
0.8732791446678378,2.3101481805730235,0.43686903590518567,-0.31149977916467825
0.792840688630646,2.2657416812118054,0.47290099258115936,-0.16571824625054732
0.8802163346038155,2.263820046775588,0.38360371217177214,-0.13570656699816513
0.9427302125418504,2.367548744165473,0.4248185316236226,-0.47375899604352156
0.7810098684086227,2.3471739097861093,0.5661640413774864,-0.23323120825255586
0.7577247354437904,2.1378344605450517,0.3801097251012613,-0.20695808551514497
0.8084922219859333,2.274177094383085,0.4656848723971514,-0.23016524440408082
0.8066987286333921,2.2071986281305445,0.40049989949715226,-0.25128323347756715
0.9012158998464587,2.331792410197491,0.4305765103510324,-0.658777191746051
1.048154502644603,2.1723906057126365,0.12423610306803345,-0.18277460338940513
0.9920995050652305,2.1330106197860053,0.14091111472077467,-0.05937652782517801
0.8970425060900306,2.2155042750271927,0.31846176893716205,-0.25942120588697926
0.8449561677030036,2.3206216529967496,0.47566548529374586,-0.4916195774852478
0.8815066934727687,2.3341264318388157,0.4526197383660471,
0.9168009324885229,2.2933763475135382,0.37657541502501535,-0.26964197832530523
0.8848167565695827,2.224881387403843,0.3400646308342603,-0.14741559769652143
0.9575709861964882,2.206905741890679,0.24933475569419095,-0.07843120138755398
1.1096852100692094,2.0850184607917903,-0.024666749277419076,-0.08438093226953314
0.9111828049857974,2.3161202850834632,0.40493748009766595,-0.32271683912628196
0.7645071859982594,2.1964870133964522,0.43197982739819274,-0.12440766741739732
0.8993594376646347,2.227505279323643,0.3281458416590084,-0.22087389969870086
0.8549072158883034,2.1969411408682262,0.3420339249799227,-0.20241863260223222
0.8400432586261836,2.223041031443347,0.3829977728171632,-0.2026322114941969
0.8431704806771223,2.266581156148665,0.42341067547154276,-0.3719215475750833
0.7854861422783488,2.302282784326447,0.516796642048098,-0.5587625386103563
0.8655381850791569,2.16248273815772,0.29694455307856327,-0.1624853629708216
0.9566626347075393,2.2988875764503307,0.3422249417427914,-0.22185976324573825
0.8839196282774167,2.2910039319038815,0.40708430362646486,-0.37064744525569754
0.7364932411711234,2.1710606927026666,0.4345674515315432,-0.14613160109812817
0.845346847630907,2.1595048547820133,0.3141580071511063,-0.1269310341873299
0.7610659472473961,2.181787611556773,0.4207216643093772,-0.20086964858678685
0.9715447433622003,2.2688038848056955,0.2972591414434951,-0.3771980045512921
0.7525984912168487,2.1915726353881295,0.43897414417128067,-0.3064393472643844
0.9449423848287515,2.2937792031349913,0.3488368183062398,-0.43190350421477874
0.7730525462130661,2.169213893298462,0.39616134708539574,-0.1927749429835994
0.8167877316639024,2.326758099674067,0.5099703680101646,-0.3710749090271336
0.8378158592962767,2.1361335739938845,0.2983177146976077,-0.20314588791450358
0.9230349779762976,2.148984624753009,0.22594964677671125,-0.11876402167163089
0.9080200756673837,2.339102885366826,0.43108280969944235,-0.6533592502964298
0.8098605284739543,2.3019598874727363,0.4920993589987819,-0.2814927808561142
0.9144290774059031,2.1506776029032517,0.23624852549734854,-0.1274581274261534
0.9622625036408509,2.1362242739063606,0.17396177026550985,-0.14205742419945847
0.8973730489170585,2.2683730863078946,0.3710000373908362,-0.2350362136827349
1.0023179469024466,2.190049191153575,0.1877312442511283,-0.1772688019685686
0.869406361930736,2.118523432325562,0.24911707039482622,-0.08419178283768358
0.8904602158538257,2.2941830087410473,0.40372279288722157,-0.2259691170074193
0.9859727713834119,2.2443493315393983,0.2583765601559864,-0.17908012565312093
0.8746858184774514,2.2073349689394774,0.3326491504620259,-0.14538788133367828
0.7694956698281655,2.330575059122455,0.5610793892942896,-0.36606142333471287
0.8043482860394406,2.204534628643165,0.4001863426037242,-0.2430229106157826
0.8341990190782383,2.324260653355056,0.4900616342768176,-0.5522486724380613
0.9446107454738671,2.119221134157887,0.17461038868402,-0.07148047934784037
0.7682387938486441,2.255142970885048,0.486904177036404,-0.26126089450147416
0.9738560357214869,2.1990763770315933,0.22522034131010638,-0.0844409682326883
0.8720397041997069,2.2314938003218066,0.35945409612209955,-0.10599003091085238
0.8242873189979806,2.2531905715305465,0.428903252532566,-0.3253797186102835
0.6575234790410498,2.3669372453964987,0.709413766355449,-0.15490109286157297
0.9495504971093892,2.02221751155499,0.07266701444560075,-0.030011281766238778
0.8482015230412805,2.187583597274637,0.3393820742333564,-0.1592169383720037
0.8941511631398869,2.3735739716359383,0.47942280849605146,-0.42991468851303677
0.7804511974163614,2.354055013993369,0.5736038165770077,-0.4882592876220735
0.6857908483909716,2.1743375809893624,0.48854673259839076,-0.17520452883433088
0.7722087938614662,2.2045029126395557,0.4322941187780893,-0.2816289686169924
0.8999066925893787,2.2162772700617674,0.3163705774723886,-0.2751743148253024
0.7667427864799206,2.2703366540342107,0.5035938675542901,-0.32030558164480016
0.8806571223791565,2.146397859725332,0.26574073734617576,-0.18612143938084297
0.8884042929101886,2.2219169390321474,0.33351264612195886,-0.3721762911193575
0.7075128399175648,2.2943607591611856,0.5868479192436209,-0.3407750312349773
0.88808197783365,2.32406346489324,0.43598148705959017,-0.20500982598738438
0.9343874581935112,2.24351193071503,0.309124472521519,-0.28386313797778406
0.8553711984781162,2.1791303884896696,0.3237591900115535,-0.023230078927780156
0.9247029071337014,2.197213172978178,0.2725102658444767,-0.4070293245869187
0.95243646565468,2.2020254260026966,0.2495889603480166,-0.23419567812482786
0.9283575223920327,2.1312692188912914,0.20291169649925855,-0.036171522031320444
0.8951815602882102,2.2300344040741162,0.3348528437859062,-0.12031840243958188
1.0710185618221666,2.252207755583984,0.18118919376181752,-0.30296226143118976
0.844604750065483,2.3448775498362635,0.5002727997707805,-0.2618121210173715
0.9782648993565763,2.2540652829097985,0.2758003835532221,-0.20155243338035916
1.017505365119033,2.323763861347605,0.30625849622857193,-0.6465660416346487
1.0158000108041647,2.2170944823294505,0.2012944715252858,-0.23448238790635512
0.7293246664373914,2.253083286449454,0.5237586200120627,-0.2401908240385773
0.8842724089959401,2.4133839483887316,0.5291115393927917,-0.5182651094477829
0.9074058116162006,2.1701740996778693,0.26276828806166863,-0.16700962745931272
0.8040417486199516,2.353202230742901,0.5491604821229492,-0.33469472298409286
0.8396838924556075,2.232696382961688,0.39301249050608034,-0.04945474043040615
0.9852844188743897,2.2672706389937027,0.28198622011931307,-0.5503175132237144
0.828608853048715,2.346968480886045,0.5183596278373301,-0.444677214334058
0.7731912728861657,2.202423775457167,0.4292325025710011,-0.15992346784515327
0.8342517672956252,2.2201923007338715,0.3859405334382462,-0.2548746479735176
1.112090213223764,2.1234448181729473,0.011354604949183278,-0.03946592660337757
0.7953468231411968,2.250676420001267,0.45532959686007013,-0.36749051132265154
0.8466728935546389,2.3939858146364754,0.5473129210818364,-0.3370167878108442
0.9115240127565535,2.2286609598526272,0.31713694709607365,-0.17072596044775576
0.7774633825366727,2.1756800488774846,0.398216666340812,-0.1273130132580816
0.7766665031766812,2.2422909051969007,0.4656244020202194,-0.3654010102586447
0.8701567646670544,2.296401897518693,0.4262451328516388,-0.42520793347020425
0.8188302593289098,2.3643791860180388,0.5455489266891289,-0.307461147635148
0.9354512180343109,2.1077449183858983,0.17229370035158742,-0.07925604141173621
0.8119927437440267,2.206218950835016,0.394226207090989,-0.12193661100818348
0.8655971646829105,2.0756846600764236,0.210087495393513,-0.0731706614341114
0.9141163114440002,2.2877750557075673,0.37365874426356704,-0.34209751811318023
1.06924559192571,2.370912052673248,0.3016664607475381,-0.42000491775479976
0.7756417012002089,2.2500534277554856,0.47441172655527675,-0.22808756379586412
0.8993953519148975,2.39200995804403,0.49261460612913277,-0.47056461268207095
0.9182540292556325,2.2105741978055606,0.29232016854992815,-0.1993296525185969
0.7983445052071085,2.231184095167419,0.4328395899603106,-0.17238174655439997
0.84586154060871,2.1757827293284504,0.3299211887197404,-0.1559368356018996
0.9975966493643083,2.3177680966131344,0.3201714472488262,-0.3011336861680065
0.9676724436894394,2.2669884448841158,0.2993160011946765,-0.7332940335482588
0.9331577617509209,2.2058703662379964,0.27271260448707535,-0.12744817211977852
0.8415671619133478,2.180521660973801,0.3389544990604534,-0.14219931358477583
0.6974846127739806,2.0946825537788754,0.3971979410048947,-0.11849985003323771
0.8483815758692734,2.2969356689508293,0.4485540930815559,-0.39013673664880333
0.849638351116726,2.2079839076680328,0.35834555655130673,-0.29562100600481667
0.7978077386737968,2.25250157766074,0.45469383898694327,-0.342341288053978
0.7210943908704585,2.2245130649484715,0.5034186740780129,-0.331651194403649
0.8271185178788487,2.2634088593888797,0.436290341510031,-0.17936933873727764
0.7854787333115978,2.093084128942466,0.3076053956308684,-0.12468927811080305
0.7546593056528731,2.3989810031801033,0.6443216975272303,-0.41049637440992476
0.8424998950937173,2.379344490956019,0.5368445958623018,-0.6130947964962751
0.8112673044654447,2.384607831692055,0.5733405272266103,-0.3564219402061801
0.7713091665999977,2.224584964950353,0.45327579835035525,-0.20083467322976742
0.8342770295294556,2.303280503739115,0.4690034742096594,-0.3312760355375975
0.846859721487552,2.316909430733571,0.47004970924601897,
0.8729249152896086,2.101784118351935,0.2288592030623262,-0.06846250193576867
0.833963502383636,2.207804283114885,0.37384078073124916,-0.11882509202540242
0.7738842937054905,2.188690054352586,0.4148057606470954,-0.08296322792357792
0.9031530785667076,2.248388100887681,0.3452350223209737,-0.19690821449894513
1.0939540842075333,2.3211820312093345,0.22722794700180127,-0.5008300043824868
0.8539183963277088,2.13472548311637,0.2808070867886612,-0.13830351022226567
0.8571434115183602,2.33229894590698,0.47515553438862,-0.19652515186728262
0.9442436277725595,2.265438255932671,0.3211946281601117,-0.3252026424092585
0.7641336575942805,2.3395876957751245,0.575454038180844,-0.2589154715925202
0.7289675632119813,2.2141221742473722,0.4851546110353908,-0.1368081247235481
0.7212025420233005,2.3130434429229023,0.591840900899602,-0.3683207257456437
0.9982484316364582,2.207241354329671,0.208992922693213,-0.13444080607032396
0.9631139229528872,2.2709444698122963,0.3078305468594089,-0.39702206081454117
0.9085890960579356,2.243604109290451,0.33501501323251537,-0.25641438062281435
0.8340106401964041,2.2990592267701695,0.46504858657376547,-0.32335507626577564
0.8632664195318659,2.2013256720014898,0.33805925246962376,-0.14399783654195047
0.7691279043271982,2.204928634148481,0.43580072982128293,-0.1694198278706236
0.7830119681288156,2.2588992248183786,0.4758872566895631,-0.3461719908934159
0.8621200608497673,2.299427254814857,0.43730719396508944,-0.43835985550502704
0.8817199312663955,2.3496636141465777,0.4679436828801822,-0.5953320608182123
0.8049581292981451,2.30533852744116,0.5003803981430148,-0.4831981540742034
0.8810734833439614,2.3610711662844635,0.47999768294050194,-0.3526194760576764
0.9641987925431001,2.065160703759468,0.100961911216368,-0.05293176186452384
0.7001412743322469,2.170083539272436,0.469942264940189,-0.07740632800203144
0.8536139397320665,2.323087202596819,0.46947326286475244,-0.29017160157037797
0.7846404242971301,2.128097359411105,0.3434569351139747,-0.06439821389467103
0.7969938201573032,2.219014256827097,0.4220204366697937,-0.18527121642623304
0.949784635692222,2.306154519858661,0.35636988416643867,-0.14171951443554257
0.8853616758074462,2.140056524396325,0.2546948485888789,-0.13539368418313003
0.8577657939968395,2.175989653193496,0.31822385919665663,-0.19226825756949886
0.7349331839850282,2.143422410576817,0.408489226591789,-0.15477346306262996
0.8548209000363437,2.329217564949132,0.474396664912788,-0.24024607852785593
0.84322628279748,2.1403417513406415,0.2971154685431614,-0.08570825048774247
0.7596828341572006,2.3615379422735714,0.6018551081163708,-0.5999312948719651
0.9302915447254345,2.107054371474678,0.17676282674924337,-0.04047292286396185
0.8866224030046844,2.167812066673447,0.2811896636687625,-0.10723182715136817
0.8502207306233531,2.1683327958174106,0.31811206519405744,-0.08956852105918782
0.8003002492247301,2.349089528634268,0.5487892794095379,-0.3677688997358238
0.7749212930580202,2.355138530831929,0.5802172377739088,
0.7500251954144672,2.230887444422371,0.48086224900790375,-0.31241834663506285
0.9258020518996801,2.348481652790894,0.4226796008912137,-0.33384563915975324
0.8403739863958084,2.2738935101908497,0.43351952379504133,-0.21885501292019802
0.8730634633220268,2.133777085600701,0.26071362227867434,-0.032999936607697095
0.8948481775250158,2.1237902667226107,0.22894208919759507,-0.05185646726934404
0.7218852253542776,2.252743112084347,0.5308578867300693,-0.2522060150723216
0.8366514142063763,2.2160415951263994,0.3793901809200231,-0.2790293233132138
0.6638027150749156,2.1469418464983345,0.4831391314234188,-0.12853040170983837
0.9142354469105736,2.2983220736390497,0.38408662672847615,-0.21849521809760017
0.7517872661970505,2.319893245100383,0.5681059789033327,-0.5797030319844797
0.8140903677273785,2.1663032019131547,0.3522128341857762,-0.06441923668231321
0.7309388113628135,2.208765578560052,0.4778267671972385,-0.21182583938193905
0.90488744810393,2.210298094810552,0.3054106467066222,-0.23744807078405916
0.7603396176929852,2.3967507490178073,0.636411131324822,
0.825413754251321,2.1691476006129298,0.34373384636160864,-0.18333063765228255
0.9058352313596929,2.317625121817443,0.41178989045774994,-0.3268073554486686
0.76996122821996,2.194196472964145,0.42423524474418484,-0.17584514049526445
0.7946107383705849,2.230739904449954,0.4361291660793689,-0.3889796113120113
0.8290605567026916,2.262760486184936,0.43369992948224434,-0.43480169164659993
0.7288861918510005,2.2973119058077263,0.5684257139567257,-0.2319575409153373
0.8419368098030054,2.058627114301424,0.2166903044984183,-0.0559963703905353
0.7330619441889463,2.293573407550949,0.5605114633620025,-0.37901558953639414
0.9422966256563808,2.388774111419014,0.44647748576263346,-0.46852730923988395
0.8741309772628485,2.1567847160723157,0.2826537388094672,-0.08052735125667224
0.7576777896469807,2.332569584274741,0.5748917946277601,-0.6741264549729615
0.9307185175000636,2.1622002807153535,0.2314817632152899,-0.1416795605211994
0.805945533322841,2.255344919834335,0.449399386511494,-0.29335067187766484
1.100147518961717,2.2614098239386884,0.16126230497697147,-0.16246919227128956
0.8499749601444319,2.1985213537499484,0.3485463936055164,-0.16180757780966573
0.86323177701225,2.2936609548742113,0.43042917786196133,-0.15952825966460527
0.7705486008286523,2.3306198702080705,0.5600712693794181,-0.18257379172638252
0.7149880220104278,2.2792187103787263,0.5642306883682986,-0.09934666284247344
0.8353250120900676,2.3982136971902395,0.5628886851001718,-0.36628580016237094
0.8873353903444966,2.1474390134903336,0.2601036231458371,-0.0834523378178622
0.9245515245346566,2.29854538028927,0.3739938557546134,-0.5271052767561923
0.7355915905936226,2.1806418777574854,0.44505028716386286,-0.059512051909389595
0.7449865794941442,2.205733170246826,0.46074659075268176,-0.15866964451306612
0.9100095728894662,2.177720465041487,0.2677108921520208,-0.19187041557565065
0.8136629644345297,2.1203475555315716,0.30668459109704194,-0.10484905146343715
0.8136359485930383,2.2338727713192164,0.4202368227261779,-0.16694072256358475
0.7404434275722702,2.2531003125950173,0.5126568850227471,-0.16169550957287798
1.021276075551552,2.206428564260283,0.18515248870873124,-0.08796420574857691
0.9872211635092444,2.1713220012787824,0.18410083776953812,-0.1660310437761538
0.853787527927253,2.230644454244902,0.3768569263176489,-0.24107302858960142
0.8995945250678957,2.3653760795949257,0.46578155452702985,
0.7681380787812642,2.3200804804578965,0.5519424016766323,-0.45552684226880363
