flare_id,year,month,k,q,duration_s
202201010707,2022,2022-01,1.133e-05,0.01355,2040.0
202201140147,2022,2022-01,1.84e-05,0.01447,1560.0
202201181700,2022,2022-01,1.531e-05,0.03455,4560.0
202201200541,2022,2022-01,5.511e-05,0.04268,1800.0
202201292245,2022,2022-01,1.138e-05,0.05143,5880.0
202202120825,2022,2022-02,1.438e-05,0.01627,1800.0
202202141702,2022,2022-02,1.05e-05,0.01672,2880.0
202202151754,2022,2022-02,1.322e-05,0.01702,2160.0
202203021731,2022,2022-03,2.022e-05,0.0106,900.0
202203112213,2022,2022-03,2.297e-05,0.01064,1440.0
202203140829,2022,2022-03,2.013e-05,0.006651,900.0
202203151233,2022,2022-03,1.455e-05,0.005096,600.0
202203152239,2022,2022-03,1.593e-05,0.005927,720.0
202203250502,2022,2022-03,1.463e-05,0.02586,2820.0
202203281058,2022,2022-03,4.061e-05,0.04392,2760.0
202203281732,2022,2022-03,1.005e-05,0.008022,840.0
202203281908,2022,2022-03,1.04e-05,0.01662,1860.0
202203282049,2022,2022-03,1.112e-05,0.01066,1140.0
202203290057,2022,2022-03,2.219e-05,0.02536,1680.0
202203290148,2022,2022-03,1.16e-05,0.008007,840.0
202203290917,2022,2022-03,1.027e-05,0.01599,2220.0
202203292143,2022,2022-03,1.684e-05,0.006298,780.0
202203301721,2022,2022-03,0.0001378,0.09569,1440.0
202203311817,2022,2022-03,9.672e-05,0.07623,1620.0
202204020239,2022,2022-04,2.909e-05,0.02332,1620.0
202204021256,2022,2022-04,3.944e-05,0.1414,6420.0
202204021734,2022,2022-04,4.306e-05,0.02095,960.0
202204151107,2022,2022-04,2.21e-05,0.08952,4860.0
202204151347,2022,2022-04,1.971e-05,0.02484,1380.0
202204161449,2022,2022-04,1.035e-05,0.008545,1140.0
202204170200,2022,2022-04,1.891e-05,0.01847,1320.0
202204170317,2022,2022-04,0.0001163,0.1367,1980.0
202204171952,2022,2022-04,1.554e-05,0.005209,780.0
202204172228,2022,2022-04,4.46e-05,0.01685,660.0
202204180737,2022,2022-04,1.361e-05,0.00578,960.0
202204181004,2022,2022-04,1.19e-05,0.02019,2640.0
202204181712,2022,2022-04,1.922e-05,0.009233,1080.0
202204190443,2022,2022-04,1.094e-05,0.006898,900.0
202204192039,2022,2022-04,3.71e-05,0.02274,1080.0
202204192109,2022,2022-04,1.676e-05,0.007279,480.0
202204200107,2022,2022-04,1.288e-05,0.006054,720.0
202204200120,2022,2022-04,7.295e-05,0.06362,1380.0
202204200341,2022,2022-04,0.0002243,0.09987,1320.0
202204201224,2022,2022-04,1.958e-05,0.0195,2220.0
202204210147,2022,2022-04,9.658e-05,0.0462,1020.0
202204220452,2022,2022-04,1.123e-05,0.01679,2100.0
202204221316,2022,2022-04,3.433e-05,0.00985,780.0
202204250118,2022,2022-04,1.275e-05,0.03919,4800.0
202204250352,2022,2022-04,1.198e-05,0.005402,840.0
202204290715,2022,2022-04,1.216e-05,0.01234,1560.0
202204291801,2022,2022-04,1.259e-05,0.009928,1200.0
202204300446,2022,2022-04,2.605e-05,0.01226,1200.0
202204300525,2022,2022-04,1.426e-05,0.01039,840.0
202204300948,2022,2022-04,4.824e-05,0.02519,960.0
202204301338,2022,2022-04,0.0001129,0.04705,780.0
202204301942,2022,2022-04,1.988e-05,0.008024,660.0
202205030734,2022,2022-05,1.363e-05,0.01078,1560.0
202205031309,2022,2022-05,0.0001132,0.04384,1260.0
202205040008,2022,2022-05,5.323e-05,0.02161,960.0
202205040845,2022,2022-05,5.758e-05,0.04017,1440.0
202205041625,2022,2022-05,1.191e-05,0.009987,840.0
202205041940,2022,2022-05,1.574e-05,0.01542,1320.0
202205042009,2022,2022-05,1.644e-05,0.02146,1560.0
202205051308,2022,2022-05,2.278e-05,0.008962,780.0
202205051402,2022,2022-05,2.763e-05,0.007068,660.0
202205101350,2022,2022-05,0.0001506,0.03095,480.0
202205111635,2022,2022-05,1.647e-05,0.01261,1320.0
202205111927,2022,2022-05,2.261e-05,0.01202,420.0
202205122004,2022,2022-05,1.361e-05,0.009216,1320.0
202205142358,2022,2022-05,2.284e-05,0.01827,1080.0
202205161310,2022,2022-05,2.459e-05,0.0311,1980.0
202205182157,2022,2022-05,1.129e-05,0.006085,600.0
202205190700,2022,2022-05,5.604e-05,0.05444,1800.0
202205191000,2022,2022-05,1.547e-05,0.0108,1140.0
202205191505,2022,2022-05,1.166e-05,0.007564,1020.0
202205200735,2022,2022-05,3.03e-05,0.008219,720.0
202205251809,2022,2022-05,1.338e-05,0.01754,1980.0
202206101010,2022,2022-06,1.218e-05,0.03466,3780.0
202206130258,2022,2022-06,3.425e-05,0.1791,7980.0
202206160346,2022,2022-06,1.613e-05,0.00265,540.0
202207082007,2022,2022-07,2.574e-05,0.0787,4800.0
202207102330,2022,2022-07,1.308e-05,0.0087,1260.0
202207110908,2022,2022-07,1.153e-05,0.01387,1800.0
202207140422,2022,2022-07,1.262e-05,0.007857,1020.0
202207142142,2022,2022-07,2.896e-05,0.01023,600.0
202207160616,2022,2022-07,1.126e-05,0.006986,1020.0
202207161533,2022,2022-07,1.412e-05,0.005153,600.0
202208151427,2022,2022-08,1.018e-05,0.004553,840.0
202208152146,2022,2022-08,1.198e-05,0.003946,660.0
202208160752,2022,2022-08,5.076e-05,0.02199,720.0
202208162110,2022,2022-08,1.863e-05,0.01014,1020.0
202208171326,2022,2022-08,2.045e-05,0.008336,1380.0
202208171428,2022,2022-08,1.099e-05,0.01826,2460.0
202208181000,2022,2022-08,1.398e-05,0.0037,660.0
202208181037,2022,2022-08,1.59e-05,0.02412,2100.0
202208181401,2022,2022-08,1.313e-05,0.005262,960.0
202208190414,2022,2022-08,1.641e-05,0.03646,3780.0
202208251939,2022,2022-08,1.821e-05,0.01486,1320.0
202208252321,2022,2022-08,1.037e-05,0.006741,600.0
202208261041,2022,2022-08,2.106e-05,0.0163,1380.0
202208261208,2022,2022-08,7.244e-05,0.03105,720.0
202208261224,2022,2022-08,5.391e-05,0.03959,780.0
202208270152,2022,2022-08,4.876e-05,0.1341,4320.0
202208271129,2022,2022-08,1.226e-05,0.006067,780.0
202208271513,2022,2022-08,1.108e-05,0.00759,960.0
202208271545,2022,2022-08,1.802e-05,0.02676,2100.0
202208280126,2022,2022-08,1.46e-05,0.01068,660.0
202208281548,2022,2022-08,6.73e-05,0.1445,3420.0
202208281820,2022,2022-08,4.67e-05,0.06331,1740.0
202208290324,2022,2022-08,3.38e-05,0.02751,1320.0
202208291048,2022,2022-08,8.67e-05,0.03026,1380.0
202208291446,2022,2022-08,2.55e-05,0.02434,1260.0
202208291611,2022,2022-08,4.257e-05,0.1189,4440.0
202208291845,2022,2022-08,4.674e-05,0.04366,1320.0
202208300158,2022,2022-08,1.501e-05,0.02242,1500.0
202209051758,2022,2022-09,1.1e-05,0.007352,900.0
202209122337,2022,2022-09,1.8e-05,0.004742,600.0
202209140941,2022,2022-09,1.101e-05,0.02668,3660.0
202209160944,2022,2022-09,7.915e-05,0.02956,660.0
202209161549,2022,2022-09,6.204e-05,0.05671,1320.0
202209171321,2022,2022-09,1.936e-05,0.03104,1860.0
202209172032,2022,2022-09,2.606e-05,0.02105,1140.0
202209201113,2022,2022-09,1.098e-05,0.008558,1200.0
202209210651,2022,2022-09,1.013e-05,0.01008,1500.0
202209231748,2022,2022-09,1.732e-05,0.03806,3120.0
202209301611,2022,2022-09,2.971e-05,0.02198,1260.0
202209301730,2022,2022-09,1.392e-05,0.008908,840.0
202210011958,2022,2022-10,5.866e-05,0.02989,1020.0
202210020208,2022,2022-10,8.768e-05,0.03589,1020.0
202210021352,2022,2022-10,1.276e-05,0.01713,1800.0
202210021534,2022,2022-10,1.075e-05,0.008082,1080.0
202210021953,2022,2022-10,0.0001063,0.08634,2400.0
202210030219,2022,2022-10,2.626e-05,0.04004,2520.0
202210030938,2022,2022-10,4.206e-05,0.07239,2880.0
202210031103,2022,2022-10,1.522e-05,0.01142,900.0
202210031520,2022,2022-10,1.699e-05,0.01266,1140.0
202210031957,2022,2022-10,1.261e-05,0.03125,3240.0
202210032113,2022,2022-10,1.784e-05,0.01413,1020.0
202210041248,2022,2022-10,1.609e-05,0.0393,3720.0
202210071421,2022,2022-10,1.011e-05,0.0365,4200.0
202210100035,2022,2022-10,1.086e-05,0.01112,1140.0
202210101605,2022,2022-10,2.412e-05,0.03893,2460.0
202210110836,2022,2022-10,3.984e-05,0.008957,540.0
202210111046,2022,2022-10,1.528e-05,0.004675,600.0
202210122354,2022,2022-10,1.544e-05,0.02156,2520.0
202210140951,2022,2022-10,1.318e-05,0.007033,360.0
202211062359,2022,2022-11,5.249e-05,0.02406,960.0
202211110700,2022,2022-11,1.246e-05,0.00643,1140.0
202211111132,2022,2022-11,1.225e-05,0.005108,780.0
202211120009,2022,2022-11,1.171e-05,0.005282,840.0
202211150242,2022,2022-11,1.067e-05,0.003145,720.0
202211191242,2022,2022-11,1.609e-05,0.01739,1680.0
202212010704,2022,2022-12,1.096e-05,0.01127,1860.0
202212031735,2022,2022-12,1.29e-05,0.002535,480.0
202212140730,2022,2022-12,2.458e-05,0.01707,960.0
202212140824,2022,2022-12,1.18e-05,0.007594,720.0
202212140920,2022,2022-12,1.392e-05,0.008707,840.0
202212141145,2022,2022-12,1.176e-05,0.01507,1860.0
202212141224,2022,2022-12,4.116e-05,0.02047,780.0
202212141431,2022,2022-12,6.357e-05,0.03145,1020.0
202212141454,2022,2022-12,3.239e-05,0.01819,540.0
202212141703,2022,2022-12,2.216e-05,0.016,1140.0
202212142052,2022,2022-12,2.262e-05,0.01102,540.0
202212142157,2022,2022-12,4.541e-05,0.04297,1140.0
202212150124,2022,2022-12,1.624e-05,0.01625,1440.0
202212150655,2022,2022-12,2.395e-05,0.02442,1560.0
202212151023,2022,2022-12,1.639e-05,0.01343,780.0
202212151558,2022,2022-12,1.034e-05,0.01092,1200.0
202212151647,2022,2022-12,2.073e-05,0.02663,1440.0
202212152220,2022,2022-12,5.745e-05,0.08211,2160.0
202212160130,2022,2022-12,3.552e-05,0.08109,3540.0
202212160442,2022,2022-12,1.24e-05,0.01372,1740.0
202212160535,2022,2022-12,1.383e-05,0.0184,1560.0
202212160630,2022,2022-12,1.236e-05,0.01361,1380.0
202212160726,2022,2022-12,1.673e-05,0.01372,1200.0
202212160855,2022,2022-12,1.569e-05,0.00882,900.0
202212160933,2022,2022-12,1.168e-05,0.01059,960.0
202212161002,2022,2022-12,4.021e-05,0.04313,1860.0
202212161424,2022,2022-12,2.457e-05,0.03706,2340.0
202212161534,2022,2022-12,1.264e-05,0.007361,600.0
202212171939,2022,2022-12,1.091e-05,0.008226,1260.0
202212201359,2022,2022-12,1.153e-05,0.008374,840.0
202212270046,2022,2022-12,2.067e-05,0.01201,780.0
202212270802,2022,2022-12,1.06e-05,0.0158,1920.0
202212271615,2022,2022-12,1.208e-05,0.007196,1080.0
202212290632,2022,2022-12,1.208e-05,0.04457,5700.0
202212291826,2022,2022-12,2.431e-05,0.02335,960.0
202212301524,2022,2022-12,1.444e-05,0.003535,360.0
202212301926,2022,2022-12,3.743e-05,0.02266,1200.0
202301060043,2023,2023-01,0.0001213,0.06169,1380.0
202301070040,2023,2023-01,1.631e-05,0.01207,1260.0
202301080839,2023,2023-01,1.216e-05,0.01364,1560.0
202301081451,2023,2023-01,1.442e-05,0.0183,1740.0
202301081902,2023,2023-01,1.092e-05,0.01111,960.0
202301090051,2023,2023-01,1.143e-05,0.01576,1620.0
202301090845,2023,2023-01,2.148e-05,0.02378,1800.0
202301091315,2023,2023-01,1.026e-05,0.006222,900.0
202301091837,2023,2023-01,0.0001972,0.09665,1140.0
202301100009,2023,2023-01,5.153e-05,0.02167,720.0
202301100208,2023,2023-01,1.082e-05,0.007167,900.0
202301100233,2023,2023-01,2.693e-05,0.02515,1200.0
202301101059,2023,2023-01,1.099e-05,0.004835,720.0
202301101717,2023,2023-01,1.351e-05,0.008768,960.0
202301101744,2023,2023-01,1.254e-05,0.003829,420.0
202301102239,2023,2023-01,0.0001061,0.02824,720.0
202301110039,2023,2023-01,2.473e-05,0.02347,1800.0
202301110149,2023,2023-01,5.671e-05,0.02087,660.0
202301110531,2023,2023-01,1.303e-05,0.03055,3420.0
202301110825,2023,2023-01,3.141e-05,0.005893,600.0
202301120633,2023,2023-01,1.592e-05,0.02408,1680.0
202301121108,2023,2023-01,1.234e-05,0.02168,2220.0
202301121439,2023,2023-01,1.035e-05,0.01354,1800.0
202301121903,2023,2023-01,1.062e-05,0.01134,1200.0
202301130253,2023,2023-01,1.427e-05,0.006462,540.0
202301131005,2023,2023-01,3.987e-05,0.01307,780.0
202301142006,2023,2023-01,3.595e-05,0.02959,1260.0
202301142037,2023,2023-01,4.602e-05,0.0896,2460.0
202301150308,2023,2023-01,6.025e-05,0.135,3540.0
202301151416,2023,2023-01,4.888e-05,0.0598,2040.0
202301172316,2023,2023-01,1.843e-05,0.0189,1620.0
202301181021,2023,2023-01,1.816e-05,0.01935,1800.0
202301190400,2023,2023-01,1.119e-05,0.00419,480.0
202301191006,2023,2023-01,1.772e-05,0.009272,720.0
202301221211,2023,2023-01,1.148e-05,0.01251,1320.0
202301221649,2023,2023-01,1.622e-05,0.01152,1200.0
202301250937,2023,2023-01,4.654e-05,0.1455,4260.0
202301251642,2023,2023-01,1.399e-05,0.01931,1800.0
202301252223,2023,2023-01,2.025e-05,0.01424,1200.0
202301261253,2023,2023-01,2.871e-05,0.02116,1260.0
202302071333,2023,2023-02,1.026e-05,0.02126,2340.0
202302072001,2023,2023-02,1.596e-05,0.007563,720.0
202302072246,2023,2023-02,3.897e-05,0.02303,1080.0
202302080245,2023,2023-02,2.067e-05,0.006981,600.0
202302081528,2023,2023-02,1.626e-05,0.03719,3420.0
202302081956,2023,2023-02,1.548e-05,0.03503,2940.0
202302082121,2023,2023-02,1.753e-05,0.02657,1560.0
202302090245,2023,2023-02,3.075e-05,0.04069,2520.0
202302090711,2023,2023-02,1.104e-05,0.004447,480.0
202302090849,2023,2023-02,2.854e-05,0.03804,2040.0
202302091444,2023,2023-02,1.508e-05,0.01207,1200.0
202302091514,2023,2023-02,1.443e-05,0.01542,1140.0
202302091818,2023,2023-02,1.821e-05,0.03744,2580.0
202302100245,2023,2023-02,3.728e-05,0.0463,2040.0
202302100802,2023,2023-02,1.408e-05,0.003889,360.0
202302101435,2023,2023-02,1.199e-05,0.01826,2160.0
202302102234,2023,2023-02,1.262e-05,0.007859,780.0
202302110759,2023,2023-02,2.296e-05,0.01691,900.0
202302111129,2023,2023-02,1.5e-05,0.008612,660.0
202302111205,2023,2023-02,1.538e-05,0.008453,540.0
202302111540,2023,2023-02,0.0001162,0.04565,780.0
202302111711,2023,2023-02,1.431e-05,0.01119,1140.0
202302120835,2023,2023-02,3.184e-05,0.01408,960.0
202302120911,2023,2023-02,1.462e-05,0.01834,1500.0
202302121323,2023,2023-02,1.226e-05,0.0104,1200.0
202302121533,2023,2023-02,1.09e-05,0.01271,1620.0
202302130504,2023,2023-02,1.095e-05,0.01714,1920.0
202302131549,2023,2023-02,1.445e-05,0.009408,780.0
202302140157,2023,2023-02,1.825e-05,0.00582,540.0
202302141159,2023,2023-02,2.695e-05,0.04684,2760.0
202302150438,2023,2023-02,1.116e-05,0.01576,1680.0
202302150516,2023,2023-02,2.046e-05,0.01355,780.0
202302150642,2023,2023-02,1.389e-05,0.01845,2160.0
202302152105,2023,2023-02,1.084e-05,0.00391,720.0
202302160019,2023,2023-02,1.102e-05,0.00893,1380.0
202302171938,2023,2023-02,0.0002275,0.506,4260.0
202302201447,2023,2023-02,4.435e-05,0.01623,900.0
202302211114,2023,2023-02,4.775e-05,0.03753,960.0
202302211957,2023,2023-02,5.091e-05,0.05281,1920.0
202302220451,2023,2023-02,1.406e-05,0.02911,2880.0
202302221336,2023,2023-02,2.68e-05,0.01735,1260.0
202302230611,2023,2023-02,1.533e-05,0.00409,360.0
202302230851,2023,2023-02,1.283e-05,0.01329,1020.0
202302241711,2023,2023-02,1.196e-05,0.003889,480.0
202302242003,2023,2023-02,3.732e-05,0.1043,5100.0
202302251534,2023,2023-02,1.086e-05,0.004299,660.0
202302251840,2023,2023-02,6.354e-05,0.1986,6360.0
202302281735,2023,2023-02,8.618e-05,0.05663,1200.0
202303010056,2023,2023-03,1.03e-05,0.007855,1260.0
202303022059,2023,2023-03,3.855e-05,0.03108,1500.0
202303031008,2023,2023-03,3.299e-05,0.0488,2400.0
202303031739,2023,2023-03,0.0002067,0.1026,1260.0
202303040706,2023,2023-03,1.048e-05,0.003199,420.0
202303041334,2023,2023-03,1.22e-05,0.006637,720.0
202303041519,2023,2023-03,5.268e-05,0.1444,3960.0
202303050240,2023,2023-03,1.326e-05,0.01048,1320.0
202303051653,2023,2023-03,1.036e-05,0.01082,1020.0
202303052129,2023,2023-03,5.046e-05,0.02118,660.0
202303060208,2023,2023-03,5.805e-05,0.04376,1560.0
202303060857,2023,2023-03,1.316e-05,0.0211,2340.0
202303061724,2023,2023-03,1.034e-05,0.02085,2700.0
202303080953,2023,2023-03,1.196e-05,0.02601,3120.0
202303082235,2023,2023-03,1.358e-05,0.007048,960.0
202303171504,2023,2023-03,1.09e-05,0.003156,300.0
202303200119,2023,2023-03,1.284e-05,0.04183,3960.0
202303290218,2023,2023-03,0.0001268,0.05827,1260.0
202303291347,2023,2023-03,1.261e-05,0.01028,1620.0
202303292335,2023,2023-03,1.171e-05,0.008101,1320.0
202303300724,2023,2023-03,5.409e-05,0.02632,1080.0
202304060536,2023,2023-04,3.012e-05,0.03023,1620.0
202304080138,2023,2023-04,2.902e-05,0.01039,660.0
202304100510,2023,2023-04,2.833e-05,0.01768,1020.0
202304110951,2023,2023-04,1.383e-05,0.01014,1860.0
202304141610,2023,2023-04,1.118e-05,0.00634,840.0
202304142318,2023,2023-04,1.518e-05,0.005077,720.0
202304211744,2023,2023-04,1.77e-05,0.03873,3540.0
202304271104,2023,2023-04,1.876e-05,0.008738,1080.0
202304301956,2023,2023-04,2.442e-05,0.03794,2760.0
202305010055,2023,2023-05,1.17e-05,0.01154,1980.0
202305011302,2023,2023-05,7.215e-05,0.01228,540.0
202305030915,2023,2023-05,4.343e-05,0.02126,1020.0
202305031003,2023,2023-05,3.157e-05,0.01476,900.0
202305031036,2023,2023-05,7.351e-05,0.02437,720.0
202305031224,2023,2023-05,1.789e-05,0.008893,960.0
202305031343,2023,2023-05,2.235e-05,0.007552,600.0
202305040805,2023,2023-05,3.96e-05,0.08084,3720.0
202305050730,2023,2023-05,2.108e-05,0.06007,3720.0
202305072253,2023,2023-05,1.64e-05,0.06432,4020.0
202305082011,2023,2023-05,2.316e-05,0.01554,1260.0
202305090342,2023,2023-05,6.574e-05,0.04411,1320.0
202305090555,2023,2023-05,1.262e-05,0.01308,1920.0
202305091000,2023,2023-05,1.375e-05,0.01627,1920.0
202305091820,2023,2023-05,4.291e-05,0.09967,3780.0
202305092032,2023,2023-05,5.019e-05,0.05476,1860.0
202305101411,2023,2023-05,2.268e-05,0.01797,1260.0
202305110847,2023,2023-05,2.198e-05,0.01758,1380.0
202305111813,2023,2023-05,1.886e-05,0.01388,1440.0
202305161631,2023,2023-05,9.62e-05,0.05438,1140.0
202305180613,2023,2023-05,1.023e-05,0.008578,1440.0
202305180648,2023,2023-05,1.287e-05,0.007164,780.0
202305181200,2023,2023-05,1.934e-05,0.02353,1260.0
202305181239,2023,2023-05,1.686e-05,0.01559,960.0
202305181732,2023,2023-05,1.114e-05,0.01181,1680.0
202305182051,2023,2023-05,4.504e-05,0.05662,1440.0
202305190041,2023,2023-05,5.388e-05,0.0247,720.0
202305190305,2023,2023-05,1.618e-05,0.01374,1020.0
202305190449,2023,2023-05,2.542e-05,0.01809,1200.0
202305192014,2023,2023-05,2.755e-05,0.03409,1380.0
202305200649,2023,2023-05,1.072e-05,0.01129,1320.0
202305200716,2023,2023-05,6.497e-05,0.03285,1140.0
202305200918,2023,2023-05,1.116e-05,0.008105,780.0
202305201048,2023,2023-05,1.634e-05,0.01663,1260.0
202305201225,2023,2023-05,8.965e-05,0.02975,840.0
202305201454,2023,2023-05,5.677e-05,0.01755,540.0
202305201857,2023,2023-05,1.181e-05,0.005953,540.0
202305202252,2023,2023-05,5.196e-05,0.0502,1680.0
202305210218,2023,2023-05,1.414e-05,0.008591,840.0
202305211549,2023,2023-05,2.604e-05,0.02632,1680.0
202305221330,2023,2023-05,1.946e-05,0.01005,720.0
202305231207,2023,2023-05,3.094e-05,0.007085,480.0
202305240951,2023,2023-05,1.021e-05,0.003087,600.0
202305241704,2023,2023-05,1.853e-05,0.03071,2580.0
202305251437,2023,2023-05,1.188e-05,0.007192,900.0
202305262248,2023,2023-05,1.376e-05,0.01679,1440.0
202305281021,2023,2023-05,1.014e-05,0.01175,1980.0
202305300754,2023,2023-05,1.238e-05,0.009757,1440.0
202305301015,2023,2023-05,1.368e-05,0.006439,780.0
202305301335,2023,2023-05,1.491e-05,0.003436,360.0
202305310424,2023,2023-05,1.317e-05,0.009302,1140.0
202305311223,2023,2023-05,1.05e-05,0.00229,300.0
202305312214,2023,2023-05,4.288e-05,0.101,3420.0
202306020232,2023,2023-06,1.538e-05,0.004313,720.0
202306071118,2023,2023-06,4.722e-05,0.05866,2400.0
202306091648,2023,2023-06,2.505e-05,0.02983,2160.0
202306160521,2023,2023-06,1.039e-05,0.008151,1140.0
202306161020,2023,2023-06,1.082e-05,0.01745,2280.0
202306161952,2023,2023-06,1.053e-05,0.004927,840.0
202306180025,2023,2023-06,1.326e-05,0.007109,840.0
202306181325,2023,2023-06,2.522e-05,0.04825,2880.0
202306190337,2023,2023-06,1.478e-05,0.01051,1200.0
202306191206,2023,2023-06,1.188e-05,0.005434,660.0
202306201117,2023,2023-06,1.835e-05,0.01636,1020.0
202306201544,2023,2023-06,1.027e-05,0.006228,600.0
202306201627,2023,2023-06,1.103e-05,0.004092,540.0
202306201642,2023,2023-06,0.0001093,0.1422,2580.0
202306211231,2023,2023-06,1.169e-05,0.01003,1320.0
202306211531,2023,2023-06,1.002e-05,0.003933,660.0
202306221057,2023,2023-06,1.159e-05,0.0166,2280.0
202306222329,2023,2023-06,4.896e-05,0.04564,1620.0
202306241211,2023,2023-06,1.135e-05,0.005704,720.0
202306261608,2023,2023-06,1.619e-05,0.01252,1500.0
202306280826,2023,2023-06,1.968e-05,0.02033,1920.0
202306291400,2023,2023-06,3.848e-05,0.02188,1320.0
202307012207,2023,2023-07,1.11e-05,0.009148,1380.0
202307020229,2023,2023-07,2.093e-05,0.007396,600.0
202307022254,2023,2023-07,0.0001061,0.2627,3840.0
202307030643,2023,2023-07,1.377e-05,0.006977,900.0
202307041220,2023,2023-07,1.482e-05,0.02072,2040.0
202307051836,2023,2023-07,1.015e-05,0.02037,2640.0
202307061032,2023,2023-07,1.063e-05,0.01647,2040.0
202307070617,2023,2023-07,4.056e-05,0.02293,1200.0
202307100329,2023,2023-07,2.362e-05,0.03954,2520.0
202307102206,2023,2023-07,1.495e-05,0.01309,1320.0
202307111419,2023,2023-07,2.001e-05,0.01835,1500.0
202307111602,2023,2023-07,1.166e-05,0.01992,1920.0
202307111751,2023,2023-07,6.827e-05,0.05237,1440.0
202307111920,2023,2023-07,1.093e-05,0.0111,1080.0
202307112204,2023,2023-07,5.856e-05,0.03205,1140.0
202307112334,2023,2023-07,1.252e-05,0.007401,600.0
202307120021,2023,2023-07,1.479e-05,0.01288,1080.0
202307120431,2023,2023-07,1.342e-05,0.01554,1560.0
202307120510,2023,2023-07,1.351e-05,0.008962,720.0
202307120849,2023,2023-07,6.971e-05,0.02493,600.0
202307131855,2023,2023-07,2.123e-05,0.03234,2400.0
202307140922,2023,2023-07,1.036e-05,0.01132,1560.0
202307150721,2023,2023-07,2.932e-05,0.03709,2040.0
202307150943,2023,2023-07,1.069e-05,0.004346,780.0
202307151005,2023,2023-07,2.211e-05,0.005187,420.0
202307160816,2023,2023-07,1.091e-05,0.003383,720.0
202307161457,2023,2023-07,1.793e-05,0.004452,780.0
202307161736,2023,2023-07,4.022e-05,0.03828,1380.0
202307172241,2023,2023-07,2.723e-05,0.02826,1440.0
202307172337,2023,2023-07,5.721e-05,0.1528,2700.0
202307180645,2023,2023-07,1.526e-05,0.009577,960.0
202307182000,2023,2023-07,1.467e-05,0.009632,600.0
202307182016,2023,2023-07,2.147e-05,0.02103,1080.0
202307191049,2023,2023-07,1.405e-05,0.006592,720.0
202307191704,2023,2023-07,3.807e-05,0.05218,2280.0
202307220312,2023,2023-07,3.191e-05,0.04312,2520.0
202307220412,2023,2023-07,1.004e-05,0.007087,660.0
202307250136,2023,2023-07,1.538e-05,0.02884,2820.0
202307252108,2023,2023-07,1.657e-05,0.0101,900.0
202307260421,2023,2023-07,1.248e-05,0.00807,660.0
202307261017,2023,2023-07,4.633e-05,0.03963,1800.0
202307261550,2023,2023-07,2.061e-05,0.01284,960.0
202307270944,2023,2023-07,1.985e-05,0.01255,780.0
202307272204,2023,2023-07,1.753e-05,0.05096,3600.0
202307281539,2023,2023-07,4.109e-05,0.05558,1980.0
202307291611,2023,2023-07,1.438e-05,0.01371,1500.0
202307300818,2023,2023-07,1.866e-05,0.009344,360.0
202307310842,2023,2023-07,1.7e-05,0.02088,1800.0
202308010158,2023,2023-08,1.269e-05,0.006808,480.0
202308010427,2023,2023-08,2.21e-05,0.03461,2340.0
202308010530,2023,2023-08,1.351e-05,0.009306,720.0
202308010628,2023,2023-08,3.656e-05,0.07417,3000.0
202308010903,2023,2023-08,1.571e-05,0.008523,720.0
202308011402,2023,2023-08,1.437e-05,0.01728,1560.0
202308012139,2023,2023-08,1.063e-05,0.008113,1080.0
202308020803,2023,2023-08,1.356e-05,0.01145,1020.0
202308021044,2023,2023-08,1.244e-05,0.004752,480.0
202308021446,2023,2023-08,1.701e-05,0.004674,480.0
202308021613,2023,2023-08,1.344e-05,0.005308,720.0
202308021909,2023,2023-08,1.145e-05,0.00793,660.0
202308031147,2023,2023-08,2.078e-05,0.0063,660.0
202308040338,2023,2023-08,1.993e-05,0.07885,5520.0
202308050923,2023,2023-08,2.133e-05,0.02742,1560.0
202308052145,2023,2023-08,0.0001613,0.2999,3480.0
202308061820,2023,2023-08,5.507e-05,0.06034,1980.0
202308070429,2023,2023-08,2.432e-05,0.01871,1260.0
202308071624,2023,2023-08,1.063e-05,0.005501,420.0
202308071937,2023,2023-08,1.424e-05,0.01148,1200.0
202308072030,2023,2023-08,0.0001491,0.2807,2820.0
202308080920,2023,2023-08,3.672e-05,0.02468,1200.0
202308250056,2023,2023-08,1.477e-05,0.01493,1740.0
202308262205,2023,2023-08,1.112e-05,0.0445,5760.0
202309010326,2023,2023-09,1.211e-05,0.02836,2340.0
202309020633,2023,2023-09,3.351e-05,0.0753,3840.0
202309030014,2023,2023-09,1.132e-05,0.008506,1080.0
202309030809,2023,2023-09,6.013e-05,0.06372,2340.0
202309050803,2023,2023-09,2.089e-05,0.01613,1200.0
202309051933,2023,2023-09,1.262e-05,0.01129,1380.0
202309052321,2023,2023-09,1.006e-05,0.01091,1800.0
202309071858,2023,2023-09,2.117e-05,0.0225,1500.0
202309110108,2023,2023-09,1.388e-05,0.02923,2880.0
202309110358,2023,2023-09,1.194e-05,0.008352,960.0
202309111438,2023,2023-09,1.126e-05,0.008665,1200.0
202309120431,2023,2023-09,1.858e-05,0.01786,900.0
202309120647,2023,2023-09,2.576e-05,0.0295,1860.0
202309140640,2023,2023-09,1.442e-05,0.06465,7080.0
202309141923,2023,2023-09,1.984e-05,0.01064,960.0
202309142117,2023,2023-09,2.502e-05,0.01343,840.0
202309152219,2023,2023-09,1.728e-05,0.006142,840.0
202309160038,2023,2023-09,2.923e-05,0.01516,1080.0
202309160530,2023,2023-09,3.391e-05,0.0319,1200.0
202309190345,2023,2023-09,1.148e-05,0.006628,900.0
202309190923,2023,2023-09,1.892e-05,0.01109,1200.0
202309192001,2023,2023-09,4.091e-05,0.02403,1140.0
202309201411,2023,2023-09,8.231e-05,0.03562,780.0
202309211242,2023,2023-09,8.722e-05,0.04646,1140.0
202309221553,2023,2023-09,1.443e-05,0.02657,3120.0
202309221706,2023,2023-09,1.525e-05,0.00961,780.0
202309222225,2023,2023-09,1.905e-05,0.02552,2820.0
202309232014,2023,2023-09,1.577e-05,0.02729,2700.0
202309240317,2023,2023-09,4.429e-05,0.03926,1080.0
202309241451,2023,2023-09,1.013e-05,0.004951,780.0
202309280858,2023,2023-09,1.297e-05,0.004261,720.0
202309301616,2023,2023-09,1.237e-05,0.01851,1920.0
202310010110,2023,2023-10,2.504e-05,0.02796,1920.0
202310021235,2023,2023-10,1.902e-05,0.0154,1320.0
202310071757,2023,2023-10,1.791e-05,0.005085,720.0
202310100155,2023,2023-10,1.605e-05,0.0183,1560.0
202310101208,2023,2023-10,2.347e-05,0.02017,1200.0
202310120450,2023,2023-10,1.113e-05,0.007662,840.0
202310262247,2023,2023-10,1.415e-05,0.05308,5520.0
202311010607,2023,2023-11,1.183e-05,0.02291,2460.0
202311021218,2023,2023-11,1.681e-05,0.002875,360.0
202311021908,2023,2023-11,1.04e-05,0.006746,1140.0
202311051134,2023,2023-11,1.832e-05,0.004943,660.0
202311051424,2023,2023-11,1.699e-05,0.004307,660.0
202311111701,2023,2023-11,1.251e-05,0.01977,2580.0
202311142258,2023,2023-11,1.084e-05,0.002759,600.0
202311180537,2023,2023-11,1.264e-05,0.006126,720.0
202311181634,2023,2023-11,1.213e-05,0.009357,1140.0
202311182226,2023,2023-11,1.062e-05,0.008401,780.0
202311200854,2023,2023-11,1.267e-05,0.007273,1020.0
202311230259,2023,2023-11,1.489e-05,0.04815,3900.0
202311231425,2023,2023-11,1.103e-05,0.006395,960.0
202311240917,2023,2023-11,1.138e-05,0.01089,1500.0
202311281935,2023,2023-11,9.937e-05,0.1587,1980.0
202312010412,2023,2023-12,1.117e-05,0.02716,3240.0
202312012055,2023,2023-12,1.049e-05,0.03084,4440.0
202312050639,2023,2023-12,1.593e-05,0.005053,480.0
202312052059,2023,2023-12,1.039e-05,0.005736,1020.0
202312052117,2023,2023-12,1.477e-05,0.005664,420.0
202312060530,2023,2023-12,2.129e-05,0.01448,1260.0
202312062126,2023,2023-12,2.371e-05,0.02003,1680.0
202312082256,2023,2023-12,5.545e-05,0.02766,1020.0
202312090941,2023,2023-12,1.555e-05,0.01303,1440.0
202312091303,2023,2023-12,1.01e-05,0.01556,1980.0
202312100342,2023,2023-12,2.411e-05,0.008861,900.0
202312102237,2023,2023-12,1.421e-05,0.004631,480.0
202312140711,2023,2023-12,5.845e-05,0.06594,2880.0
202312141329,2023,2023-12,2.349e-05,0.03222,2280.0
202312141647,2023,2023-12,0.0002835,0.1891,1440.0
202312150723,2023,2023-12,6.968e-05,0.07764,1140.0
202312172008,2023,2023-12,1.144e-05,0.003928,660.0
202312210519,2023,2023-12,4.247e-05,0.04272,1740.0
202312212342,2023,2023-12,3.326e-05,0.04388,2160.0
202312241109,2023,2023-12,2.94e-05,0.0145,840.0
202312241637,2023,2023-12,2.664e-05,0.01657,1080.0
202312241921,2023,2023-12,1.134e-05,0.02541,3240.0
202312311844,2023,2023-12,1.025e-05,0.02566,3300.0
202312312136,2023,2023-12,0.0004947,0.5424,1860.0
202401010833,2024,2024-01,2.375e-05,0.02483,1800.0
202401011154,2024,2024-01,4.73e-05,0.04435,2400.0
202401021802,2024,2024-01,1.153e-05,0.02512,3180.0
202401040122,2024,2024-01,3.884e-05,0.06901,2940.0
202401101239,2024,2024-01,1.489e-05,0.01555,1500.0
202401102318,2024,2024-01,1.941e-05,0.01011,960.0
202401111244,2024,2024-01,1.39e-05,0.005684,600.0
202401111749,2024,2024-01,1.537e-05,0.0067,540.0
202401111908,2024,2024-01,1.211e-05,0.02157,2340.0
202401120255,2024,2024-01,1.074e-05,0.003063,300.0
202401220609,2024,2024-01,1.51e-05,0.01039,1200.0
202401221928,2024,2024-01,1.259e-05,0.006095,360.0
202401221943,2024,2024-01,2.07e-05,0.009796,540.0
202401222114,2024,2024-01,3.448e-05,0.02058,1020.0
202401222136,2024,2024-01,1.614e-05,0.01926,1260.0
202401222219,2024,2024-01,2.108e-05,0.006374,300.0
202401230309,2024,2024-01,5.118e-05,0.04065,1680.0
202401230818,2024,2024-01,2.391e-05,0.0104,360.0
202401231303,2024,2024-01,1.024e-05,0.006267,540.0
202401231445,2024,2024-01,1.336e-05,0.01297,1140.0
202401231636,2024,2024-01,4.368e-05,0.01896,600.0
202401231835,2024,2024-01,1.111e-05,0.008856,780.0
202401231957,2024,2024-01,1.038e-05,0.005117,420.0
202401240131,2024,2024-01,2.658e-05,0.02464,1260.0
202401240518,2024,2024-01,1.439e-05,0.02474,2460.0
202401242044,2024,2024-01,1.329e-05,0.01229,1560.0
202401290129,2024,2024-01,1.266e-05,0.01128,1320.0
202401290354,2024,2024-01,6.835e-05,0.1854,4800.0
202402020252,2024,2024-02,1.184e-05,0.003657,720.0
202402041140,2024,2024-02,1.418e-05,0.0153,1620.0
202402041622,2024,2024-02,1.58e-05,0.01507,1380.0
202402041705,2024,2024-02,1.357e-05,0.007784,780.0
202402041816,2024,2024-02,1.115e-05,0.012,1560.0
202402042052,2024,2024-02,1.277e-05,0.004433,480.0
202402042234,2024,2024-02,2.784e-05,0.01228,420.0
202402050413,2024,2024-02,2.167e-05,0.02172,1800.0
202402050610,2024,2024-02,1.471e-05,0.006381,900.0
202402060237,2024,2024-02,4.275e-05,0.1272,3540.0
202402061838,2024,2024-02,1.333e-05,0.01868,1680.0
202402070304,2024,2024-02,5.177e-05,0.1432,3960.0
202402071741,2024,2024-02,1.365e-05,0.03035,3180.0
202402081241,2024,2024-02,3.491e-05,0.07479,3300.0
202402081411,2024,2024-02,1.201e-05,0.008869,780.0
202402081517,2024,2024-02,1.369e-05,0.005693,600.0
202402081856,2024,2024-02,1.475e-05,0.003665,480.0
202402090036,2024,2024-02,3.154e-05,0.01578,420.0
202402091253,2024,2024-02,0.0003338,0.4283,2280.0
202402091754,2024,2024-02,1.25e-05,0.007356,720.0
202402100042,2024,2024-02,1.555e-05,0.01087,1020.0
202402100304,2024,2024-02,3.445e-05,0.09597,5040.0
202402102256,2024,2024-02,9.041e-05,0.04479,1020.0
202402112235,2024,2024-02,1.073e-05,0.005205,840.0
202402120323,2024,2024-02,6.502e-05,0.02825,1740.0
202402121250,2024,2024-02,1.133e-05,0.01398,1800.0
202402121531,2024,2024-02,1.451e-05,0.01967,1860.0
202402122035,2024,2024-02,2.69e-05,0.09297,4500.0
202402140302,2024,2024-02,1.055e-05,0.009495,1200.0
202402140726,2024,2024-02,1.02e-05,0.005626,900.0
202402151650,2024,2024-02,1.872e-05,0.0212,1800.0
202402160239,2024,2024-02,1.547e-05,0.008139,1020.0
202402160642,2024,2024-02,0.0002527,0.08319,900.0
202402162157,2024,2024-02,3.027e-05,0.0162,1080.0
202402212252,2024,2024-02,0.000187,0.09813,1260.0
202402212358,2024,2024-02,1.569e-05,0.02594,1920.0
202402220617,2024,2024-02,0.0001679,0.08664,1320.0
202402222029,2024,2024-02,4.85e-05,0.05347,1980.0
202402222208,2024,2024-02,0.0006345,0.4494,2040.0
202402231312,2024,2024-02,1.03e-05,0.01882,2460.0
202402231541,2024,2024-02,1.495e-05,0.01805,1440.0
202402231726,2024,2024-02,2.651e-05,0.03947,2400.0
202402240621,2024,2024-02,4.526e-05,0.03286,1320.0
202402241103,2024,2024-02,3.692e-05,0.03779,1260.0
202402241154,2024,2024-02,1.001e-05,0.005123,540.0
202402251647,2024,2024-02,2.098e-05,0.04573,3540.0
202403082118,2024,2024-03,1.318e-05,0.004261,720.0
202403101200,2024,2024-03,7.429e-05,0.03518,1140.0
202403140552,2024,2024-03,1.005e-05,0.00547,1080.0
202403161622,2024,2024-03,3.528e-05,0.02528,1260.0
202403162127,2024,2024-03,1.17e-05,0.02043,2580.0
202403180320,2024,2024-03,2.79e-05,0.02527,1440.0
202403180406,2024,2024-03,1.083e-05,0.008486,1020.0
202403181902,2024,2024-03,6.771e-05,0.04921,1500.0
202403190224,2024,2024-03,1.464e-05,0.007446,780.0
202403192317,2024,2024-03,2.188e-05,0.008517,840.0
202403200723,2024,2024-03,7.48e-05,0.05584,1380.0
202403202246,2024,2024-03,1.999e-05,0.007182,780.0
202403222018,2024,2024-03,4.296e-05,0.04151,1560.0
202403230058,2024,2024-03,0.0001102,0.3491,4980.0
202403230647,2024,2024-03,1.118e-05,0.005696,600.0
202403230726,2024,2024-03,3.103e-05,0.03499,1200.0
202403231122,2024,2024-03,1.059e-05,0.007745,780.0
202403231236,2024,2024-03,1.346e-05,0.01075,1140.0
202403231304,2024,2024-03,1.188e-05,0.009924,900.0
202403231331,2024,2024-03,1.97e-05,0.01123,720.0
202403231351,2024,2024-03,5.203e-05,0.06442,1380.0
202403231449,2024,2024-03,1.569e-05,0.007273,480.0
202403231517,2024,2024-03,3.797e-05,0.0246,540.0
202403231622,2024,2024-03,2.801e-05,0.05554,2640.0
202403232330,2024,2024-03,2.467e-05,0.02955,1920.0
202403240112,2024,2024-03,1.457e-05,0.01365,1020.0
202403240209,2024,2024-03,2.706e-05,0.03265,1140.0
202403240559,2024,2024-03,2.284e-05,0.006446,540.0
202403240736,2024,2024-03,1.381e-05,0.02059,1740.0
202403241210,2024,2024-03,1.126e-05,0.005981,660.0
202403241227,2024,2024-03,1.059e-05,0.00659,660.0
202403241300,2024,2024-03,1.289e-05,0.01633,1620.0
202403250637,2024,2024-03,4.471e-05,0.008192,540.0
202403260028,2024,2024-03,1.911e-05,0.003703,600.0
202403261011,2024,2024-03,1.029e-05,0.005167,720.0
202403261036,2024,2024-03,1.346e-05,0.008802,900.0
202403261341,2024,2024-03,1.701e-05,0.009497,480.0
202403262143,2024,2024-03,1.688e-05,0.01377,1380.0
202403270137,2024,2024-03,1.113e-05,0.007105,840.0
202403270633,2024,2024-03,1.137e-05,0.006998,960.0
202403280616,2024,2024-03,7.097e-05,0.03744,1140.0
202403281540,2024,2024-03,6.138e-05,0.03207,1320.0
202403281921,2024,2024-03,1.182e-05,0.009851,960.0
202403282050,2024,2024-03,0.0001107,0.06877,540.0
202403290217,2024,2024-03,3.236e-05,0.03441,1440.0
202403291919,2024,2024-03,1.207e-05,0.02251,2160.0
202403302121,2024,2024-03,9.391e-05,0.0975,1020.0
202404010113,2024,2024-04,3.91e-05,0.06155,2580.0
202404111652,2024,2024-04,5.466e-05,0.02172,1080.0
202404130458,2024,2024-04,2.406e-05,0.004055,360.0
202404140224,2024,2024-04,4.303e-05,0.01017,660.0
202404150106,2024,2024-04,1.758e-05,0.01108,1140.0
202404150715,2024,2024-04,1.094e-05,0.01271,1320.0
202404150838,2024,2024-04,2.384e-05,0.008816,480.0
202404150921,2024,2024-04,1.225e-05,0.009594,1200.0
202404151408,2024,2024-04,2.227e-05,0.02088,1080.0
202404151925,2024,2024-04,4.021e-05,0.01772,780.0
202404161749,2024,2024-04,1.145e-05,0.0135,1440.0
202404172155,2024,2024-04,1.642e-05,0.01178,1200.0
202404180232,2024,2024-04,2.246e-05,0.01362,1200.0
202404180717,2024,2024-04,1.305e-05,0.02943,3060.0
202404182012,2024,2024-04,1.611e-05,0.009477,480.0
202404190440,2024,2024-04,2.168e-05,0.01676,1320.0
202404191253,2024,2024-04,1.021e-05,0.01324,1740.0
202404211239,2024,2024-04,1.025e-05,0.02537,3300.0
202404211507,2024,2024-04,2.282e-05,0.01023,720.0
202404212144,2024,2024-04,3.427e-05,0.01334,720.0
202404220758,2024,2024-04,1.065e-05,0.01573,1860.0
202404221313,2024,2024-04,1.656e-05,0.0456,3780.0
202404221508,2024,2024-04,1.677e-05,0.02077,1380.0
202404221541,2024,2024-04,2.809e-05,0.02317,960.0
202404221626,2024,2024-04,1.062e-05,0.006162,540.0
202404222105,2024,2024-04,1.599e-05,0.01133,1080.0
202404222300,2024,2024-04,1.067e-05,0.02236,2220.0
202404230306,2024,2024-04,3.639e-05,0.04026,1680.0
202404230807,2024,2024-04,3.055e-05,0.02053,1260.0
202404231733,2024,2024-04,2.984e-05,0.0251,1080.0
202404240038,2024,2024-04,1.648e-05,0.008653,420.0
202404240230,2024,2024-04,1.811e-05,0.008479,780.0
202404241207,2024,2024-04,1.495e-05,0.01914,1860.0
202404242254,2024,2024-04,2.09e-05,0.01204,600.0
202404250140,2024,2024-04,1.035e-05,0.01252,1200.0
202404251311,2024,2024-04,1.001e-05,0.006471,900.0
202404251703,2024,2024-04,1.395e-05,0.004363,720.0
202404271223,2024,2024-04,2.178e-05,0.01707,1200.0
202404272129,2024,2024-04,3.097e-05,0.02471,1140.0
202404290054,2024,2024-04,3.714e-05,0.04557,1500.0
202404300046,2024,2024-04,1.641e-05,0.02576,2640.0
202404301450,2024,2024-04,1.229e-05,0.01499,2100.0
202404301611,2024,2024-04,1.315e-05,0.01836,2100.0
202404302323,2024,2024-04,9.528e-05,0.06899,2040.0
202405011437,2024,2024-05,1.944e-05,0.01289,600.0
202405012226,2024,2024-05,1.873e-05,0.006655,600.0
202405020207,2024,2024-05,1.085e-05,0.005982,960.0
202405022052,2024,2024-05,2.752e-05,0.00679,420.0
202405030008,2024,2024-05,2.754e-05,0.00613,540.0
202405030211,2024,2024-05,0.0001643,0.05822,900.0
202405030805,2024,2024-05,4.447e-05,0.0166,600.0
202405032311,2024,2024-05,1.091e-05,0.00566,480.0
202405032324,2024,2024-05,2.431e-05,0.01387,660.0
202405040026,2024,2024-05,1.625e-05,0.01219,1020.0
202405040602,2024,2024-05,9.127e-05,0.07024,1620.0
202405040704,2024,2024-05,1.536e-05,0.005131,300.0
202405041810,2024,2024-05,1.314e-05,0.006857,840.0
202405042223,2024,2024-05,3.274e-05,0.0339,1800.0
202405042328,2024,2024-05,9.096e-05,0.07803,1560.0
202405050115,2024,2024-05,8.424e-05,0.08251,1620.0
202405050547,2024,2024-05,0.0001302,0.06314,1140.0
202405050807,2024,2024-05,1.3e-05,0.009851,960.0
202405050953,2024,2024-05,7.468e-05,0.08764,1500.0
202405051141,2024,2024-05,0.0001273,0.1652,2040.0
202405051433,2024,2024-05,1.321e-05,0.01375,1320.0
202405051528,2024,2024-05,2.255e-05,0.02405,1320.0
202405051655,2024,2024-05,1.362e-05,0.007643,600.0
202405051834,2024,2024-05,1.046e-05,0.005564,600.0
202405051944,2024,2024-05,1.365e-05,0.01296,1260.0
202405060047,2024,2024-05,1.618e-05,0.01561,1560.0
202405060538,2024,2024-05,0.0004463,0.5306,4080.0
202405060949,2024,2024-05,1.551e-05,0.00892,840.0
202405062158,2024,2024-05,4.339e-05,0.1224,4080.0
202405070041,2024,2024-05,2.665e-05,0.05556,2460.0
202405070559,2024,2024-05,5.178e-05,0.0507,1620.0
202405070818,2024,2024-05,1.336e-05,0.01485,1260.0
202405071140,2024,2024-05,2.467e-05,0.02138,1200.0
202405071243,2024,2024-05,1.592e-05,0.008812,900.0
202405071332,2024,2024-05,1.052e-05,0.004838,300.0
202405071621,2024,2024-05,8.293e-05,0.02981,840.0
202405071957,2024,2024-05,2.147e-05,0.0264,2160.0
202405072142,2024,2024-05,3.276e-05,0.05055,1500.0
202405080138,2024,2024-05,0.0001065,0.04525,540.0
202405080216,2024,2024-05,3.434e-05,0.02863,1140.0
202405080338,2024,2024-05,1.975e-05,0.009761,420.0
202405080437,2024,2024-05,0.0001025,0.245,3300.0
202405080644,2024,2024-05,7.174e-05,0.05671,1080.0
202405080729,2024,2024-05,4.514e-05,0.05148,1380.0
202405080931,2024,2024-05,1.887e-05,0.01178,600.0
202405080943,2024,2024-05,2.122e-05,0.01593,720.0
202405081126,2024,2024-05,8.686e-05,0.1864,3000.0
202405081732,2024,2024-05,7.919e-05,0.05753,1620.0
202405081814,2024,2024-05,2.987e-05,0.05197,2160.0
202405081915,2024,2024-05,2.062e-05,0.01619,780.0
202405082027,2024,2024-05,1.781e-05,0.01182,660.0
202405082205,2024,2024-05,9.874e-05,0.2179,2340.0
202405090323,2024,2024-05,4.573e-05,0.05265,1260.0
202405090444,2024,2024-05,1.743e-05,0.009411,600.0
202405090624,2024,2024-05,2.489e-05,0.01029,360.0
202405090845,2024,2024-05,0.0002222,0.4371,3000.0
202405091152,2024,2024-05,3.115e-05,0.01434,540.0
202405091205,2024,2024-05,2.999e-05,0.02426,840.0
202405091316,2024,2024-05,3.771e-05,0.01879,720.0
202405091723,2024,2024-05,0.0001106,0.159,2220.0
202405092115,2024,2024-05,1.047e-05,0.005885,540.0
202405092224,2024,2024-05,2.697e-05,0.0235,1320.0
202405092304,2024,2024-05,1.261e-05,0.006653,480.0
202405092344,2024,2024-05,1.596e-05,0.007386,540.0
202405100010,2024,2024-05,1.389e-05,0.009609,660.0
202405100315,2024,2024-05,1.451e-05,0.01744,1440.0
202405100627,2024,2024-05,0.0003929,0.437,2280.0
202405101010,2024,2024-05,2.295e-05,0.009979,480.0
202405101358,2024,2024-05,5.969e-05,0.05608,1440.0
202405101857,2024,2024-05,2.022e-05,0.01534,720.0
202405101956,2024,2024-05,1.949e-05,0.02239,1260.0
202405102059,2024,2024-05,3.835e-05,0.01785,720.0
202405110110,2024,2024-05,0.0005821,0.6302,1680.0
202405111003,2024,2024-05,3.113e-05,0.04581,1800.0
202405111053,2024,2024-05,1.646e-05,0.006244,360.0
202405111115,2024,2024-05,0.0001515,0.2612,2940.0
202405111345,2024,2024-05,1.798e-05,0.02126,1320.0
202405111446,2024,2024-05,8.87e-05,0.199,3900.0
202405112032,2024,2024-05,1.236e-05,0.00801,840.0
202405120041,2024,2024-05,3.239e-05,0.01589,600.0
202405120537,2024,2024-05,2.421e-05,0.02914,1680.0
202405121227,2024,2024-05,1.674e-05,0.01923,1560.0
202405121349,2024,2024-05,1.559e-05,0.01555,1080.0
202405121611,2024,2024-05,0.0001009,0.09618,1560.0
202405122017,2024,2024-05,4.887e-05,0.05647,1860.0
202405122201,2024,2024-05,1.156e-05,0.006196,540.0
202405122214,2024,2024-05,1.127e-05,0.006337,540.0
202405122300,2024,2024-05,1.001e-05,0.005507,720.0
202405130123,2024,2024-05,1.257e-05,0.008768,840.0
202405130823,2024,2024-05,1.464e-05,0.008955,540.0
202405130936,2024,2024-05,6.655e-05,0.1403,2280.0
202405131256,2024,2024-05,3.717e-05,0.0464,1560.0
202405131732,2024,2024-05,1.078e-05,0.02946,3000.0
202405132148,2024,2024-05,1.599e-05,0.01186,1080.0
202405140203,2024,2024-05,0.0001697,0.1119,900.0
202405141240,2024,2024-05,0.0001231,0.1014,1440.0
202405141646,2024,2024-05,0.0008688,0.5559,900.0
202405141725,2024,2024-05,4.473e-05,0.1241,3120.0
202405150818,2024,2024-05,0.0003438,0.3407,1980.0
202405151420,2024,2024-05,0.0002948,0.3591,1800.0
202405160750,2024,2024-05,1.043e-05,0.008422,1140.0
202405172033,2024,2024-05,7.255e-05,0.1045,3120.0
202405191337,2024,2024-05,1.913e-05,0.004544,540.0
202405191747,2024,2024-05,2.539e-05,0.007235,720.0
202405192153,2024,2024-05,1.63e-05,0.006407,540.0
202405211919,2024,2024-05,1.975e-05,0.01113,1140.0
202405220302,2024,2024-05,1.518e-05,0.01062,1200.0
202405220338,2024,2024-05,2.318e-05,0.03932,2580.0
202405221351,2024,2024-05,1.232e-05,0.01029,1200.0
202405230205,2024,2024-05,4.23e-05,0.0316,1200.0
202405230403,2024,2024-05,1.736e-05,0.0404,3000.0
202405231003,2024,2024-05,1e-05,0.005916,600.0
202405231248,2024,2024-05,2.565e-05,0.05824,3300.0
202405231553,2024,2024-05,1.079e-05,0.005045,540.0
202405240628,2024,2024-05,1.45e-05,0.03072,3120.0
202405240808,2024,2024-05,1.308e-05,0.01864,1560.0
202405242005,2024,2024-05,1.422e-05,0.01573,1800.0
202405270649,2024,2024-05,0.000286,0.3286,2100.0
202405290057,2024,2024-05,1.302e-05,0.008281,840.0
202405290633,2024,2024-05,1.469e-05,0.01725,1440.0
202405291109,2024,2024-05,1.884e-05,0.009944,960.0
202405291245,2024,2024-05,2.566e-05,0.01692,1200.0
202405291411,2024,2024-05,0.0001425,0.5456,5220.0
202405291832,2024,2024-05,5.731e-05,0.03202,720.0
202405300649,2024,2024-05,1.092e-05,0.0256,3360.0
202405311106,2024,2024-05,1.082e-05,0.009044,1380.0
202405312152,2024,2024-05,0.0001166,0.04512,960.0
202406010826,2024,2024-06,0.0001407,0.09095,1860.0
202406011824,2024,2024-06,0.0001011,0.08329,1500.0
202406020441,2024,2024-06,1.221e-05,0.01288,1380.0
202406020840,2024,2024-06,2.011e-05,0.009603,900.0
202406030459,2024,2024-06,1.046e-05,0.01181,1620.0
202406031149,2024,2024-06,3.247e-05,0.01302,600.0
202406031218,2024,2024-06,2.82e-05,0.00936,660.0
202406031358,2024,2024-06,4.813e-05,0.04366,1440.0
202406040609,2024,2024-06,2.45e-05,0.04217,2460.0
202406040857,2024,2024-06,1.68e-05,0.005164,540.0
202406050832,2024,2024-06,3.497e-05,0.0458,2460.0
202406050952,2024,2024-06,2.626e-05,0.02895,1440.0
202406061450,2024,2024-06,6.118e-05,0.06657,1860.0
202406070852,2024,2024-06,4.054e-05,0.0598,2220.0
202406071611,2024,2024-06,1.273e-05,0.02003,1800.0
202406080018,2024,2024-06,1.85e-05,0.009752,960.0
202406080039,2024,2024-06,3.398e-05,0.0235,1020.0
202406080123,2024,2024-06,9.754e-05,0.2346,3300.0
202406080517,2024,2024-06,1.52e-05,0.01298,1200.0
202406080854,2024,2024-06,1.218e-05,0.005725,420.0
202406082053,2024,2024-06,1.002e-05,0.00509,780.0
202406090649,2024,2024-06,1.657e-05,0.0166,1560.0
202406090802,2024,2024-06,1.228e-05,0.01781,1740.0
202406091950,2024,2024-06,1.03e-05,0.01759,2280.0
202406100558,2024,2024-06,3.308e-05,0.02104,1020.0
202406101103,2024,2024-06,0.000153,0.1068,840.0
202406101320,2024,2024-06,1.381e-05,0.00946,840.0
202406101811,2024,2024-06,9.557e-05,0.2492,3960.0
202406122224,2024,2024-06,1.205e-05,0.03491,4200.0
202406131634,2024,2024-06,3.222e-05,0.02449,1200.0
202406140414,2024,2024-06,2.461e-05,0.02302,1680.0
202406170754,2024,2024-06,1.564e-05,0.01555,1260.0
202406171042,2024,2024-06,1.564e-05,0.004051,420.0
202406171957,2024,2024-06,1.381e-05,0.03388,3480.0
202406181114,2024,2024-06,2.401e-05,0.01745,1080.0
202406181211,2024,2024-06,1.181e-05,0.008926,840.0
202406190615,2024,2024-06,1.181e-05,0.02077,2520.0
202406201509,2024,2024-06,1.111e-05,0.004712,660.0
202406202300,2024,2024-06,5.756e-05,0.01528,1080.0
202406220422,2024,2024-06,1.274e-05,0.01508,1440.0
202406220843,2024,2024-06,2.851e-05,0.0259,1440.0
202406221100,2024,2024-06,1.073e-05,0.005282,480.0
202406230616,2024,2024-06,2.403e-05,0.03207,1860.0
202406231126,2024,2024-06,1.252e-05,0.01377,1380.0
202406231251,2024,2024-06,9.359e-05,0.06171,1140.0
202406240408,2024,2024-06,1.388e-05,0.01139,840.0
202406240445,2024,2024-06,1.88e-05,0.01018,600.0
202406241144,2024,2024-06,1.538e-05,0.006752,480.0
202406241902,2024,2024-06,1.147e-05,0.004596,660.0
202406251226,2024,2024-06,1.024e-05,0.0186,2340.0
202407011051,2024,2024-07,2.169e-05,0.007987,900.0
202407030729,2024,2024-07,1.545e-05,0.01312,1500.0
202407041406,2024,2024-07,1.044e-05,0.01615,2160.0
202407041954,2024,2024-07,1.415e-05,0.0101,1080.0
202407071938,2024,2024-07,1.089e-05,0.01439,1860.0
202407072154,2024,2024-07,1.493e-05,0.008752,540.0
202407081234,2024,2024-07,1.15e-05,0.004608,660.0
202407100544,2024,2024-07,1.565e-05,0.01351,1440.0
202407100926,2024,2024-07,1.312e-05,0.01817,1560.0
202407101145,2024,2024-07,1.435e-05,0.01889,1860.0
202407101251,2024,2024-07,1.195e-05,0.01148,1260.0
202407101525,2024,2024-07,1.012e-05,0.009539,1200.0
202407110403,2024,2024-07,1.229e-05,0.0207,1980.0
202407110617,2024,2024-07,1.211e-05,0.009915,840.0
202407130255,2024,2024-07,1.428e-05,0.02363,2400.0
202407131221,2024,2024-07,5.352e-05,0.07627,2160.0
202407131541,2024,2024-07,1.956e-05,0.008713,360.0
202407131925,2024,2024-07,1.026e-05,0.003502,480.0
202407132244,2024,2024-07,5.072e-05,0.04249,1620.0
202407140105,2024,2024-07,1.766e-05,0.02015,1500.0
202407140223,2024,2024-07,0.0001254,0.09507,1500.0
202407140405,2024,2024-07,3.052e-05,0.01429,720.0
202407141016,2024,2024-07,1.012e-05,0.003992,360.0
202407142050,2024,2024-07,1.047e-05,0.006402,720.0
202407150329,2024,2024-07,1.284e-05,0.01417,1500.0
202407151008,2024,2024-07,1.922e-05,0.01272,600.0
202407160249,2024,2024-07,1.408e-05,0.02003,1920.0
202407160724,2024,2024-07,3.68e-05,0.03225,1500.0
202407161311,2024,2024-07,0.000197,0.143,1440.0
202407162106,2024,2024-07,1.62e-05,0.02026,1740.0
202407162146,2024,2024-07,1.907e-05,0.02491,1800.0
202407170701,2024,2024-07,3.483e-05,0.02579,660.0
202407170926,2024,2024-07,1.245e-05,0.02875,2580.0
202407171953,2024,2024-07,2e-05,0.01178,600.0
202407181020,2024,2024-07,2.031e-05,0.01348,600.0
202407190813,2024,2024-07,3.207e-05,0.01959,960.0
202407191753,2024,2024-07,2.05e-05,0.0216,1860.0
202407192244,2024,2024-07,1.014e-05,0.01271,1260.0
202407200710,2024,2024-07,1.871e-05,0.006791,780.0
202407201836,2024,2024-07,1.55e-05,0.01696,1500.0
202407210346,2024,2024-07,1.459e-05,0.007021,720.0
202407210828,2024,2024-07,1.514e-05,0.007684,720.0
202407211618,2024,2024-07,1.02e-05,0.01972,2400.0
202407212321,2024,2024-07,3.252e-05,0.01244,720.0
202407220327,2024,2024-07,1.411e-05,0.004005,540.0
202407220355,2024,2024-07,3.97e-05,0.008339,660.0
202407220414,2024,2024-07,1.942e-05,0.01819,1680.0
202407220931,2024,2024-07,1.47e-05,0.006031,480.0
202407221247,2024,2024-07,1.552e-05,0.00984,960.0
202407231349,2024,2024-07,2.456e-05,0.07767,4740.0
202407240728,2024,2024-07,3.645e-05,0.02357,1260.0
202407241707,2024,2024-07,3.03e-05,0.01655,1140.0
202407251527,2024,2024-07,1.356e-05,0.007118,900.0
202407260430,2024,2024-07,1.724e-05,0.0097,1200.0
202407270221,2024,2024-07,4.209e-05,0.02985,1380.0
202407270513,2024,2024-07,3.108e-05,0.0743,3840.0
202407271016,2024,2024-07,2.042e-05,0.04224,2940.0
202407271750,2024,2024-07,2.747e-05,0.02595,1560.0
202407271824,2024,2024-07,3.495e-05,0.04061,1560.0
202407280153,2024,2024-07,9.906e-05,0.04673,420.0
202407280337,2024,2024-07,1.579e-05,0.02182,1500.0
202407281027,2024,2024-07,7.79e-05,0.07197,1560.0
202407281243,2024,2024-07,2.645e-05,0.0145,660.0
202407281808,2024,2024-07,1.332e-05,0.01839,1860.0
202407282025,2024,2024-07,1.935e-05,0.01648,1380.0
202407290233,2024,2024-07,0.0001544,0.06599,540.0
202407290510,2024,2024-07,1.083e-05,0.009317,1020.0
202407291216,2024,2024-07,1.64e-05,0.0103,720.0
202407291247,2024,2024-07,8.775e-05,0.05374,960.0
202407291404,2024,2024-07,4.279e-05,0.09985,3840.0
202407291940,2024,2024-07,6.408e-05,0.07139,1740.0
202407292055,2024,2024-07,1.136e-05,0.007238,600.0
202407300130,2024,2024-07,1.329e-05,0.005314,240.0
202407300135,2024,2024-07,1.436e-05,0.007806,420.0
202407300616,2024,2024-07,1.553e-05,0.01861,1740.0
202407301612,2024,2024-07,1.528e-05,0.01925,1740.0
202407301910,2024,2024-07,1.992e-05,0.008479,840.0
202407301925,2024,2024-07,9.515e-05,0.1615,2280.0
202407310143,2024,2024-07,1.967e-05,0.007377,600.0
202407310507,2024,2024-07,4.797e-05,0.04651,1800.0
202407310628,2024,2024-07,7.752e-05,0.08064,1740.0
202407311326,2024,2024-07,4.428e-05,0.03117,600.0
202407311610,2024,2024-07,1.427e-05,0.01771,1800.0
202407311807,2024,2024-07,5.45e-05,0.1134,2940.0
202407312136,2024,2024-07,1.271e-05,0.01963,1980.0
202407312243,2024,2024-07,1.035e-05,0.008676,900.0
202408010050,2024,2024-08,1.259e-05,0.00822,720.0
202408010147,2024,2024-08,6.307e-05,0.02072,360.0
202408010258,2024,2024-08,1.219e-05,0.009638,900.0
202408010359,2024,2024-08,1.911e-05,0.02194,1380.0
202408010435,2024,2024-08,4.009e-05,0.01258,480.0
202408010552,2024,2024-08,1.531e-05,0.007022,420.0
202408010623,2024,2024-08,8.239e-05,0.2013,4500.0
202408011141,2024,2024-08,4.177e-05,0.02732,480.0
202408011604,2024,2024-08,1.095e-05,0.008572,840.0
202408011644,2024,2024-08,1.638e-05,0.006887,360.0
202408011722,2024,2024-08,1.365e-05,0.0071,660.0
202408012012,2024,2024-08,1.206e-05,0.01087,1140.0
202408012300,2024,2024-08,1.405e-05,0.01142,960.0
202408020153,2024,2024-08,1.015e-05,0.007793,840.0
202408020317,2024,2024-08,1.153e-05,0.008453,780.0
202408020353,2024,2024-08,1.16e-05,0.005772,540.0
202408020423,2024,2024-08,7.434e-05,0.2281,4260.0
202408020751,2024,2024-08,2.162e-05,0.01037,660.0
202408020908,2024,2024-08,1.222e-05,0.01175,1140.0
202408020945,2024,2024-08,1.616e-05,0.008055,540.0
202408021228,2024,2024-08,1.268e-05,0.005833,540.0
202408021344,2024,2024-08,1.109e-05,0.008652,900.0
202408021521,2024,2024-08,1.554e-05,0.009122,780.0
202408030022,2024,2024-08,1.029e-05,0.006571,540.0
202408030445,2024,2024-08,1.505e-05,0.01136,1140.0
202408030711,2024,2024-08,1.929e-05,0.02342,1320.0
202408031326,2024,2024-08,1.849e-05,0.0188,1680.0
202408031649,2024,2024-08,2.887e-05,0.007912,420.0
202408031713,2024,2024-08,1.918e-05,0.01375,1200.0
202408031829,2024,2024-08,7.302e-05,0.02619,840.0
202408031917,2024,2024-08,5.458e-05,0.06049,1500.0
202408040145,2024,2024-08,1.499e-05,0.02138,1860.0
202408041003,2024,2024-08,1.425e-05,0.007728,480.0
202408041027,2024,2024-08,1.977e-05,0.05974,3360.0
202408041511,2024,2024-08,2.223e-05,0.006998,420.0
202408042204,2024,2024-08,1.032e-05,0.004457,600.0
202408050222,2024,2024-08,1.18e-05,0.005508,720.0
202408050513,2024,2024-08,6.144e-05,0.01823,780.0
202408050949,2024,2024-08,1.722e-05,0.01233,1140.0
202408051324,2024,2024-08,0.0001709,0.1882,1740.0
202408051518,2024,2024-08,0.0001154,0.03986,780.0
202408051756,2024,2024-08,1.003e-05,0.006106,720.0
202408051820,2024,2024-08,1.267e-05,0.01072,1260.0
202408060250,2024,2024-08,1.191e-05,0.007992,1020.0
202408070221,2024,2024-08,1.893e-05,0.01448,960.0
202408070452,2024,2024-08,1.129e-05,0.003779,420.0
202408071330,2024,2024-08,4.548e-05,0.0319,1620.0
202408071831,2024,2024-08,5.017e-05,0.06692,2160.0
202408080049,2024,2024-08,2.135e-05,0.02227,1500.0
202408081126,2024,2024-08,1.669e-05,0.01849,1440.0
202408081256,2024,2024-08,1.095e-05,0.004657,420.0
202408081336,2024,2024-08,1.55e-05,0.01059,900.0
202408081901,2024,2024-08,0.0001286,0.2094,3360.0
202408082246,2024,2024-08,1.214e-05,0.005433,540.0
202408091156,2024,2024-08,1.447e-05,0.0107,960.0
202408091251,2024,2024-08,1.007e-05,0.007331,600.0
202408092027,2024,2024-08,1.04e-05,0.0165,1920.0
202408092110,2024,2024-08,4.551e-05,0.06708,2340.0
202408092343,2024,2024-08,1.162e-05,0.006406,660.0
202408100052,2024,2024-08,1.372e-05,0.00836,840.0
202408100214,2024,2024-08,5.301e-05,0.07175,2220.0
202408100403,2024,2024-08,1.673e-05,0.01413,1020.0
202408101511,2024,2024-08,1.234e-05,0.006113,480.0
202408110022,2024,2024-08,1.084e-05,0.01393,1380.0
202408110523,2024,2024-08,1.634e-05,0.009313,780.0
202408111957,2024,2024-08,1.653e-05,0.02973,2280.0
202408112340,2024,2024-08,1.257e-05,0.02565,2700.0
202408122247,2024,2024-08,1.235e-05,0.007776,960.0
202408131725,2024,2024-08,1.099e-05,0.004343,480.0
202408132238,2024,2024-08,1.315e-05,0.0127,1080.0
202408132326,2024,2024-08,4.225e-05,0.07115,2340.0
202408140333,2024,2024-08,4.442e-05,0.09543,3180.0
202408140600,2024,2024-08,0.0001096,0.2432,4020.0
202408141316,2024,2024-08,1.083e-05,0.01263,1260.0
202408141539,2024,2024-08,5.323e-05,0.03027,1020.0
202408150335,2024,2024-08,1.132e-05,0.009689,1200.0
202408161313,2024,2024-08,1.331e-05,0.0137,1260.0
202408171024,2024,2024-08,1.647e-05,0.01235,1020.0
202408171122,2024,2024-08,1.159e-05,0.01869,1980.0
202408172157,2024,2024-08,1.414e-05,0.01375,960.0
202408180150,2024,2024-08,2.411e-05,0.01815,1260.0
202408180407,2024,2024-08,1.14e-05,0.01373,1380.0
202408180715,2024,2024-08,1.269e-05,0.01529,1680.0
202408182052,2024,2024-08,1.354e-05,0.01998,1740.0
202408182346,2024,2024-08,1.427e-05,0.01484,1560.0
202408190928,2024,2024-08,1.369e-05,0.004797,660.0
202408192141,2024,2024-08,3.72e-05,0.02595,1200.0
202408200437,2024,2024-08,1.205e-05,0.01009,960.0
202408201706,2024,2024-08,1.338e-05,0.00378,300.0
202408210553,2024,2024-08,1.127e-05,0.009745,1020.0
202408212159,2024,2024-08,5.155e-05,0.03287,1020.0
202408221032,2024,2024-08,1.588e-05,0.009956,840.0
202408230331,2024,2024-08,3.457e-05,0.01135,780.0
202408230412,2024,2024-08,1.024e-05,0.005532,660.0
202408231350,2024,2024-08,1.708e-05,0.01263,1140.0
202408231452,2024,2024-08,1.777e-05,0.01479,1200.0
202408231633,2024,2024-08,1.169e-05,0.01607,1560.0
202408231939,2024,2024-08,3.422e-05,0.01484,540.0
202408232008,2024,2024-08,5.184e-05,0.02095,540.0
202408240002,2024,2024-08,1.615e-05,0.008679,1020.0
202408241917,2024,2024-08,1.493e-05,0.01344,1020.0
202408242128,2024,2024-08,1.398e-05,0.01202,1560.0
202408242318,2024,2024-08,1.663e-05,0.009148,780.0
202408261128,2024,2024-08,1.447e-05,0.01454,1380.0
202408270930,2024,2024-08,1.146e-05,0.01655,1500.0
202408300200,2024,2024-08,1.24e-05,0.007716,780.0
202408301213,2024,2024-08,3.871e-05,0.01217,660.0
202408310038,2024,2024-08,1.117e-05,0.007852,900.0
202408310226,2024,2024-08,1.23e-05,0.01217,1260.0
202408310852,2024,2024-08,1.231e-05,0.01114,960.0
202408311250,2024,2024-08,1.888e-05,0.01645,1200.0
202409010747,2024,2024-09,1.428e-05,0.009578,1080.0
202409011328,2024,2024-09,5.555e-05,0.02657,360.0
202409011955,2024,2024-09,1.125e-05,0.00919,900.0
202409012237,2024,2024-09,1.533e-05,0.01301,1140.0
202409020518,2024,2024-09,1.93e-05,0.02575,1800.0
202409021333,2024,2024-09,2.977e-05,0.03201,1140.0
202409021957,2024,2024-09,1.442e-05,0.0216,1800.0
202409022056,2024,2024-09,1.814e-05,0.01136,780.0
202409022235,2024,2024-09,1.572e-05,0.03866,3240.0
202409030712,2024,2024-09,1.499e-05,0.01612,1560.0
202409031608,2024,2024-09,2.987e-05,0.01894,600.0
202409040243,2024,2024-09,1.478e-05,0.01839,1620.0
202409040449,2024,2024-09,1.256e-05,0.01095,900.0
202409040607,2024,2024-09,1.065e-05,0.005882,480.0
202409041308,2024,2024-09,1.026e-05,0.008103,1080.0
202409041941,2024,2024-09,1.222e-05,0.02311,2040.0
202409050017,2024,2024-09,1.082e-05,0.004076,360.0
202409050337,2024,2024-09,1.098e-05,0.007351,660.0
202409050847,2024,2024-09,2.842e-05,0.01282,780.0
202409050926,2024,2024-09,1.601e-05,0.01978,1500.0
202409051320,2024,2024-09,1.372e-05,0.009535,840.0
202409081507,2024,2024-09,1.553e-05,0.03084,2880.0
202409090540,2024,2024-09,1.886e-05,0.01898,1020.0
202409090841,2024,2024-09,1.514e-05,0.01758,1200.0
202409091211,2024,2024-09,1.055e-05,0.00732,720.0
202409101534,2024,2024-09,1.607e-05,0.01822,1620.0
202409102338,2024,2024-09,1.08e-05,0.007139,1080.0
202409111227,2024,2024-09,1.837e-05,0.01383,1140.0
202409111524,2024,2024-09,1.881e-05,0.01382,720.0
202409111716,2024,2024-09,1.615e-05,0.00857,900.0
202409111745,2024,2024-09,2.079e-05,0.01339,840.0
202409112349,2024,2024-09,5.035e-05,0.07265,2520.0
202409120355,2024,2024-09,1.098e-05,0.007817,900.0
202409120426,2024,2024-09,1.226e-05,0.006998,720.0
202409120604,2024,2024-09,2.759e-05,0.02431,1440.0
202409120931,2024,2024-09,0.0001282,0.07535,1140.0
202409121313,2024,2024-09,1.213e-05,0.01232,1080.0
202409121431,2024,2024-09,6.873e-05,0.02122,900.0
202409121456,2024,2024-09,1.669e-05,0.02181,1380.0
202409130129,2024,2024-09,1.663e-05,0.02003,1380.0
202409131456,2024,2024-09,1.29e-05,0.02422,2160.0
202409131749,2024,2024-09,1.426e-05,0.009225,780.0
202409132041,2024,2024-09,1.129e-05,0.008286,780.0
202409140726,2024,2024-09,3.067e-05,0.02967,1560.0
202409141513,2024,2024-09,0.0004477,0.5738,1980.0
202409222112,2024,2024-09,3.767e-05,0.0709,3120.0
202409231423,2024,2024-09,1.351e-05,0.04114,4200.0
202409252257,2024,2024-09,1.331e-05,0.01202,1500.0
202409262258,2024,2024-09,1.448e-05,0.01104,1260.0
202409291249,2024,2024-09,1.051e-05,0.004886,480.0
202409291431,2024,2024-09,1.765e-05,0.01635,840.0
202409302337,2024,2024-09,7.685e-05,0.1299,2700.0
202410011852,2024,2024-10,1.503e-05,0.0335,2640.0
202410012158,2024,2024-10,0.0007061,0.5087,1800.0
202410020231,2024,2024-10,1.264e-05,0.006257,600.0
202410020507,2024,2024-10,1.072e-05,0.004881,660.0
202410020530,2024,2024-10,3.649e-05,0.02209,900.0
202410020619,2024,2024-10,1.157e-05,0.004799,420.0
202410021322,2024,2024-10,3.207e-05,0.04591,2100.0
202410022027,2024,2024-10,3.303e-05,0.05923,2280.0
202410030223,2024,2024-10,1.139e-05,0.01416,1440.0
202410030322,2024,2024-10,1.535e-05,0.0283,2160.0
202410030830,2024,2024-10,1.527e-05,0.01079,600.0
202410031208,2024,2024-10,0.0008943,0.4529,1080.0
202410031718,2024,2024-10,1.585e-05,0.008372,480.0
202410032003,2024,2024-10,1.097e-05,0.004587,360.0
202410032009,2024,2024-10,6.705e-05,0.07766,1800.0
202410032139,2024,2024-10,2.31e-05,0.009737,480.0
202410032324,2024,2024-10,1.119e-05,0.004748,360.0
202410040009,2024,2024-10,1.217e-05,0.01104,900.0
202410040435,2024,2024-10,4.051e-05,0.05062,1920.0
202410041058,2024,2024-10,1.241e-05,0.01121,1020.0
202410042055,2024,2024-10,1.199e-05,0.01103,1020.0
202410042204,2024,2024-10,1.228e-05,0.008097,780.0
202410050007,2024,2024-10,1.093e-05,0.006582,660.0
202410050347,2024,2024-10,1.035e-05,0.02694,2820.0
202410050837,2024,2024-10,1.65e-05,0.01251,720.0
202410052033,2024,2024-10,1.145e-05,0.007632,720.0
202410052310,2024,2024-10,2.477e-05,0.01773,1020.0
202410060009,2024,2024-10,1.068e-05,0.01136,1140.0
202410061514,2024,2024-10,1.327e-05,0.005992,540.0
202410061641,2024,2024-10,1.099e-05,0.005485,540.0
202410061852,2024,2024-10,1.401e-05,0.006518,660.0
202410062052,2024,2024-10,1.572e-05,0.03996,3240.0
202410071902,2024,2024-10,0.0002162,0.2431,1680.0
202410080843,2024,2024-10,1.26e-05,0.007695,780.0
202410090125,2024,2024-10,0.0001816,0.4955,4680.0
202410090541,2024,2024-10,1.643e-05,0.01964,1200.0
202410091544,2024,2024-10,0.0001411,0.0547,480.0
202410092259,2024,2024-10,7.772e-05,0.05196,1260.0
202410101210,2024,2024-10,1.164e-05,0.009602,660.0
202410101651,2024,2024-10,1.068e-05,0.01037,1200.0
202410102154,2024,2024-10,3.013e-05,0.09778,4500.0
202410111607,2024,2024-10,2.137e-05,0.04565,2280.0
202410140004,2024,2024-10,3.424e-05,0.03423,1560.0
202410141322,2024,2024-10,1.82e-05,0.01749,1620.0
202410150223,2024,2024-10,1.161e-05,0.006025,360.0
202410151000,2024,2024-10,1.307e-05,0.0046,540.0
202410151800,2024,2024-10,1.76e-05,0.01651,1620.0
202410151828,2024,2024-10,2.119e-05,0.009878,540.0
202410160338,2024,2024-10,3.741e-05,0.03836,1200.0
202410160457,2024,2024-10,2.838e-05,0.0292,1860.0
202410161312,2024,2024-10,1.551e-05,0.01476,1500.0
202410161451,2024,2024-10,1.36e-05,0.01052,660.0
202410170212,2024,2024-10,1.035e-05,0.01037,1500.0
202410170453,2024,2024-10,2.438e-05,0.01511,1140.0
202410181728,2024,2024-10,1.172e-05,0.004983,720.0
202410181927,2024,2024-10,4.9e-05,0.01915,900.0
202410182313,2024,2024-10,4.765e-05,0.02857,1440.0
202410190648,2024,2024-10,6.522e-05,0.03159,840.0
202410191427,2024,2024-10,1.732e-05,0.00632,720.0
202410240330,2024,2024-10,0.0003288,0.6865,3360.0
202410241022,2024,2024-10,1.24e-05,0.00683,660.0
202410250723,2024,2024-10,1.157e-05,0.005031,840.0
202410260632,2024,2024-10,0.0001836,0.7577,4920.0
202410261157,2024,2024-10,2.872e-05,0.02752,960.0
202410261404,2024,2024-10,1.679e-05,0.02243,1500.0
202410272305,2024,2024-10,2.863e-05,0.0392,2280.0
202410280359,2024,2024-10,1.342e-05,0.01027,960.0
202410281441,2024,2024-10,1.248e-05,0.004801,360.0
202410281613,2024,2024-10,4.248e-05,0.04801,1800.0
202410291621,2024,2024-10,1.185e-05,0.0113,1140.0
202410302029,2024,2024-10,7.242e-05,0.1119,2640.0
202410310323,2024,2024-10,1.081e-05,0.008546,780.0
202410310922,2024,2024-10,1.399e-05,0.01975,1920.0
202410311241,2024,2024-10,2.429e-05,0.018,1260.0
202410311346,2024,2024-10,1.297e-05,0.0142,1440.0
202410311857,2024,2024-10,1.036e-05,0.0103,1200.0
202410312112,2024,2024-10,0.0002003,0.117,840.0
202411010205,2024,2024-11,1.386e-05,0.006754,840.0
202411010946,2024,2024-11,1.091e-05,0.04349,4860.0
202411011239,2024,2024-11,1.347e-05,0.01359,1200.0
202411011418,2024,2024-11,2.06e-05,0.02004,1380.0
202411020727,2024,2024-11,1.097e-05,0.01305,1500.0
202411020813,2024,2024-11,1.256e-05,0.01874,1860.0
202411030302,2024,2024-11,1.142e-05,0.005356,780.0
202411030839,2024,2024-11,1.17e-05,0.01825,1860.0
202411031511,2024,2024-11,1.413e-05,0.01271,1020.0
202411031738,2024,2024-11,1.335e-05,0.008633,1140.0
202411040052,2024,2024-11,1.574e-05,0.006623,540.0
202411040338,2024,2024-11,1.152e-05,0.008543,840.0
202411040406,2024,2024-11,1.023e-05,0.0081,960.0
202411040431,2024,2024-11,1.409e-05,0.004432,300.0
202411040702,2024,2024-11,1.36e-05,0.01124,1080.0
202411040829,2024,2024-11,1.214e-05,0.00995,1020.0
202411041007,2024,2024-11,1.671e-05,0.01245,1020.0
202411041405,2024,2024-11,1.152e-05,0.02199,2640.0
202411041500,2024,2024-11,1.315e-05,0.006455,600.0
202411041526,2024,2024-11,3.727e-05,0.03393,1080.0
202411050635,2024,2024-11,2.662e-05,0.03191,1920.0
202411050911,2024,2024-11,1.007e-05,0.01802,2220.0
202411051328,2024,2024-11,1.241e-05,0.01479,1500.0
202411051358,2024,2024-11,2.924e-05,0.03332,1680.0
202411051505,2024,2024-11,4.19e-05,0.06248,2220.0
202411060228,2024,2024-11,1.124e-05,0.01047,1020.0
202411060302,2024,2024-11,1.234e-05,0.007279,660.0
202411060736,2024,2024-11,2.967e-05,0.05149,2760.0
202411060848,2024,2024-11,5.864e-05,0.01572,300.0
202411061156,2024,2024-11,1.6e-05,0.01035,780.0
202411061256,2024,2024-11,1.26e-05,0.009912,840.0
202411061324,2024,2024-11,0.0002359,0.07925,1260.0
202411061427,2024,2024-11,5.315e-05,0.04922,1020.0
202411061710,2024,2024-11,1.261e-05,0.009263,720.0
202411061853,2024,2024-11,1.159e-05,0.01338,1140.0
202411062035,2024,2024-11,1.314e-05,0.01164,960.0
202411062310,2024,2024-11,1.174e-05,0.008045,600.0
202411062342,2024,2024-11,1.622e-05,0.02707,1980.0
202411070115,2024,2024-11,2.567e-05,0.02407,1380.0
202411070352,2024,2024-11,2.503e-05,0.03346,2340.0
202411070720,2024,2024-11,1.354e-05,0.01091,900.0
202411070746,2024,2024-11,2.79e-05,0.02209,840.0
202411071153,2024,2024-11,1.415e-05,0.01085,1020.0
202411071449,2024,2024-11,2.32e-05,0.02375,1800.0
202411080253,2024,2024-11,1.506e-05,0.01168,1080.0
202411092044,2024,2024-11,1.278e-05,0.004198,480.0
202411100004,2024,2024-11,4.251e-05,0.02471,1080.0
202411101151,2024,2024-11,9.491e-05,0.05403,1320.0
202411102009,2024,2024-11,4.935e-05,0.0396,1440.0
202411110536,2024,2024-11,1.402e-05,0.01264,900.0
202411130011,2024,2024-11,1.033e-05,0.007461,1200.0
202411131657,2024,2024-11,1.772e-05,0.01055,1140.0
202411150136,2024,2024-11,1.136e-05,0.008942,1140.0
202411151204,2024,2024-11,1.035e-05,0.009061,1380.0
202411160126,2024,2024-11,1.633e-05,0.004412,780.0
202411180513,2024,2024-11,1.062e-05,0.004632,780.0
202411180725,2024,2024-11,1.79e-05,0.006378,600.0
202411180754,2024,2024-11,1.273e-05,0.003276,300.0
202411181041,2024,2024-11,2.565e-05,0.008901,1200.0
202411181119,2024,2024-11,1.562e-05,0.02294,1440.0
202411181242,2024,2024-11,3.709e-05,0.01569,840.0
202411181743,2024,2024-11,1.866e-05,0.006929,600.0
202411181845,2024,2024-11,2.049e-05,0.05541,3720.0
202411182350,2024,2024-11,1.128e-05,0.004783,780.0
202411201912,2024,2024-11,1.162e-05,0.04854,5400.0
202411221542,2024,2024-11,1.66e-05,0.005627,480.0
202411222126,2024,2024-11,1.089e-05,0.03055,3960.0
202411231554,2024,2024-11,1.168e-05,0.01424,1560.0
202411231749,2024,2024-11,1.13e-05,0.02278,2640.0
202411242011,2024,2024-11,1.106e-05,0.008384,1140.0
202411250139,2024,2024-11,1.137e-05,0.01454,1860.0
202411250439,2024,2024-11,1.807e-05,0.01166,1140.0
202411250724,2024,2024-11,9.446e-05,0.131,2280.0
202411251201,2024,2024-11,2.091e-05,0.008896,900.0
202411251658,2024,2024-11,1.526e-05,0.01459,1020.0
202411252024,2024,2024-11,1.937e-05,0.04719,3480.0
202412040952,2024,2024-12,2.395e-05,0.01198,900.0
202412042057,2024,2024-12,1.474e-05,0.01229,840.0
202412050656,2024,2024-12,1.071e-05,0.01638,2160.0
202412050812,2024,2024-12,1.12e-05,0.004179,600.0
202412051032,2024,2024-12,2.588e-05,0.01084,720.0
202412060907,2024,2024-12,1.219e-05,0.01831,2040.0
202412071300,2024,2024-12,2.374e-05,0.01201,840.0
202412072153,2024,2024-12,3.267e-05,0.03054,1920.0
202412080850,2024,2024-12,0.0002255,0.06963,1140.0
202412081600,2024,2024-12,1.541e-05,0.00954,1020.0
202412100636,2024,2024-12,6.457e-05,0.03326,1080.0
202412100703,2024,2024-12,1.443e-05,0.006898,600.0
202412101055,2024,2024-12,1.559e-05,0.008284,780.0
202412101754,2024,2024-12,1.642e-05,0.005638,480.0
202412110554,2024,2024-12,1.996e-05,0.007351,840.0
202412111003,2024,2024-12,2.795e-05,0.005747,360.0
202412111532,2024,2024-12,6.714e-05,0.04091,1380.0
202412121731,2024,2024-12,2.24e-05,0.01108,1080.0
202412122058,2024,2024-12,1.23e-05,0.005824,840.0
202412130311,2024,2024-12,1.021e-05,0.002843,600.0
202412131113,2024,2024-12,2.096e-05,0.009604,960.0
202412131415,2024,2024-12,1.074e-05,0.004479,900.0
202412152015,2024,2024-12,3.113e-05,0.007209,660.0
202412191021,2024,2024-12,1.651e-05,0.02283,2100.0
202412191526,2024,2024-12,3.809e-05,0.01257,720.0
202412191856,2024,2024-12,1.781e-05,0.00442,360.0
202412200720,2024,2024-12,2.125e-05,0.01203,840.0
202412201115,2024,2024-12,2.525e-05,0.005322,360.0
202412210033,2024,2024-12,1.979e-05,0.004674,480.0
202412220403,2024,2024-12,1.052e-05,0.00291,540.0
202412221406,2024,2024-12,1.105e-05,0.008026,960.0
202412222039,2024,2024-12,1.197e-05,0.005403,840.0
202412230624,2024,2024-12,1.092e-05,0.004097,540.0
202412231106,2024,2024-12,9.065e-05,0.02837,540.0
202412240014,2024,2024-12,4.791e-05,0.01658,540.0
202412240828,2024,2024-12,4.153e-05,0.01461,960.0
202412241402,2024,2024-12,1.159e-05,0.006084,660.0
202412241625,2024,2024-12,1.325e-05,0.008644,900.0
202412241820,2024,2024-12,1.101e-05,0.004303,540.0
202412242015,2024,2024-12,1.068e-05,0.0148,1500.0
202412242224,2024,2024-12,1.231e-05,0.01008,1020.0
202412250414,2024,2024-12,2.877e-05,0.02357,1440.0
202412250446,2024,2024-12,4.957e-05,0.01243,300.0
202412252359,2024,2024-12,3.104e-05,0.05132,3180.0
202412260252,2024,2024-12,7.412e-05,0.07274,1980.0
202412271527,2024,2024-12,1.258e-05,0.008262,1020.0
202412272029,2024,2024-12,3.337e-05,0.01649,660.0
202412281112,2024,2024-12,4.621e-05,0.03026,1080.0
202412281514,2024,2024-12,1.382e-05,0.00532,480.0
202412282204,2024,2024-12,1.246e-05,0.01053,1080.0
202412290239,2024,2024-12,1.402e-05,0.01027,780.0
202412290325,2024,2024-12,1.372e-05,0.01163,840.0
202412290356,2024,2024-12,1.234e-05,0.01234,1020.0
202412290418,2024,2024-12,2.059e-05,0.02803,1560.0
202412290512,2024,2024-12,3.221e-05,0.02694,1140.0
202412290541,2024,2024-12,3.55e-05,0.02689,960.0
202412290708,2024,2024-12,0.0001116,0.1216,1560.0
202412291026,2024,2024-12,2.702e-05,0.03672,1620.0
202412291215,2024,2024-12,1.709e-05,0.008862,780.0
202412291250,2024,2024-12,1.326e-05,0.006747,480.0
202412291502,2024,2024-12,7.225e-05,0.05792,1140.0
202412291656,2024,2024-12,3.374e-05,0.02919,1380.0
202412291758,2024,2024-12,1.506e-05,0.008744,540.0
202412291827,2024,2024-12,3.334e-05,0.0468,1800.0
202412292032,2024,2024-12,1.11e-05,0.006802,780.0
202412292157,2024,2024-12,1.914e-05,0.01702,900.0
202412292320,2024,2024-12,1.934e-05,0.01175,900.0
202412300033,2024,2024-12,1.744e-05,0.01698,1440.0
202412300250,2024,2024-12,1.797e-05,0.01242,1020.0
202412300401,2024,2024-12,0.0001601,0.1941,2160.0
202412300613,2024,2024-12,3.56e-05,0.04156,1560.0
202412300844,2024,2024-12,1.754e-05,0.0121,660.0
202412301000,2024,2024-12,1.773e-05,0.01358,1020.0
202412301434,2024,2024-12,3.559e-05,0.02144,1080.0
202412301645,2024,2024-12,5.071e-05,0.01894,900.0
202412301736,2024,2024-12,1.708e-05,0.01102,660.0
202412301827,2024,2024-12,1.774e-05,0.0171,900.0
202412302235,2024,2024-12,1.008e-05,0.007035,720.0
202412310450,2024,2024-12,1.02e-05,0.006579,900.0
202412312202,2024,2024-12,2.78e-05,0.05546,2100.0
202412312246,2024,2024-12,2.94e-05,0.01399,480.0
