scenario_id,replicate,chosen_family,center,selected_phi,nonparametric_phi,output_phi,population_output_phi
gaussian_half,0,student,1.2300755055779713,1.710449947830411,1.6976947436325616,1.729829455643708,1.7088808786615586
gaussian_half,0,student,1.8612097182041991,1.2686053066202416,1.3159188975982279,1.2418914105788452,1.255439724463775
gaussian_half,0,student,2.8161699013021884,0.9838587157725244,0.9193510065550438,1.0022500277746798,0.9972434242102274
gaussian_half,0,student,4.26110654561404,0.794332995992758,0.7786184008519829,0.7968233927203601,0.8117229808833885
gaussian_half,0,student,6.447419590941251,0.6659335732692637,0.7516878914937446,0.6843992413602765,0.6695877507346841
gaussian_half,0,student,9.75549870360324,0.5768194605148012,0.5367290598684393,0.5448064719221304,0.5571252410463674
gaussian_half,1,student,1.2300755055779713,1.7190552015624216,1.6702198069131817,1.7093565759460003,1.7088808786615586
gaussian_half,1,student,1.8612097182041991,1.2720407998646817,1.2908232045082058,1.2724192818520346,1.255439724463775
gaussian_half,1,student,2.8161699013021884,0.9834130300399688,0.986649559449692,1.0046897124216625,0.9972434242102274
gaussian_half,1,student,4.26110654561404,0.7915666318225472,0.9158236500611848,0.7944010810343491,0.8117229808833885
gaussian_half,1,student,6.447419590941251,0.6618719780800555,0.6267063317776643,0.6819662146545298,0.6695877507346841
gaussian_half,1,student,9.75549870360324,0.5720523586303254,0.5097774472900697,0.5371671340914244,0.5571252410463674
gaussian_half,2,common_shock,1.2300755055779713,1.6767186814453705,1.699822025911087,1.70735071844505,1.7088808786615586
gaussian_half,2,common_shock,1.8612097182041991,1.319234970373894,1.2281446831283906,1.2396787747737932,1.255439724463775
gaussian_half,2,common_shock,2.8161699013021884,1.0380769660959848,0.9988703738403565,1.0041409277117177,0.9972434242102274
gaussian_half,2,common_shock,4.26110654561404,0.8169256686267878,0.797445222938194,0.8267477188992696,0.8117229808833885
gaussian_half,2,common_shock,6.447419590941251,0.6429559942379641,0.6682980419289353,0.6867448988915557,0.6695877507346841
gaussian_half,2,common_shock,9.75549870360324,0.5060877192199987,0.6074196522530375,0.5353369612786154,0.5571252410463674
gaussian_half,3,gaussian,1.2300755055779713,1.69389963338776,1.7311283152320471,1.6842440415898319,1.7088808786615586
gaussian_half,3,gaussian,1.8612097182041991,1.2496494649532663,1.2363582997749354,1.2164198237057628,1.255439724463775
gaussian_half,3,gaussian,2.8161699013021884,0.9975480043300935,1.003480533591883,1.0153875971917299,0.9972434242102274
gaussian_half,3,gaussian,4.26110654561404,0.8161186793370301,0.7859241101586004,0.8382776009517597,0.8117229808833885
gaussian_half,3,gaussian,6.447419590941251,0.6767273949120972,0.6871854201963172,0.6909733743425653,0.6695877507346841
gaussian_half,3,gaussian,9.75549870360324,0.5660568230797531,0.5559233210462167,0.5546975622183503,0.5571252410463674
gaussian_half,4,gaussian,1.2300755055779713,1.7200579096160558,1.7852387733254498,1.7144891974258312,1.7088808786615586
gaussian_half,4,gaussian,1.8612097182041991,1.2598125486622498,1.2383352239183043,1.2561236291598918,1.255439724463775
gaussian_half,4,gaussian,2.8161699013021884,0.9969683890301392,0.9931602960012986,1.012596246807257,0.9972434242102274
gaussian_half,4,gaussian,4.26110654561404,0.8083758397868014,0.8327102894294942,0.818472717437685,0.8117229808833885
gaussian_half,4,gaussian,6.447419590941251,0.6642440705403416,0.6484390769730637,0.6329752261474861,0.6695877507346841
gaussian_half,4,gaussian,9.75549870360324,0.5505412423644126,0.5021163403523892,0.5653429830218488,0.5571252410463674
gaussian_half,5,gaussian,1.2300755055779713,1.7187263240452018,1.6883240225332175,1.6836802283336745,1.7088808786615586
gaussian_half,5,gaussian,1.8612097182041991,1.259291594799669,1.2251555233621096,1.26143661591994,1.255439724463775
gaussian_half,5,gaussian,2.8161699013021884,0.9970011575539083,0.9277984361033215,1.0024714722042127,0.9972434242102274
gaussian_half,5,gaussian,4.26110654561404,0.8087746033910348,0.8994626549338384,0.8146639338911523,0.8117229808833885
gaussian_half,5,gaussian,6.447419590941251,0.6648806916149288,0.645235712780784,0.6735154318078375,0.6695877507346841
gaussian_half,5,gaussian,9.75549870360324,0.5513256285952567,0.6140236502867298,0.564232317843183,0.5571252410463674
gaussian_half,6,gaussian,1.2300755055779713,1.6965821285885359,1.7253597005455699,1.7113982409821284,1.7088808786615586
gaussian_half,6,gaussian,1.8612097182041991,1.2506862604548743,1.1547318534270812,1.2760660086618474,1.255439724463775
gaussian_half,6,gaussian,2.8161699013021884,0.9974934701700447,1.0421875855163931,1.0073847524502597,0.9972434242102274
gaussian_half,6,gaussian,4.26110654561404,0.8153315977591962,0.8130608798315211,0.768880367374348,0.8117229808833885
gaussian_half,6,gaussian,6.447419590941251,0.675448987875054,0.7274629234425369,0.6669475741516394,0.6695877507346841
gaussian_half,6,gaussian,9.75549870360324,0.5644575551522953,0.5371970572368986,0.5693230563797765,0.5571252410463674
gaussian_half,7,gaussian,1.2300755055779713,1.7044046131851813,1.7176385269305432,1.7337867367365636,1.7088808786615586
gaussian_half,7,gaussian,1.8612097182041991,1.253709683139417,1.217443425550981,1.2942876629737907,1.255439724463775
gaussian_half,7,gaussian,2.8161699013021884,0.9973344418792024,1.0169985632659648,1.0062266349056423,0.9972434242102274
gaussian_half,7,gaussian,4.26110654561404,0.8130363714649869,0.8396644606242634,0.8132851241484894,0.8117229808833885
gaussian_half,7,gaussian,6.447419590941251,0.671720996357074,0.6032623197441817,0.6307020474819289,0.6695877507346841
gaussian_half,7,gaussian,9.75549870360324,0.5597938939741395,0.6049927038840666,0.5217117937535859,0.5571252410463674
gaussian_half,8,student,1.2300755055779713,1.729428631787479,1.6935432464951534,1.729070395260252,1.7088808786615586
gaussian_half,8,student,1.8612097182041991,1.2762124022194548,1.2539779557339785,1.271688038095416,1.255439724463775
gaussian_half,8,student,2.8161699013021884,0.9828252678066123,1.0712677896225802,1.0105345692572214,0.9972434242102274
gaussian_half,8,student,4.26110654561404,0.7881829133627872,0.8084799331929351,0.7887692668933853,0.8117229808833885
gaussian_half,8,student,6.447419590941251,0.6569783991796015,0.6224422034469078,0.6440158077450902,0.6695877507346841
gaussian_half,8,student,9.75549870360324,0.5663723856440652,0.5502888715084445,0.5559219227486344,0.5571252410463674
gaussian_half,9,gaussian,1.2300755055779713,1.701368544872232,1.6627770674435234,1.7125995599964845,1.7088808786615586
gaussian_half,9,gaussian,1.8612097182041991,1.2525362301660319,1.2389153518482343,1.2599921254373618,1.255439724463775
gaussian_half,9,gaussian,2.8161699013021884,0.997396164053113,1.0158817383572847,0.991282600487664,0.9972434242102274
gaussian_half,9,gaussian,4.26110654561404,0.8139271963348607,0.8327551606847909,0.7812622902519829,0.8117229808833885
gaussian_half,9,gaussian,6.447419590941251,0.6731679070896995,0.6893690982487646,0.6484381317897688,0.6695877507346841
gaussian_half,9,gaussian,9.75549870360324,0.5616039574840637,0.5603015834174013,0.6064252920367376,0.5571252410463674
gaussian_half,10,student,1.2300755055779713,1.7288931403456824,1.6747528843942086,1.657748017219297,1.7088808786615586
gaussian_half,10,student,1.8612097182041991,1.2759965340893096,1.3409777324402712,1.2972687816143649,1.255439724463775
gaussian_half,10,student,2.8161699013021884,0.9828564852400623,0.9196137401629867,0.9996033324444163,0.9972434242102274
gaussian_half,10,student,4.26110654561404,0.7883584349031408,0.8274460087685125,0.8152714359326495,0.8117229808833885
gaussian_half,10,student,6.447419590941251,0.657230968046514,0.7136184320083647,0.6784340877968273,0.6695877507346841
gaussian_half,10,student,9.75549870360324,0.5666644373752908,0.523591202225656,0.5516743449924458,0.5571252410463674
gaussian_half,11,gaussian,1.2300755055779713,1.7145924294587669,1.7123333017005204,1.7044719587969288,1.7088808786615586
gaussian_half,11,gaussian,1.8612097182041991,1.25767429854816,1.2189479597023254,1.2762366376115366,1.255439724463775
gaussian_half,11,gaussian,2.8161699013021884,0.9971028871205098,1.045133923526128,1.0116529386814417,0.9972434242102274
gaussian_half,11,gaussian,4.26110654561404,0.8100125611617489,0.779615256889076,0.8197893913033283,0.8117229808833885
gaussian_half,11,gaussian,6.447419590941251,0.6668570756126622,0.6564458591838599,0.6326839927764424,0.6695877507346841
gaussian_half,11,gaussian,9.75549870360324,0.5537607480981532,0.5875236989980901,0.555165080830323,0.5571252410463674
gaussian_half,12,gaussian,1.2300755055779713,1.6931189559329456,1.6642690902196327,1.6932340337639957,1.7088808786615586
gaussian_half,12,gaussian,1.8612097182041991,1.2493477298846911,1.213702809806423,1.2630889090744337,1.255439724463775
gaussian_half,12,gaussian,2.8161699013021884,0.9975638752212156,1.0557491650582445,1.0125763085335338,0.9972434242102274
gaussian_half,12,gaussian,4.26110654561404,0.8163477410116744,0.8126779105409652,0.7888069921673411,0.8117229808833885
gaussian_half,12,gaussian,6.447419590941251,0.6770994453640822,0.6635985674634767,0.6973492083553249,0.6695877507346841
gaussian_half,12,gaussian,9.75549870360324,0.5665222525853915,0.5900024569112566,0.5449445481053707,0.5571252410463674
gaussian_half,13,gaussian,1.2300755055779713,1.6954453275621195,1.753286065179064,1.7243535481898697,1.7088808786615586
gaussian_half,13,gaussian,1.8612097182041991,1.250246882151394,1.232937603629258,1.2457318259906405,1.255439724463775
gaussian_half,13,gaussian,2.8161699013021884,0.9975165809249492,0.9969086947346343,0.9959399381121711,0.9972434242102274
gaussian_half,13,gaussian,4.26110654561404,0.815665151066317,0.8333027747361611,0.8225194648887194,0.8117229808833885
gaussian_half,13,gaussian,6.447419590941251,0.6759907575048628,0.7217854850884402,0.6854153338050989,0.6695877507346841
gaussian_half,13,gaussian,9.75549870360324,0.5651353007903575,0.4617793766324425,0.5260398890135004,0.5571252410463674
gaussian_half,14,gaussian,1.2300755055779713,1.6920136001953292,1.7266968428209166,1.695090698048965,1.7088808786615586
gaussian_half,14,gaussian,1.8612097182041991,1.2489205053155266,1.1786980803942775,1.2772701924338594,1.255439724463775
gaussian_half,14,gaussian,2.8161699013021884,0.9975863467047389,1.0638023254591051,1.0086870258789005,0.9972434242102274
gaussian_half,14,gaussian,4.26110654561404,0.8166720678316365,0.8377755495324161,0.793431327335728,0.8117229808833885
gaussian_half,14,gaussian,6.447419590941251,0.6776262289918764,0.6701792495853316,0.6453936203492994,0.6695877507346841
gaussian_half,14,gaussian,9.75549870360324,0.5671812509608929,0.5228479522079532,0.5801271359532472,0.5571252410463674
gaussian_half,15,gaussian,1.2300755055779713,1.7026245958925281,1.676557237033379,1.7090339854459864,1.7088808786615586
gaussian_half,15,gaussian,1.8612097182041991,1.2530216990858856,1.2105027943602844,1.2596297276894914,1.255439724463775
gaussian_half,15,gaussian,2.8161699013021884,0.9973706289888378,1.0305346736506784,0.979760403115961,0.9972434242102274
gaussian_half,15,gaussian,4.26110654561404,0.8135586534131029,0.8206610431047012,0.8140370181025098,0.8117229808833885
gaussian_half,15,gaussian,6.447419590941251,0.6725693060324569,0.7298871546388973,0.6741272865544448,0.6695877507346841
gaussian_half,15,gaussian,9.75549870360324,0.560855116587189,0.5318570972120604,0.5634115790916076,0.5571252410463674
gaussian_half,16,gaussian,1.2300755055779713,1.688833823910175,1.696056959846522,1.7268667395649233,1.7088808786615586
gaussian_half,16,gaussian,1.8612097182041991,1.2476915086158809,1.2236578110159264,1.2757824336428922,1.255439724463775
gaussian_half,16,gaussian,2.8161699013021884,0.9976509904098996,0.9969834069735782,0.9623234846259892,0.9972434242102274
gaussian_half,16,gaussian,4.26110654561404,0.8176050586287699,0.8109517082550581,0.8192609320621025,0.8117229808833885
gaussian_half,16,gaussian,6.447419590941251,0.6791416271845696,0.7027679965894823,0.6793148141199025,0.6695877507346841
gaussian_half,16,gaussian,9.75549870360324,0.5690769912507048,0.5695821173194329,0.5364515959841911,0.5571252410463674
gaussian_half,17,gaussian,1.2300755055779713,1.7111761705734416,1.6485511530508008,1.7187217739513427,1.7088808786615586
gaussian_half,17,gaussian,1.8612097182041991,1.2563377616399491,1.2872737346003298,1.2224082805706649,1.255439724463775
gaussian_half,17,gaussian,2.8161699013021884,0.9971869566410392,0.9841940792432688,0.9814533777683194,0.9972434242102274
gaussian_half,17,gaussian,4.26110654561404,0.8110356119787038,0.8146873668879104,0.8179181731007138,0.8117229808833885
gaussian_half,17,gaussian,6.447419590941251,0.668490363363933,0.6437504145683558,0.669958630409916,0.6695877507346841
gaussian_half,17,gaussian,9.75549870360324,0.555773135802933,0.6215432516493339,0.589539764199043,0.5571252410463674
gaussian_half,18,gaussian,1.2300755055779713,1.701486897371195,1.7955040566172822,1.7041214168799022,1.7088808786615586
gaussian_half,18,gaussian,1.8612097182041991,1.2525819738969037,1.2622756995355306,1.2791225832859925,1.255439724463775
gaussian_half,18,gaussian,2.8161699013021884,0.9973937579894906,0.9741837435611576,0.9680566029802374,0.9972434242102274
gaussian_half,18,gaussian,4.26110654561404,0.8138924700577747,0.799810384204973,0.8024824694004372,0.8117229808833885
gaussian_half,18,gaussian,6.447419590941251,0.6731115033848646,0.6544783336797403,0.6678311333646583,0.6695877507346841
gaussian_half,18,gaussian,9.75549870360324,0.5615333972997729,0.5137477824013162,0.5783857940887719,0.5571252410463674
gaussian_half,19,student,1.2300755055779713,1.729350036889458,1.730891297589354,1.6855591047900353,1.7088808786615586
gaussian_half,19,student,1.8612097182041991,1.276180718923793,1.2117003316691144,1.272293680238453,1.255439724463775
gaussian_half,19,student,2.8161699013021884,0.9828298496370711,1.0256178630817288,1.0020141331109191,0.9972434242102274
gaussian_half,19,student,4.26110654561404,0.7882086749277496,0.7940769851784996,0.835486412475188,0.8117229808833885
gaussian_half,19,student,6.447419590941251,0.6570154690985376,0.6908237838156356,0.6559369769121085,0.6695877507346841
gaussian_half,19,student,9.75549870360324,0.5664152505233909,0.5468897386656676,0.5487096924732972,0.5571252410463674
gaussian_half,20,common_shock,1.2300755055779713,1.6835810303509187,1.6769839860372135,1.7512895174904743,1.7088808786615586
gaussian_half,20,common_shock,1.8612097182041991,1.321685544774948,1.2694330674569168,1.2654565286490271,1.255439724463775
gaussian_half,20,common_shock,2.8161699013021884,1.037677583288508,0.980318289818438,0.9801797922046712,0.9972434242102274
gaussian_half,20,common_shock,4.26110654561404,0.81477409622024,0.7985113572957119,0.7671076501515357,0.8117229808833885
gaussian_half,20,common_shock,6.447419590941251,0.639812580429567,0.7083933671234477,0.6923330411553056,0.6695877507346841
gaussian_half,20,common_shock,9.75549870360324,0.502469164935819,0.5663599322682707,0.5436334703489855,0.5571252410463674
gaussian_half,21,student,1.2300755055779713,1.7552223636660687,1.7883163178208157,1.6926948813214004,1.7088808786615586
gaussian_half,21,student,1.8612097182041991,1.286610410918553,1.3032934765818351,1.2458691070742078,1.255439724463775
gaussian_half,21,student,2.8161699013021884,0.981321575972349,0.9808214956826771,1.0317708513884005,0.9972434242102274
gaussian_half,21,student,4.26110654561404,0.7797283327711547,0.7584231011320293,0.8180190033933377,0.8117229808833885
gaussian_half,21,student,6.447419590941251,0.6448125770477658,0.6601768653760163,0.6531616543777458,0.6695877507346841
gaussian_half,21,student,9.75549870360324,0.5523047396241093,0.5089687434066279,0.5584845024449075,0.5571252410463674
gaussian_half,22,student,1.2300755055779713,1.7227695164095163,1.7510786104624918,1.7262792217079461,1.7088808786615586
gaussian_half,22,student,1.8612097182041991,1.273527969429571,1.2589768597182567,1.2379256197805384,1.255439724463775
gaussian_half,22,student,2.8161699013021884,0.9832134728738118,0.9519098514168799,0.9924761957031448,0.9972434242102274
gaussian_half,22,student,4.26110654561404,0.7903656152648216,0.8404686366352853,0.8102110159765442,0.8117229808833885
gaussian_half,22,student,6.447419590941251,0.660119224773393,0.6231662655440827,0.6594030997159109,0.6695877507346841
gaussian_half,22,student,9.75549870360324,0.5700042012488862,0.5743997762230043,0.5737048471159151,0.5571252410463674
gaussian_half,23,gaussian,1.2300755055779713,1.6941762176617465,1.7187564872005665,1.7039312401399354,1.7088808786615586
gaussian_half,23,gaussian,1.8612097182041991,1.2497563659203217,1.2590055546075434,1.27032777754864,1.255439724463775
gaussian_half,23,gaussian,2.8161699013021884,0.997542381471547,1.0394313011574041,1.0129156839042597,0.9972434242102274
gaussian_half,23,gaussian,4.26110654561404,0.8160375256459774,0.8092937791502528,0.8144663027652456,0.8117229808833885
gaussian_half,23,gaussian,6.447419590941251,0.6765955820827217,0.6171882921535327,0.6569619753418681,0.6695877507346841
gaussian_half,23,gaussian,9.75549870360324,0.5658919272176846,0.5563245857307003,0.541397020300051,0.5571252410463674
student4_half,0,student,1.2300755055779713,1.7486565505437028,1.7559043948007425,1.724823990389977,1.7216650216556253
student4_half,0,student,1.8612097182041991,1.2839635902768418,1.230492809715303,1.275691277601789,1.2730827103403706
student4_half,0,student,2.8161699013021884,0.9817043418173175,0.9956925446532096,0.9771108395055031,0.9832778580752769
student4_half,0,student,4.26110654561404,0.7818804523812184,0.7282132638958168,0.7838939109825395,0.7907276454999526
student4_half,0,student,6.447419590941251,0.6479093958785407,0.7141788631505341,0.6718054545381247,0.6606401747517823
student4_half,0,student,9.75549870360324,0.5558856691023788,0.575518123784394,0.5666745269820672,0.5706065896769918
student4_half,1,gaussian,1.2300755055779713,1.709181121162465,1.7245266730677236,1.7218970674418803,1.7216650216556253
student4_half,1,gaussian,1.8612097182041991,1.2555572419952212,1.368391457694476,1.2931330161207524,1.2730827103403706
student4_half,1,gaussian,2.8161699013021884,0.9972360521144923,0.9690640999387693,0.9727859266156345,0.9832778580752769
student4_half,1,gaussian,4.26110654561404,0.8116330599468692,0.7320382132981549,0.8117968117906386,0.7907276454999526
student4_half,1,gaussian,6.447419590941251,0.6694441815245311,0.7156634220894851,0.6302495360518996,0.6606401747517823
student4_half,1,gaussian,9.75549870360324,0.5569483432564205,0.49031613391139167,0.5701376419791943,0.5706065896769918
student4_half,2,student,1.2300755055779713,1.726344745617163,1.7053590211508776,1.7477967072227456,1.7216650216556253
student4_half,2,student,1.8612097182041991,1.2749692213033739,1.3230236004290756,1.2559232694932168,1.2730827103403706
student4_half,2,student,2.8161699013021884,0.9830050484786734,0.979411117332613,0.9722187677744702,0.9832778580752769
student4_half,2,student,4.26110654561404,0.7891937389496033,0.7604966113333471,0.7870701903556783,0.7907276454999526
student4_half,2,student,6.447419590941251,0.6584329390189503,0.64347805973146,0.7011381411426657,0.6606401747517823
student4_half,2,student,9.75549870360324,0.5680543066322356,0.5882315900226277,0.5358529240112241,0.5706065896769918
student4_half,3,student,1.2300755055779713,1.7310768175066278,1.7379829222206609,1.7167814719640901,1.7216650216556253
student4_half,3,student,1.8612097182041991,1.2768768213708246,1.2438628889926326,1.2859899813882658,1.2730827103403706
student4_half,3,student,2.8161699013021884,0.9827291838657969,0.9678134604979768,1.010242167962105,0.9832778580752769
student4_half,3,student,4.26110654561404,0.7876426767247502,0.8292714956378696,0.7619997498690181,0.7907276454999526
student4_half,3,student,6.447419590941251,0.656201019062844,0.6963036660837443,0.6683836673146366,0.6606401747517823
student4_half,3,student,9.75549870360324,0.5654734814691571,0.5247655665671156,0.5566029615018849,0.5706065896769918
student4_half,4,student,1.2300755055779713,1.7397547307529846,1.6951858298419737,1.702016262899841,1.7216650216556253
student4_half,4,student,1.8612097182041991,1.2803750750492908,1.259476752902224,1.2664793615067031,1.2730827103403706
student4_half,4,student,2.8161699013021884,0.9822232893582313,0.9506530452277451,0.9455414737166525,0.9832778580752769
student4_half,4,student,4.26110654561404,0.7847982602109292,0.8318315361788534,0.7994785100827083,0.7907276454999526
student4_half,4,student,6.447419590941251,0.6521080111364369,0.7344172119767944,0.7098074093710387,0.6606401747517823
student4_half,4,student,9.75549870360324,0.5607406334921268,0.5284356238724096,0.576676982423056,0.5706065896769918
student4_half,5,student,1.2300755055779713,1.7281132820125327,1.747875822349098,1.7145177640682814,1.7216650216556253
student4_half,5,student,1.8612097182041991,1.2756821564036642,1.2679607986665955,1.23435986583495,1.2730827103403706
student4_half,5,student,2.8161699013021884,0.9829019484794631,0.9888959789259655,0.9999459082457224,0.9832778580752769
student4_half,5,student,4.26110654561404,0.7886140541814488,0.7697644900042765,0.789667106826254,0.7907276454999526
student4_half,5,student,6.447419590941251,0.6575987945329561,0.6721317402525102,0.6752960034990739,0.6606401747517823
student4_half,5,student,9.75549870360324,0.5670897643899355,0.5533711698015545,0.5862133515257192,0.5706065896769918
student4_half,6,student,1.2300755055779713,1.712844774257603,1.6669274315005644,1.7200541123687152,1.7216650216556253
student4_half,6,student,1.8612097182041991,1.2695613981276446,1.2764015147498817,1.266824632765918,1.2730827103403706
student4_half,6,student,2.8161699013021884,0.9837346822455899,1.01065812645804,1.0147042173301088,0.9832778580752769
student4_half,6,student,4.26110654561404,0.7935631218869644,0.7783248372642994,0.7590911661016172,0.7907276454999526
student4_half,6,student,6.447419590941251,0.6648032387319464,0.6632424548276301,0.6845939069128727,0.6606401747517823
student4_half,6,student,9.75549870360324,0.5754927847502516,0.6044456351995847,0.5547319645207688,0.5706065896769918
student4_half,7,gaussian,1.2300755055779713,1.7135665997366751,1.7976387589288878,1.7124580238892342,1.7216650216556253
student4_half,7,gaussian,1.8612097182041991,1.257272965004322,1.3102510545521402,1.2894249519742353,1.2730827103403706
student4_half,7,gaussian,2.8161699013021884,0.9971281314054938,0.9772920312760546,0.9760212382773632,0.9832778580752769
student4_half,7,gaussian,4.26110654561404,0.8103197615146701,0.7438483317401372,0.8076453963701631,0.7907276454999526
student4_half,7,gaussian,6.447419590941251,0.6673475171091128,0.6201954021794491,0.6812986232697603,0.6606401747517823
student4_half,7,gaussian,9.75549870360324,0.5543650252297262,0.5507744213233314,0.533151766219243,0.5706065896769918
student4_half,8,gaussian,1.2300755055779713,1.7145759642896778,1.732319907248092,1.7090030409939287,1.7216650216556253
student4_half,8,gaussian,1.8612097182041991,1.2576678569092423,1.325488414827219,1.264188765025245,1.2730827103403706
student4_half,8,gaussian,2.8161699013021884,0.9971032923060992,0.956585455472197,0.9812841455183442,0.9832778580752769
student4_half,8,gaussian,4.26110654561404,0.8100174919077059,0.7465074506996698,0.7988561042384883,0.7907276454999526
student4_half,8,gaussian,6.447419590941251,0.6668649474865154,0.7433352478794278,0.6726043562737873,0.6606401747517823
student4_half,8,gaussian,9.75549870360324,0.5537704471007591,0.4957635238733947,0.5740635879502061,0.5706065896769918
student4_half,9,gaussian,1.2300755055779713,1.6994961275578884,1.6488480971529238,1.7411170111553982,1.7216650216556253
student4_half,9,gaussian,1.8612097182041991,1.2518125331215477,1.2721815213981658,1.2922462820829168,1.2730827103403706
student4_half,9,gaussian,2.8161699013021884,0.9974342296218675,1.072500926817644,0.9743505620024132,0.9832778580752769
student4_half,9,gaussian,4.26110654561404,0.814476589740564,0.8286903741359509,0.794258579262452,0.7907276454999526
student4_half,9,gaussian,6.447419590941251,0.6740602521981812,0.6038795761602647,0.6206846412955358,0.6606401747517823
student4_half,9,gaussian,9.75549870360324,0.5627202677599515,0.5738995043350518,0.5773429242012842,0.5706065896769918
student4_half,10,student,1.2300755055779713,1.6988514269298178,1.692956109278117,1.7520247199310615,1.7216650216556253
student4_half,10,student,1.8612097182041991,1.2639748051335438,1.1809642684794837,1.2873849260017611,1.2730827103403706
student4_half,10,student,2.8161699013021884,0.9844594296439713,0.9187406081838776,0.9802681731009133,0.9832778580752769
student4_half,10,student,4.26110654561404,0.7980616173264309,0.8186956054816433,0.7753337304263439,0.7907276454999526
student4_half,10,student,6.447419590941251,0.6714079611442596,0.7287226773149384,0.6506050319226124,0.6606401747517823
student4_half,10,student,9.75549870360324,0.583244759821976,0.6599207312619401,0.5543834186173084,0.5706065896769918
student4_half,11,student,1.2300755055779713,1.719842667194394,1.6858846409837405,1.7091450614740926,1.7216650216556253
student4_half,11,student,1.8612097182041991,1.2723551813975362,1.1977355801715874,1.2866801317128087,1.2730827103403706
student4_half,11,student,2.8161699013021884,0.9833722453974726,0.9364773378634155,0.9869877942143244,0.9832778580752769
student4_half,11,student,4.26110654561404,0.7913134822028607,0.7572080437626716,0.8174731308201378,0.7907276454999526
student4_half,11,student,6.447419590941251,0.6615003020409643,0.7212244818039734,0.616468622411841,0.6606401747517823
student4_half,11,student,9.75549870360324,0.5716161217667717,0.7014699154146123,0.5832452593667964,0.5706065896769918
student4_half,12,student,1.2300755055779713,1.7200594569806658,1.714542514016615,1.753776061093058,1.7216650216556253
student4_half,12,student,1.8612097182041991,1.2724417308322646,1.3054152889282815,1.266771411529136,1.2730827103403706
student4_half,12,student,2.8161699013021884,0.983361017359612,0.9774399747979844,0.9688708932493988,0.9832778580752769
student4_half,12,student,4.26110654561404,0.7912437899525349,0.7779324498135267,0.7674699645664194,0.7907276454999526
student4_half,12,student,6.447419590941251,0.6613979793924509,0.6904582557851217,0.6506598058934795,0.6606401747517823
student4_half,12,student,9.75549870360324,0.571496025482472,0.534211516658471,0.5924518636685079,0.5706065896769918
student4_half,13,student,1.2300755055779713,1.7316712823552813,1.7367735986644863,1.7231997351606614,1.7216650216556253
student4_half,13,student,1.8612097182041991,1.2771164629510623,1.3029064619863835,1.2566605385765572,1.2730827103403706
student4_half,13,student,2.8161699013021884,0.9826945284718863,0.9654792571285664,0.9710723144964077,0.9832778580752769
student4_half,13,student,4.26110654561404,0.7874478250842238,0.7128847341358724,0.8025174618053803,0.7907276454999526
student4_half,13,student,6.447419590941251,0.6559206349119039,0.6222889581941775,0.6770437805841214,0.6606401747517823
student4_half,13,student,9.75549870360324,0.5651492662256423,0.6596669898905134,0.5695061693768729,0.5706065896769918
student4_half,14,student,1.2300755055779713,1.7349398589184946,1.8105962896275283,1.7216272711476985,1.7216650216556253
student4_half,14,student,1.8612097182041991,1.2784340965411891,1.24795679286341,1.2701678079596808,1.2730827103403706
student4_half,14,student,2.8161699013021884,0.9825039809423194,0.9812236176100136,1.0019974962339238,0.9832778580752769
student4_half,14,student,4.26110654561404,0.7863764623165683,0.7762644420394083,0.7820488855535617,0.7907276454999526
student4_half,14,student,6.447419590941251,0.6543789843558883,0.7027212373975138,0.6572906197656023,0.6606401747517823
student4_half,14,student,9.75549870360324,0.5633666169255392,0.48123762046212587,0.5668679193395336,0.5706065896769918
student4_half,15,student,1.2300755055779713,1.6905442769500345,1.6870764708345396,1.722533279402669,1.7216650216556253
student4_half,15,student,1.8612097182041991,1.2606583244666305,1.267238762760643,1.3044542014315599,1.2730827103403706
student4_half,15,student,2.8161699013021884,0.9848896759027675,1.004798652923035,0.9999590905284392,0.9832778580752769
student4_half,15,student,4.26110654561404,0.8007321489314616,0.7687456874228583,0.7621825417082893,0.7907276454999526
student4_half,15,student,6.447419590941251,0.675328854292176,0.7687308115855049,0.629532969320892,0.6606401747517823
student4_half,15,student,9.75549870360324,0.5878467194569301,0.5034096144734194,0.5813379176081508,0.5706065896769918
student4_half,16,student,1.2300755055779713,1.723253298684594,1.754882927750997,1.7598781886127475,1.7216650216556253
student4_half,16,student,1.8612097182041991,1.2737229924812337,1.320485524309801,1.2621098011405028,1.2730827103403706
student4_half,16,student,2.8161699013021884,0.9831852699189229,0.9555299314538436,0.9448268387384918,0.9832778580752769
student4_half,16,student,4.26110654561404,0.7902070427770291,0.7498852475943618,0.7722729481428563,0.7907276454999526
student4_half,16,student,6.447419590941251,0.65989104495293,0.6567908516206419,0.6792703495825843,0.6606401747517823
student4_half,16,student,9.75549870360324,0.5697403511852911,0.5624255172703555,0.5816418737828177,0.5706065896769918
student4_half,17,student,1.2300755055779713,1.7278317312370068,1.6980000808197737,1.7031406375603084,1.7216650216556253
student4_half,17,student,1.8612097182041991,1.275568657223827,1.3741849781812683,1.2938156109968006,1.2730827103403706
student4_half,17,student,2.8161699013021884,0.9829183619865928,0.9370302707568878,0.9746876530190082,0.9832778580752769
student4_half,17,student,4.26110654561404,0.7887063399248813,0.7780286765159853,0.8233708257855957,0.7907276454999526
student4_half,17,student,6.447419590941251,0.6577315902320138,0.6524101975004892,0.6599265664683316,0.6606401747517823
student4_half,17,student,9.75549870360324,0.567243319395678,0.560345796225597,0.5450587061699551,0.5706065896769918
student4_half,18,student,1.2300755055779713,1.7481540602137442,1.7682037547849505,1.7268492715685977,1.7216650216556253
student4_half,18,student,1.8612097182041991,1.2837610256054435,1.3142125636778679,1.2699434088530148,1.2730827103403706
student4_half,18,student,2.8161699013021884,0.9817336353917997,0.9930211844779999,1.0093295595984777,0.9832778580752769
student4_half,18,student,4.26110654561404,0.7820451569308025,0.7851616171622996,0.7961358289895778,0.7907276454999526
student4_half,18,student,6.447419590941251,0.6481463995043061,0.6622474963244022,0.6542854800229069,0.6606401747517823
student4_half,18,student,9.75549870360324,0.5561597223539045,0.4771533835724796,0.5434564509674248,0.5706065896769918
student4_half,19,gaussian,1.2300755055779713,1.7154540016846145,1.7188016834946918,1.7570054651950828,1.7216650216556253
student4_half,19,gaussian,1.8612097182041991,1.258011369922897,1.2552297874277794,1.2603490312462668,1.2730827103403706
student4_half,19,gaussian,2.8161699013021884,0.9970816849908232,1.0311272977986,0.982582902334065,0.9832778580752769
student4_half,19,gaussian,4.26110654561404,0.809754550220802,0.8222104717589327,0.8078382430316557,0.7907276454999526
student4_half,19,gaussian,6.447419590941251,0.6664451643932406,0.6018006678969048,0.6250244652770456,0.6606401747517823
student4_half,19,gaussian,9.75549870360324,0.5532532287876217,0.5708300916230911,0.5671998929158841,0.5706065896769918
student4_half,20,student,1.2300755055779713,1.7334773766251639,1.6019093493068663,1.745424806593647,1.7216650216556253
student4_half,20,student,1.8612097182041991,1.2778445384392476,1.2399654619052691,1.26572870048415,1.2730827103403706
student4_half,20,student,2.8161699013021884,0.9825892389690597,1.0625391348029591,0.9596559007834262,0.9832778580752769
student4_half,20,student,4.26110654561404,0.7868558297253251,0.6778234666240552,0.8156310252698616,0.7907276454999526
student4_half,20,student,6.447419590941251,0.6550687759508143,0.7141001876933224,0.6819418611146727,0.6606401747517823
student4_half,20,student,9.75549870360324,0.5641642402903891,0.7036623996675281,0.531617705754242,0.5706065896769918
student4_half,21,student,1.2300755055779713,1.707595341183267,1.664966260663124,1.7099610458644658,1.7216650216556253
student4_half,21,student,1.8612097182041991,1.2674656561047297,1.1686568142759244,1.3020149787474047,1.2730827103403706
student4_half,21,student,2.8161699013021884,0.9840065623665134,0.9803496216007511,1.0081535199352336,0.9832778580752769
student4_half,21,student,4.26110654561404,0.795250677422572,0.7709438693865017,0.8368696910910117,0.7907276454999526
student4_half,21,student,6.447419590941251,0.6672809195516857,0.6956031292003537,0.608519143693969,0.6606401747517823
student4_half,21,student,9.75549870360324,0.578400843371232,0.7194803048733445,0.5344816206679159,0.5706065896769918
student4_half,22,student,1.2300755055779713,1.7213721554294363,1.7142826957075397,1.7618060742836956,1.7216650216556253
student4_half,22,student,1.8612097182041991,1.2729658021488328,1.222188653956003,1.2545732368334843,1.2730827103403706
student4_half,22,student,2.8161699013021884,0.9832930297106727,1.0276437889769559,0.9421187054646792,0.9832778580752769
student4_half,22,student,4.26110654561404,0.7908217917095938,0.79352358888946,0.7859999048356173,0.7907276454999526
student4_half,22,student,6.447419590941251,0.6607783986258112,0.7536484522664676,0.6558984366317216,0.6606401747517823
student4_half,22,student,9.75549870360324,0.5707688223756531,0.4887128202035744,0.5996036419508026,0.5706065896769918
student4_half,23,student,1.2300755055779713,1.729739449363508,1.7914474630174673,1.7412756529830782,1.7216650216556253
student4_half,23,student,1.8612097182041991,1.276337699476734,1.2713533653484568,1.260543250473079,1.2730827103403706
student4_half,23,student,2.8161699013021884,0.9828071481388876,1.016197986607156,0.9889261387271839,0.9832778580752769
student4_half,23,student,4.26110654561404,0.7880810346482916,0.8836667743459353,0.7924397236505313,0.7907276454999526
student4_half,23,student,6.447419590941251,0.6568317995575222,0.6329312229368976,0.6461936856017124,0.6606401747517823
student4_half,23,student,9.75549870360324,0.5662028688150567,0.4044031877440863,0.570621548564416,0.5706065896769918
student10_half,0,gaussian,1.2300755055779713,1.7079742064767822,1.7715623642389078,1.7040093402322791,1.7146492608132295
student10_half,0,gaussian,1.8612097182041991,1.2550893457260384,1.2750712875395849,1.2851199762870604,1.262838895471464
student10_half,0,gaussian,2.8161699013021884,0.9972618733348796,1.0340418612164313,0.9747546600086264,0.992115878106812
student10_half,0,gaussian,4.26110654561404,0.8119890029107517,0.7480348821265048,0.7751022767446591,0.8032627645883164
student10_half,0,gaussian,6.447419590941251,0.6700198215769494,0.7179274085440266,0.6845590696171956,0.665366910729953
student10_half,0,gaussian,9.75549870360324,0.5576657499745995,0.45336219633454505,0.5764546771101792,0.5617662902902244
student10_half,1,gaussian,1.2300755055779713,1.710446725380278,1.739811690825638,1.7081762993060854,1.7146492608132295
student10_half,1,gaussian,1.8612097182041991,1.2560523820900074,1.264096325164021,1.2740730168293224,1.262838895471464
student10_half,1,gaussian,2.8161699013021884,0.9972049073027719,1.019695032013972,0.9962286867013328,0.992115878106812
student10_half,1,gaussian,4.26110654561404,0.8112540554649383,0.8434003367821431,0.7979122150105447,0.8032627645883164
student10_half,1,gaussian,6.447419590941251,0.6688391056399754,0.5954861644393954,0.6764126041756736,0.665366910729953
student10_half,1,gaussian,9.75549870360324,0.5562028241220296,0.5375104507748297,0.5471971779770411,0.5617662902902244
student10_half,2,gaussian,1.2300755055779713,1.678067859705265,1.6850041838549559,1.7019469482522913,1.7146492608132295
student10_half,2,gaussian,1.8612097182041991,1.2435304188756653,1.2874766979103516,1.256884878372663,1.262838895471464
student10_half,2,gaussian,2.8161699013021884,0.9978698585796765,0.9404728068135553,1.0105464140012814,0.992115878106812
student10_half,2,gaussian,4.26110654561404,0.8207639429730385,0.8121551884804343,0.8293121658780718,0.8032627645883164
student10_half,2,gaussian,6.447419590941251,0.684272404080697,0.6858151795310709,0.6320637809764302,0.665366910729953
student10_half,2,gaussian,9.75549870360324,0.5754955157856569,0.5890759434096317,0.5692458125192622,0.5617662902902244
student10_half,3,student,1.2300755055779713,1.7485846525335507,1.7270574689924683,1.7461638643074198,1.7146492608132295
student10_half,3,student,1.8612097182041991,1.2839346066408746,1.2242704634839319,1.2084888080650493,1.262838895471464
student10_half,3,student,2.8161699013021884,0.9817085332406943,1.063033914662361,0.9809938176450563,0.992115878106812
student10_half,3,student,4.26110654561404,0.7819040188633419,0.8746249621763673,0.84691947490574,0.8032627645883164
student10_half,3,student,6.447419590941251,0.6479433071561822,0.6471683407117167,0.6822766160081765,0.665366910729953
student10_half,3,student,9.75549870360324,0.5559248815653572,0.4638448499731552,0.5351574190685577,0.5617662902902244
student10_half,4,student,1.2300755055779713,1.7375221348277436,1.6809022827097566,1.7151155621698884,1.7146492608132295
student10_half,4,student,1.8612097182041991,1.2794750675605915,1.2722674442401491,1.2842869378905464,1.262838895471464
student10_half,4,student,2.8161699013021884,0.9823534425395467,0.9757679085150005,0.9630912121215645,0.992115878106812
student10_half,4,student,4.26110654561404,0.7855300528133862,0.829823417242606,0.8207935878064564,0.8032627645883164
student10_half,4,student,6.447419590941251,0.6531610330506986,0.6610615502119966,0.6774546347701614,0.665366910729953
student10_half,4,student,9.75549870360324,0.5619582692080335,0.5801773970804898,0.5392580652413833,0.5617662902902244
student10_half,5,gaussian,1.2300755055779713,1.6998454527163054,1.6961713480168252,1.6940823098128557,1.7146492608132295
student10_half,5,gaussian,1.8612097182041991,1.2519475487416092,1.218371084430879,1.2620096759159434,1.262838895471464
student10_half,5,gaussian,2.8161699013021884,0.9974271279673733,0.9870320158485159,1.005167140050907,0.992115878106812
student10_half,5,gaussian,4.26110654561404,0.8143740928575185,0.7630858163476267,0.7969584831384813,0.8032627645883164
student10_half,5,gaussian,6.447419590941251,0.6738937729662305,0.7302185531253507,0.636987304365559,0.665366910729953
student10_half,5,gaussian,9.75549870360324,0.5625120047509632,0.6051211822308019,0.6047950867162546,0.5617662902902244
student10_half,6,student,1.2300755055779713,1.7203761428759212,1.7502185842120566,1.695227257754662,1.7146492608132295
student10_half,6,student,1.8612097182041991,1.2725681619971834,1.2485542927491105,1.2735396059231858,1.262838895471464
student10_half,6,student,2.8161699013021884,0.9833446154742506,1.0933331677662625,0.9701455643051535,0.992115878106812
student10_half,6,student,4.26110654561404,0.7911419837140289,0.8055897116798872,0.7891459685437022,0.8032627645883164
student10_half,6,student,6.447419590941251,0.6612485067622744,0.6417542858306452,0.6995163799527838,0.665366910729953
student10_half,6,student,9.75549870360324,0.5713205891763415,0.4605499577620381,0.572425223520512,0.5617662902902244
student10_half,7,student,1.2300755055779713,1.7168214370889268,1.6874775153543886,1.7127713572547771,1.7146492608132295
student10_half,7,student,1.8612097182041991,1.2711490094541542,1.2719533928761537,1.2585805691630103,1.262838895471464
student10_half,7,student,2.8161699013021884,0.9835287218006918,0.9787081789491716,0.9944634454144203,0.992115878106812
student10_half,7,student,4.26110654561404,0.7922847287196993,0.8228700728331465,0.8165082408121115,0.8032627645883164
student10_half,7,student,6.447419590941251,0.6629262929581422,0.6858691322725303,0.649663408276713,0.665366910729953
student10_half,7,student,9.75549870360324,0.573289809978385,0.5531217077146086,0.5680129790789671,0.5617662902902244
student10_half,8,student,1.2300755055779713,1.7496556170742013,1.697611554451931,1.6904986438758631,1.7146492608132295
student10_half,8,student,1.8612097182041991,1.2843663355067294,1.237146606578294,1.2883390938205945,1.262838895471464
student10_half,8,student,2.8161699013021884,0.9816460994431288,1.0643529440729493,0.981721086043145,0.992115878106812
student10_half,8,student,4.26110654561404,0.7815529817950209,0.7433187655248119,0.8035974559420788,0.8032627645883164
student10_half,8,student,6.447419590941251,0.6474381780739544,0.6312516366164284,0.6709563396924646,0.665366910729953
student10_half,8,student,9.75549870360324,0.5553407881069652,0.6263184927555855,0.5648873806258542,0.5617662902902244
student10_half,9,student,1.2300755055779713,1.716964550510922,1.7592876120066283,1.7058212816549951,1.7146492608132295
student10_half,9,student,1.8612097182041991,1.2712061449215986,1.216314778167763,1.2325656716654907,1.262838895471464
student10_half,9,student,2.8161699013021884,0.9835213096299059,1.0246586267537472,1.010552820701314,0.992115878106812
student10_half,9,student,4.26110654561404,0.7922387214949026,0.8068397986853577,0.856958087508652,0.8032627645883164
student10_half,9,student,6.447419590941251,0.6628587448294773,0.678971362340659,0.6414547456964629,0.665366910729953
student10_half,9,student,9.75549870360324,0.5732105286131945,0.5139278220458454,0.5526473927730852,0.5617662902902244
student10_half,10,gaussian,1.2300755055779713,1.676605360299014,1.7719708731332673,1.7141239554963945,1.7146492608132295
student10_half,10,gaussian,1.8612097182041991,1.2429651567998685,1.2319421438764722,1.2806020942987597,1.262838895471464
student10_half,10,gaussian,2.8161699013021884,0.9978995906651874,0.9799557288621845,1.0063581483925221,0.992115878106812
student10_half,10,gaussian,4.26110654561404,0.8211930607362021,0.7547810698524993,0.8219915747939605,0.8032627645883164
student10_half,10,gaussian,6.447419590941251,0.6849693930378751,0.6431446532650923,0.6336548225243893,0.665366910729953
student10_half,10,gaussian,9.75549870360324,0.5763674384618532,0.6182055310104835,0.5432694044939744,0.5617662902902244
student10_half,11,gaussian,1.2300755055779713,1.7226092509155084,1.7579803704934192,1.6929334161466592,1.7146492608132295
student10_half,11,gaussian,1.8612097182041991,1.2608107053964506,1.2541713742383858,1.2759101230550596,1.262838895471464
student10_half,11,gaussian,2.8161699013021884,0.9969056039640911,0.9878821703376366,0.9781126767095789,0.992115878106812
student10_half,11,gaussian,4.26110654561404,0.8076118017298648,0.760243545797442,0.7947919023982061,0.8032627645883164
student10_half,11,gaussian,6.447419590941251,0.6630242934000292,0.6507742245391734,0.6756006132546367,0.665366910729953
student10_half,11,gaussian,9.75549870360324,0.549038344594056,0.5889483145939436,0.5826512684358607,0.5617662902902244
student10_half,12,gaussian,1.2300755055779713,1.6964094546321058,1.6993752874737222,1.7330703339218538,1.7146492608132295
student10_half,12,gaussian,1.8612097182041991,1.2506195212557814,1.240914961547589,1.23663141948729,1.262838895471464
student10_half,12,gaussian,2.8161699013021884,0.9974969805693079,0.9776072773326115,1.0121482121125525,0.992115878106812
student10_half,12,gaussian,4.26110654561404,0.8153822627110061,0.7772898867753384,0.8137512176848395,0.8032627645883164
student10_half,12,gaussian,6.447419590941251,0.6755312797654367,0.6944208280150946,0.6682116882793827,0.665366910729953
student10_half,12,gaussian,9.75549870360324,0.564560501066363,0.6103917588556452,0.5361871285140827,0.5617662902902244
student10_half,13,gaussian,1.2300755055779713,1.6980913171435437,1.7476254208619935,1.7331963324547477,1.7146492608132295
student10_half,13,gaussian,1.8612097182041991,1.2512695680799761,1.2227351742543122,1.2573905349864019,1.262838895471464
student10_half,13,gaussian,2.8161699013021884,0.9974627889109772,1.0707621797157858,0.984552609751519,0.992115878106812
student10_half,13,gaussian,4.26110654561404,0.8148887807473403,0.7665098490706728,0.813319171594194,0.8032627645883164
student10_half,13,gaussian,6.447419590941251,0.6747297480909942,0.6830496600386604,0.6702680166694702,0.665366910729953
student10_half,13,gaussian,9.75549870360324,0.5635577970271689,0.5093177160585757,0.541273334543668,0.5617662902902244
student10_half,14,gaussian,1.2300755055779713,1.7063241709702237,1.7293689195441342,1.6966851341488027,1.7146492608132295
student10_half,14,gaussian,1.8612097182041991,1.254451600171005,1.3096721199151402,1.2552421540572753,1.262838895471464
student10_half,14,gaussian,2.8161699013021884,0.9972954179616788,1.0383558018341785,0.9921015818109811,0.992115878106812
student10_half,14,gaussian,4.26110654561404,0.8124731463864261,0.8091464144659797,0.7967390821861565,0.8032627645883164
student10_half,14,gaussian,6.447419590941251,0.670806185333479,0.6247734116556546,0.6534664113529925,0.665366910729953
student10_half,14,gaussian,9.75549870360324,0.5586494791771873,0.4886833325849139,0.6057656364437921,0.5617662902902244
student10_half,15,student,1.2300755055779713,1.7120814811490688,1.750177015899246,1.6933201947537901,1.7146492608132295
student10_half,15,student,1.8612097182041991,1.269256667041315,1.2886925977038501,1.3174576176430268,1.262838895471464
student10_half,15,student,2.8161699013021884,0.9837742149379226,0.958644120515891,0.9671498984451166,0.992115878106812
student10_half,15,student,4.26110654561404,0.7938085006721319,0.8833123226220799,0.7833586316263985,0.8032627645883164
student10_half,15,student,6.447419590941251,0.6651635055775418,0.6384693605035792,0.6779016819019166,0.665366910729953
student10_half,15,student,9.75549870360324,0.5759156306220202,0.48070458275535305,0.5608119756297526,0.5617662902902244
student10_half,16,gaussian,1.2300755055779713,1.7040640949831063,1.741333881257528,1.6843817212921384,1.7146492608132295
student10_half,16,gaussian,1.8612097182041991,1.2535780714444453,1.243685211877225,1.2531705968637952,1.262838895471464
student10_half,16,gaussian,2.8161699013021884,0.9973413644914499,0.9815616666457987,1.0064416426035854,0.992115878106812
student10_half,16,gaussian,4.26110654561404,0.8131362842639704,0.820825435197928,0.7910705119509038,0.8032627645883164
student10_half,16,gaussian,6.447419590941251,0.6718832784240272,0.6434085339015448,0.6757642136993336,0.665366910729953
student10_half,16,gaussian,9.75549870360324,0.5599969063930009,0.5691852711199762,0.5891713135902445,0.5617662902902244
student10_half,17,gaussian,1.2300755055779713,1.7199167388592216,1.7349656724197529,1.687830807243241,1.7146492608132295
student10_half,17,gaussian,1.8612097182041991,1.2597573186772864,1.2293192950493375,1.2634845837899022,1.262838895471464
student10_half,17,gaussian,2.8161699013021884,0.9969718630519384,0.9479313026736074,0.9769327421812313,0.992115878106812
student10_half,17,gaussian,4.26110654561404,0.8084181155226156,0.7779338244093407,0.8120198387958332,0.8032627645883164
student10_half,17,gaussian,6.447419590941251,0.6643115632204089,0.6942871371773589,0.71482963941364,0.665366910729953
student10_half,17,gaussian,9.75549870360324,0.5506244006685291,0.6155627682706036,0.5449023885761519,0.5617662902902244
student10_half,18,gaussian,1.2300755055779713,1.721159901123354,1.6595703413100644,1.7126209633428575,1.7146492608132295
student10_half,18,gaussian,1.8612097182041991,1.2602436788463136,1.2547842146782027,1.2924225582637061,1.262838895471464
student10_half,18,gaussian,2.8161699013021884,0.9969412705064102,1.015468850832391,1.0055952255577227,0.992115878106812
student10_half,18,gaussian,4.26110654561404,0.8080458316259262,0.8300763509080987,0.8151560130524622,0.8032627645883164
student10_half,18,gaussian,6.447419590941251,0.6637172166655937,0.6753008586969033,0.6284875144770113,0.665366910729953
student10_half,18,gaussian,9.75549870360324,0.5498921012324024,0.5647993835743396,0.5457177253062401,0.5617662902902244
student10_half,19,gaussian,1.2300755055779713,1.7195622569702211,1.7010990302163538,1.7085536095705114,1.7146492608132295
student10_half,19,gaussian,1.8612097182041991,1.25961863535619,1.3112430801754404,1.232763554874762,1.262838895471464
student10_half,19,gaussian,2.8161699013021884,0.9969805863728123,0.9441452236977657,0.9926660764958477,0.992115878106812
student10_half,19,gaussian,4.26110654561404,0.8085242705296894,0.788202205729187,0.8131521782959699,0.8032627645883164
student10_half,19,gaussian,6.447419590941251,0.6644810383529403,0.7121239716171649,0.6620708339270841,0.665366910729953
student10_half,19,gaussian,9.75549870360324,0.5508332124181471,0.5431864885640881,0.5907937468358255,0.5617662902902244
student10_half,20,gaussian,1.2300755055779713,1.6959393401537586,1.7419661985890307,1.6993870381516836,1.7146492608132295
student10_half,20,gaussian,1.8612097182041991,1.2504378200634545,1.329160369381708,1.2843774283464318,1.262838895471464
student10_half,20,gaussian,2.8161699013021884,0.9975065378271161,0.9436345827450898,1.0176003746212152,0.992115878106812
student10_half,20,gaussian,4.26110654561404,0.8155202008684623,0.8317231663969221,0.8077150173701405,0.8032627645883164
student10_half,20,gaussian,6.447419590941251,0.6757553240273466,0.5775347587765485,0.6373466719443602,0.665366910729953
student10_half,20,gaussian,9.75549870360324,0.5648407770598622,0.5759809241107003,0.5535734695661683,0.5617662902902244
student10_half,21,gaussian,1.2300755055779713,1.702447668058789,1.7291612083406394,1.6924315601291564,1.7146492608132295
student10_half,21,gaussian,1.8612097182041991,1.2529533157455996,1.2363481719358655,1.2540997077013514,1.262838895471464
student10_half,21,gaussian,2.8161699013021884,0.9973742258678926,0.9987516101891503,1.006478611705754,0.992115878106812
student10_half,21,gaussian,4.26110654561404,0.8136105665119602,0.7951695379152344,0.8399998512887787,0.8032627645883164
student10_half,21,gaussian,6.447419590941251,0.6726536252094811,0.6251900054605065,0.6299680605117526,0.665366910729953
student10_half,21,gaussian,9.75549870360324,0.5609605986062777,0.6153794661586028,0.5770222086632071,0.5617662902902244
student10_half,22,student,1.2300755055779713,1.7184138373798734,1.7378069895433097,1.7168726494552,1.7146492608132295
student10_half,22,student,1.8612097182041991,1.2717847467156416,1.2856978664721614,1.2914722588332714,1.262838895471464
student10_half,22,student,2.8161699013021884,0.983446247754918,0.9621292172567787,0.9751169908872609,0.992115878106812
student10_half,22,student,4.26110654561404,0.791772813644712,0.827617490101898,0.8107895736858818,0.8032627645883164
student10_half,22,student,6.447419590941251,0.662174695670901,0.6374110212089971,0.6721935608653994,0.665366910729953
student10_half,22,student,9.75549870360324,0.5724076588339544,0.5493374154168547,0.5335549662729858,0.5617662902902244
student10_half,23,student,1.2300755055779713,1.739007451705488,1.788709986124257,1.7191746240010854,1.7146492608132295
student10_half,23,student,1.8612097182041991,1.280073830775174,1.257111831640465,1.292222968220528,1.262838895471464
student10_half,23,student,2.8161699013021884,0.9822668533297777,0.9866037792907367,1.0098756089724155,0.992115878106812
student10_half,23,student,4.26110654561404,0.7850432007632012,0.8673330129718338,0.7825887404922905,0.8032627645883164
student10_half,23,student,6.447419590941251,0.6524604713394614,0.5727275476436263,0.6266031026059072,0.665366910729953
student10_half,23,student,9.75549870360324,0.5611481920868966,0.5275138423290806,0.5695349557077726,0.5617662902902244
common_shock_half,0,common_shock,1.2300755055779713,1.5880964393490935,1.600401759322024,1.5622517660606596,1.5776907328539957
common_shock_half,0,common_shock,1.8612097182041991,1.286523996975886,1.3014586079009756,1.2566786369843341,1.2825966582536668
common_shock_half,0,common_shock,2.8161699013021884,1.0422813950828058,1.0836267796246783,1.0509689825150323,1.0426975030699581
common_shock_half,0,common_shock,4.26110654561404,0.8444575007921703,0.8389239312245608,0.8717105185449207,0.8476695116207756
common_shock_half,0,common_shock,6.447419590941251,0.6842203268252022,0.6068231717774286,0.6906709491243773,0.6891199018083729
common_shock_half,0,common_shock,9.75549870360324,0.5544203409748419,0.568765750150334,0.5677191467706755,0.5602256923932311
common_shock_half,1,common_shock,1.2300755055779713,1.5728265424230417,1.5032967101888124,1.5651109501622935,1.5776907328539957
common_shock_half,1,common_shock,1.8612097182041991,1.2806612891122355,1.3519383545489898,1.249548649573585,1.2825966582536668
common_shock_half,1,common_shock,2.8161699013021884,1.0427998464416588,0.9880350237637463,1.0348607862290524,1.0426975030699581
common_shock_half,1,common_shock,4.26110654561404,0.8491435047069894,0.8741079967135749,0.8386262350644522,0.8476695116207756
common_shock_half,1,common_shock,6.447419590941251,0.6914725097879749,0.6767969550534418,0.7191329473255786,0.6891199018083729
common_shock_half,1,common_shock,9.75549870360324,0.5630963075280986,0.6058249597314342,0.5927204316450374,0.5602256923932311
common_shock_half,2,common_shock,1.2300755055779713,1.5588377761583936,1.5307242877341658,1.5991499205821391,1.5776907328539957
common_shock_half,2,common_shock,1.8612097182041991,1.2750954242597816,1.2747361960450474,1.258461316817968,1.2825966582536668
common_shock_half,2,common_shock,2.8161699013021884,1.0430941723990375,0.9797516464872305,1.0531193315059948,1.0426975030699581
common_shock_half,2,common_shock,4.26110654561404,0.8533825132432389,0.9363489803120029,0.8624067415788091,0.8476695116207756
common_shock_half,2,common_shock,6.447419590941251,0.6982382981768452,0.7108228461005278,0.7101759207366964,0.6891199018083729
common_shock_half,2,common_shock,9.75549870360324,0.5713518157627034,0.5676160433210253,0.5166867687783925,0.5602256923932311
common_shock_half,3,common_shock,1.2300755055779713,1.602217424300741,1.57892968245554,1.5529809255096,1.5776907328539957
common_shock_half,3,common_shock,1.8612097182041991,1.2918535621546279,1.2909276936694771,1.2878031281944176,1.2825966582536668
common_shock_half,3,common_shock,2.8161699013021884,1.0417167188998286,0.9919140053460132,1.0744803063160038,1.0426975030699581
common_shock_half,3,common_shock,4.26110654561404,0.8400986658974294,0.8558650322050205,0.8617854730398793,0.8476695116207756
common_shock_half,3,common_shock,6.447419590941251,0.6775713958141831,0.7823906219700483,0.683964432042335,0.6891199018083729
common_shock_half,3,common_shock,9.75549870360324,0.5465422329331903,0.4999729643539009,0.5389857348977644,0.5602256923932311
common_shock_half,4,gaussian,1.2300755055779713,1.70934474026797,1.569217255250026,1.5699046116956874,1.5776907328539957
common_shock_half,4,gaussian,1.8612097182041991,1.2556212544078444,1.2563268728760548,1.2719209777014662,1.2825966582536668
common_shock_half,4,gaussian,2.8161699013021884,0.9972320256691287,1.0583944243622503,1.070511554513902,1.0426975030699581
common_shock_half,4,gaussian,4.26110654561404,0.8115840617107357,0.824634009309891,0.8529884697207623,0.8476695116207756
common_shock_half,4,gaussian,6.447419590941251,0.669365956457326,0.688317567301744,0.6592064873796872,0.6891199018083729
common_shock_half,4,gaussian,9.75549870360324,0.5568519614869947,0.6031098709000341,0.5754678989884938,0.5602256923932311
common_shock_half,5,common_shock,1.2300755055779713,1.5475470590974163,1.5876580624551158,1.606423160455217,1.5776907328539957
common_shock_half,5,common_shock,1.8612097182041991,1.2706030620271298,1.265096596313756,1.2903626115247488,1.2825966582536668
common_shock_half,5,common_shock,2.8161699013021884,1.0433317309546375,1.1170117161406945,1.0555256590595627,1.0426975030699581
common_shock_half,5,common_shock,4.26110654561404,0.8568039333382195,0.8756047538342048,0.7989646694473688,0.8476695116207756
common_shock_half,5,common_shock,6.447419590941251,0.7036991516179544,0.5935530023913063,0.6904703862464753,0.6891199018083729
common_shock_half,5,common_shock,9.75549870360324,0.5780150629646418,0.5610758688649228,0.5582535132666278,0.5602256923932311
common_shock_half,6,common_shock,1.2300755055779713,1.6126231460039442,1.5175503911176713,1.5691424375084564,1.5776907328539957
common_shock_half,6,common_shock,1.8612097182041991,1.2957809066167147,1.3775319579343295,1.315305993260541,1.2825966582536668
common_shock_half,6,common_shock,2.8161699013021884,1.041300610304528,1.044158709388421,1.0404904931381884,1.0426975030699581
common_shock_half,6,common_shock,4.26110654561404,0.836886650374419,0.7824937151961066,0.8568351669700791,0.8476695116207756
common_shock_half,6,common_shock,6.447419590941251,0.6726718136702058,0.6499150721956211,0.6835412845382023,0.6891199018083729
common_shock_half,6,common_shock,9.75549870360324,0.5407368730301878,0.6283501541678501,0.5346846245845334,0.5602256923932311
common_shock_half,7,common_shock,1.2300755055779713,1.5575764402350836,1.5693526830424613,1.6010022188515607,1.5776907328539957
common_shock_half,7,common_shock,1.8612097182041991,1.2745935626123803,1.3278596448406115,1.2674670558890586,1.2825966582536668
common_shock_half,7,common_shock,2.8161699013021884,1.0431207111156178,1.1112318071151228,1.0193845306394038,1.0426975030699581
common_shock_half,7,common_shock,4.26110654561404,0.8537647352094105,0.828042561431722,0.859854523492919,0.8476695116207756
common_shock_half,7,common_shock,6.447419590941251,0.6988483542592009,0.6535339521585316,0.6899910759407741,0.6891199018083729
common_shock_half,7,common_shock,9.75549870360324,0.572096196568308,0.5099793514115519,0.5623005951862848,0.5602256923932311
common_shock_half,8,common_shock,1.2300755055779713,1.59963399861694,1.608840171573409,1.5926009220010893,1.5776907328539957
common_shock_half,8,common_shock,1.8612097182041991,1.290878521418206,1.2875701698411222,1.3078257113511744,1.2825966582536668
common_shock_half,8,common_shock,2.8161699013021884,1.0418200260670787,1.0536999091549597,1.031097049347639,1.0426975030699581
common_shock_half,8,common_shock,4.26110654561404,0.8408961121136163,0.8068026105647124,0.847519065784638,0.8476695116207756
common_shock_half,8,common_shock,6.447419590941251,0.6787878137342155,0.6182525870153869,0.6876172591978894,0.6891199018083729
common_shock_half,8,common_shock,9.75549870360324,0.5479835280499442,0.6248345518504098,0.5333399923175709,0.5602256923932311
common_shock_half,9,common_shock,1.2300755055779713,1.5538026878366509,1.6109051347164072,1.5669609556858495,1.5776907328539957
common_shock_half,9,common_shock,1.8612097182041991,1.2730920580880405,1.3061286365633953,1.302496306529178,1.2825966582536668
common_shock_half,9,common_shock,2.8161699013021884,1.0432001114906446,1.1145657011169179,1.0079086312075982,1.0426975030699581
common_shock_half,9,common_shock,4.26110654561404,0.8549082934280557,0.8096621361904047,0.8395538829698946,0.8476695116207756
common_shock_half,9,common_shock,6.447419590941251,0.7006735624067062,0.7195259076841934,0.6767201636402559,0.6891199018083729
common_shock_half,9,common_shock,9.75549870360324,0.5743232867499024,0.4392124837286821,0.6063600599672232,0.5602256923932311
common_shock_half,10,common_shock,1.2300755055779713,1.5438138927934113,1.5443812283535083,1.5427909308090348,1.5776907328539957
common_shock_half,10,common_shock,1.8612097182041991,1.2691177059402006,1.2776419863074062,1.2816565327895566,1.2825966582536668
common_shock_half,10,common_shock,2.8161699013021884,1.0434102773915208,1.076437077033458,1.029593171637714,1.0426975030699581
common_shock_half,10,common_shock,4.26110654561404,0.8579351927738645,0.8133298085725581,0.829551052291365,0.8476695116207756
common_shock_half,10,common_shock,6.447419590941251,0.7055047299481314,0.7334443289507898,0.7428003133892173,0.6891199018083729
common_shock_half,10,common_shock,9.75549870360324,0.5802182011528713,0.5547655707822796,0.573607999083113,0.5602256923932311
common_shock_half,11,common_shock,1.2300755055779713,1.5438138927934113,1.4955568575964129,1.5809456218583426,1.5776907328539957
common_shock_half,11,common_shock,1.8612097182041991,1.2691177059402006,1.3169053669401964,1.2658519767984842,1.2825966582536668
common_shock_half,11,common_shock,2.8161699013021884,1.0434102773915208,1.0161378208757248,1.0995070297059433,1.0426975030699581
common_shock_half,11,common_shock,4.26110654561404,0.8579351927738645,0.8432914270012958,0.8574549844930549,0.8476695116207756
common_shock_half,11,common_shock,6.447419590941251,0.7055047299481314,0.7380329487356925,0.682082192046541,0.6891199018083729
common_shock_half,11,common_shock,9.75549870360324,0.5802182011528713,0.5900755788506779,0.5141581950976338,0.5602256923932311
common_shock_half,12,common_shock,1.2300755055779713,1.6191859067086833,1.5714903522340697,1.6109268169171607,1.5776907328539957
common_shock_half,12,common_shock,1.8612097182041991,1.298257834468997,1.313586415691885,1.300184959495278,1.2825966582536668
common_shock_half,12,common_shock,2.8161699013021884,1.0410381757309317,1.0122696130598343,1.0150962959724263,1.0426975030699581
common_shock_half,12,common_shock,4.26110654561404,0.8348608716866291,0.8324547409834935,0.8488664591764837,0.8476695116207756
common_shock_half,12,common_shock,6.447419590941251,0.6695817074688997,0.6964123011547279,0.6722682431682699,0.6891199018083729
common_shock_half,12,common_shock,9.75549870360324,0.5370755039358593,0.5737865768759903,0.5526572252703813,0.5602256923932311
common_shock_half,13,common_shock,1.2300755055779713,1.5766783629772785,1.5935998543424934,1.5632918855381295,1.5776907328539957
common_shock_half,13,common_shock,1.8612097182041991,1.2821938554755015,1.2895363961131365,1.2794925991871446,1.2825966582536668
common_shock_half,13,common_shock,2.8161699013021884,1.0427188034997135,1.012843353509198,1.0597225820886034,1.0426975030699581
common_shock_half,13,common_shock,4.26110654561404,0.847976289535858,0.8494256160239522,0.8218984595781781,0.8476695116207756
common_shock_half,13,common_shock,6.447419590941251,0.6896095432983762,0.6895988642141486,0.6959966906296645,0.6891199018083729
common_shock_half,13,common_shock,9.75549870360324,0.5608231452132716,0.5649959157970714,0.5795977829782799,0.5602256923932311
common_shock_half,14,common_shock,1.2300755055779713,1.59963399861694,1.5908657203281018,1.58773259918338,1.5776907328539957
common_shock_half,14,common_shock,1.8612097182041991,1.290878521418206,1.2715642184999942,1.2973588080010217,1.2825966582536668
common_shock_half,14,common_shock,2.8161699013021884,1.0418200260670787,1.0873448465672229,1.01108135502426,1.0426975030699581
common_shock_half,14,common_shock,4.26110654561404,0.8408961121136163,0.8210054566556103,0.8334969371710886,0.8476695116207756
common_shock_half,14,common_shock,6.447419590941251,0.6787878137342155,0.7216099528026506,0.696029578276765,0.6891199018083729
common_shock_half,14,common_shock,9.75549870360324,0.5479835280499442,0.5076098051464213,0.574300722343484,0.5602256923932311
common_shock_half,15,common_shock,1.2300755055779713,1.5563168160646375,1.5763096215406622,1.6184517748827771,1.5776907328539957
common_shock_half,15,common_shock,1.8612097182041991,1.2740923820389867,1.2149755401068598,1.2475220868478516,1.2825966582536668
common_shock_half,15,common_shock,2.8161699013021884,1.0431472138166342,1.0942993248597914,1.036692156483308,1.0426975030699581
common_shock_half,15,common_shock,4.26110654561404,0.8541464384640055,0.8695871719355025,0.8610076925705754,0.8476695116207756
common_shock_half,15,common_shock,6.447419590941251,0.6994575824374053,0.6211287957083492,0.6811356698894657,0.6891199018083729
common_shock_half,15,common_shock,9.75549870360324,0.572839567178331,0.6236995458488345,0.5551906193260222,0.5602256923932311
common_shock_half,16,common_shock,1.2300755055779713,1.5779598179216012,1.5720050752166634,1.5522166306681413,1.5776907328539957
common_shock_half,16,common_shock,1.8612097182041991,1.282698216778893,1.2894972809651664,1.2867475721410584,1.2825966582536668
common_shock_half,16,common_shock,2.8161699013021884,1.0426867427774296,0.9486581506390508,1.05859081538914,1.0426975030699581
common_shock_half,16,common_shock,4.26110654561404,0.8475864510278817,0.9517366096513644,0.8493857279142245,0.8476695116207756
common_shock_half,16,common_shock,6.447419590941251,0.6889932018609733,0.6743480719735881,0.6741464838283928,0.6891199018083729
common_shock_half,16,common_shock,9.75549870360324,0.5600755696332219,0.5637548115541662,0.5789127700590438,0.5602256923932311
common_shock_half,17,common_shock,1.2300755055779713,1.6284514296763493,1.6437513281009741,1.5663174703093847,1.5776907328539957
common_shock_half,17,common_shock,1.8612097182041991,1.301754843264091,1.2808021508855587,1.2835734130383347,1.2825966582536668
common_shock_half,17,common_shock,2.8161699013021884,1.0406676619062525,0.9777228424742727,1.0668862837601578,1.0426975030699581
common_shock_half,17,common_shock,4.26110654561404,0.8320008102271929,0.8578826471860901,0.8757422160086934,0.8476695116207756
common_shock_half,17,common_shock,6.447419590941251,0.6652189931678808,0.7271806460458973,0.6432540879321833,0.6891199018083729
common_shock_half,17,common_shock,9.75549870360324,0.5319062617582333,0.5126603853072071,0.5642265289512454,0.5602256923932311
common_shock_half,18,common_shock,1.2300755055779713,1.5804835916387034,1.568102353189743,1.562540038462891,1.5776907328539957
common_shock_half,18,common_shock,1.8612097182041991,1.2836507435727211,1.3478391689784617,1.2756745546290549,1.2825966582536668
common_shock_half,18,common_shock,2.8161699013021884,1.04258582099937,0.9948219867137201,1.0645622573696942,1.0426975030699581
common_shock_half,18,common_shock,4.26110654561404,0.8468074180509184,0.7805383896917469,0.8387113856512995,0.8476695116207756
common_shock_half,18,common_shock,6.447419590941251,0.6878048713450854,0.6872678593536539,0.6705806068327169,0.6891199018083729
common_shock_half,18,common_shock,9.75549870360324,0.5586675543932018,0.621430242072674,0.5879311570543441,0.5602256923932311
common_shock_half,19,common_shock,1.2300755055779713,1.5601008276354504,1.5849255499865753,1.576636742381212,1.5776907328539957
common_shock_half,19,common_shock,1.8612097182041991,1.2755979684934902,1.285402501639657,1.3029478229359608,1.2825966582536668
common_shock_half,19,common_shock,2.8161699013021884,1.0430675975869228,1.0828720014184754,1.0418264344489434,1.0426975030699581
common_shock_half,19,common_shock,4.26110654561404,0.8529997714137114,0.8691154037868934,0.8152385687717384,0.8476695116207756
common_shock_half,19,common_shock,6.447419590941251,0.6976274123520094,0.6993441812088941,0.6991574706668924,0.6891199018083729
common_shock_half,19,common_shock,9.75549870360324,0.570606422518417,0.47834036195950513,0.5641929607952536,0.5602256923932311
common_shock_half,20,gaussian,1.2300755055779713,1.6967492023805006,1.5349028245740333,1.592528838711299,1.5776907328539957
common_shock_half,20,gaussian,1.8612097182041991,1.2507508351672152,1.3270798935116939,1.2936898853610679,1.2825966582536668
common_shock_half,20,gaussian,2.8161699013021884,0.9974900736201053,1.0237573535509827,1.0583706497837373,1.0426975030699581
common_shock_half,20,gaussian,4.26110654561404,0.8152825759738981,0.8762405146449254,0.8677299725650892,0.8476695116207756
common_shock_half,20,gaussian,6.447419590941251,0.6753693648765516,0.6865309383567483,0.6369551129478807,0.6891199018083729
common_shock_half,20,gaussian,9.75549870360324,0.5643579479817283,0.5514884753616167,0.5507255406309256,0.5602256923932311
common_shock_half,21,common_shock,1.2300755055779713,1.5651702655064228,1.5501118152531759,1.613598933568427,1.5776907328539957
common_shock_half,21,common_shock,1.8612097182041991,1.2776150016995598,1.3260364604902137,1.2754474785297845,1.2825966582536668
common_shock_half,21,common_shock,2.8161699013021884,1.0429609357751146,0.9806543469843618,1.020311835933959,1.0426975030699581
common_shock_half,21,common_shock,4.26110654561404,0.8514635823029285,0.880419253005373,0.8239614566022683,0.8476695116207756
common_shock_half,21,common_shock,6.447419590941251,0.6951755346641105,0.6946900104116217,0.6690169393402978,0.6891199018083729
common_shock_half,21,common_shock,9.75549870360324,0.5676146800518642,0.5680881138552542,0.5976633560252627,0.5602256923932311
common_shock_half,22,common_shock,1.2300755055779713,1.532704218213449,1.5909081127756057,1.6102280667554438,1.5776907328539957
common_shock_half,22,common_shock,1.8612097182041991,1.2646973770779564,1.1905168385914005,1.2568869219643428,1.2825966582536668
common_shock_half,22,common_shock,2.8161699013021884,1.0436440267833578,1.0731831643215168,1.0617479688957812,1.0426975030699581
common_shock_half,22,common_shock,4.26110654561404,0.8613017516603636,0.8367382980991196,0.8233797784011349,0.8476695116207756
common_shock_half,22,common_shock,6.447419590941251,0.7108780206197463,0.7949793492401451,0.6787411304299705,0.6891199018083729
common_shock_half,22,common_shock,9.75549870360324,0.5867746056451274,0.5136742369722118,0.5690161335533267,0.5602256923932311
common_shock_half,23,common_shock,1.2300755055779713,1.5689905452054753,1.5414269986690399,1.5552573820438254,1.5776907328539957
common_shock_half,23,common_shock,1.8612097182041991,1.279135018554601,1.2149003946159014,1.273183952181837,1.2825966582536668
common_shock_half,23,common_shock,2.8161699013021884,1.0428805564579822,1.077507788329428,1.0370169214205798,1.0426975030699581
common_shock_half,23,common_shock,4.26110654561404,0.8503059249406729,0.8384402164428727,0.8540481806666452,0.8476695116207756
common_shock_half,23,common_shock,6.447419590941251,0.6933278231832627,0.7754935848943141,0.7072701242640362,0.6891199018083729
common_shock_half,23,common_shock,9.75549870360324,0.5653601316580058,0.5522310170484442,0.5732234394230762,0.5602256923932311
gaussian_hidden_resource,0,student,1.2300755055779713,1.7233132991237357,1.6304923476934914,2.9688184995197635,2.959390781154414
gaussian_hidden_resource,0,student,1.8612097182041991,1.2737471799501536,1.2741047890960757,1.4658598454601177,1.475045353273307
gaussian_hidden_resource,0,student,2.8161699013021884,0.9831817720857741,0.9694582027074994,0.7857647179846436,0.782333892330915
gaussian_hidden_resource,0,student,4.26110654561404,0.7901873760397515,0.7688895451001316,0.43766190222869444,0.42347147461361456
gaussian_hidden_resource,0,student,6.447419590941251,0.6598627452608238,0.7268755282961392,0.22997035521358777,0.2318557763065347
gaussian_hidden_resource,0,student,9.75549870360324,0.569707627539761,0.6301795871066626,0.11192467959319267,0.12790272232121536
gaussian_hidden_resource,1,gaussian,1.2300755055779713,1.708819590131435,1.7159291166174975,2.95102531327419,2.959390781154414
gaussian_hidden_resource,1,gaussian,1.8612097182041991,1.2554160900087583,1.2648694221035675,1.4787674233189394,1.475045353273307
gaussian_hidden_resource,1,gaussian,2.8161699013021884,0.9972446869900495,1.0009617169844514,0.8013048135183489,0.782333892330915
gaussian_hidden_resource,1,gaussian,4.26110654561404,0.8117409555328524,0.8433684787512323,0.44398031058476356,0.42347147461361456
gaussian_hidden_resource,1,gaussian,6.447419590941251,0.6696169338428734,0.6082091787712969,0.22130218406856708,0.2318557763065347
gaussian_hidden_resource,1,gaussian,9.75549870360324,0.5571617434940314,0.566662086771955,0.10361995523519116,0.12790272232121536
gaussian_hidden_resource,2,gaussian,1.2300755055779713,1.7132492613988552,1.7617557385485385,2.935362091550486,2.959390781154414
gaussian_hidden_resource,2,gaussian,1.8612097182041991,1.2571488132889155,1.2877110517265047,1.4683845174427035,1.475045353273307
gaussian_hidden_resource,2,gaussian,2.8161699013021884,0.9971359406737026,0.951152416617513,0.7799082576303259,0.782333892330915
gaussian_hidden_resource,2,gaussian,4.26110654561404,0.8104147933189493,0.7671080534126797,0.4524412407675209,0.42347147461361456
gaussian_hidden_resource,2,gaussian,6.447419590941251,0.6674992341883996,0.6968360316914853,0.20224829824279306,0.2318557763065347
gaussian_hidden_resource,2,gaussian,9.75549870360324,0.5545519571311773,0.5354367080032778,0.16165559436617155,0.12790272232121536
gaussian_hidden_resource,3,student,1.2300755055779713,1.736855030283387,1.7263792338498538,2.969741049930831,2.959390781154414
gaussian_hidden_resource,3,student,1.8612097182041991,1.2792061433549713,1.288952169565354,1.448295206678729,1.475045353273307
gaussian_hidden_resource,3,student,2.8161699013021884,0.9823923325947227,0.9998957785239246,0.7905085876444257,0.782333892330915
gaussian_hidden_resource,3,student,4.26110654561404,0.7857487140431709,0.8121119889467496,0.4312701359280345,0.42347147461361456
gaussian_hidden_resource,3,student,6.447419590941251,0.6534756783012653,0.6218043337599741,0.22261582080885498,0.2318557763065347
gaussian_hidden_resource,3,student,9.75549870360324,0.5623221014224835,0.5508564953541434,0.1375691990091253,0.12790272232121536
gaussian_hidden_resource,4,gaussian,1.2300755055779713,1.7300096937477256,1.750096160611661,2.926554381601166,2.959390781154414
gaussian_hidden_resource,4,gaussian,1.8612097182041991,1.2637059675280318,1.2341108476017788,1.4885937617392937,1.475045353273307
gaussian_hidden_resource,4,gaussian,2.8161699013021884,0.9967234890537476,0.9836524230079555,0.7914774995392824,0.782333892330915
gaussian_hidden_resource,4,gaussian,4.26110654561404,0.8053956262761102,0.797523623924637,0.4279393376241045,0.42347147461361456
gaussian_hidden_resource,4,gaussian,6.447419590941251,0.659486197184967,0.6601232806778355,0.21823762080414313,0.2318557763065347
gaussian_hidden_resource,4,gaussian,9.75549870360324,0.5446790262094179,0.5744936641761318,0.14719739869201057,0.12790272232121536
gaussian_hidden_resource,5,gaussian,1.2300755055779713,1.6969282472392413,1.6324558197644485,2.9427263197834628,2.959390781154414
gaussian_hidden_resource,5,gaussian,1.8612097182041991,1.2508200367464297,1.216163527109132,1.480257656742534,1.475045353273307
gaussian_hidden_resource,5,gaussian,2.8161699013021884,0.997486433702696,0.9827604111958047,0.7605406139622523,0.782333892330915
gaussian_hidden_resource,5,gaussian,4.26110654561404,0.8152300417103217,0.7639603786436917,0.46543636429431495,0.42347147461361456
gaussian_hidden_resource,5,gaussian,6.447419590941251,0.6752840367807943,0.6884961921827184,0.23597801808944635,0.2318557763065347
gaussian_hidden_resource,5,gaussian,9.75549870360324,0.5642512038205173,0.716163671104204,0.11506102712798834,0.12790272232121536
gaussian_hidden_resource,6,student,1.2300755055779713,1.745432562310495,1.7817920663931746,2.9676625916417403,2.959390781154414
gaussian_hidden_resource,6,student,1.8612097182041991,1.2826639312025954,1.2673245874804961,1.5036329598490021,1.475045353273307
gaussian_hidden_resource,6,student,2.8161699013021884,0.9818922899902632,0.9546644430186941,0.7496815608074207,0.782333892330915
gaussian_hidden_resource,6,student,4.26110654561404,0.782937200139644,0.8098925705295619,0.43252551342289725,0.42347147461361456
gaussian_hidden_resource,6,student,6.447419590941251,0.6494300159883005,0.6483935267702622,0.24625781160175167,0.2318557763065347
gaussian_hidden_resource,6,student,9.75549870360324,0.5576440003687017,0.5379328058078116,0.10023956267718893,0.12790272232121536
gaussian_hidden_resource,7,gaussian,1.2300755055779713,1.7177358445883175,1.711835152833256,2.976039475631969,2.959390781154414
gaussian_hidden_resource,7,gaussian,1.8612097182041991,1.2589040912774283,1.238513738626629,1.4999119290973681,1.475045353273307
gaussian_hidden_resource,7,gaussian,2.8161699013021884,0.9970255319165751,1.0162454476629383,0.7787792315922042,0.782333892330915
gaussian_hidden_resource,7,gaussian,4.26110654561404,0.8090712175679918,0.776328730555066,0.3980396869309537,0.42347147461361456
gaussian_hidden_resource,7,gaussian,6.447419590941251,0.6653542324147095,0.7000863895931626,0.23381835728823075,0.2318557763065347
gaussian_hidden_resource,7,gaussian,9.75549870360324,0.5519090822349774,0.5569905407289485,0.11341131945927532,0.12790272232121536
gaussian_hidden_resource,8,gaussian,1.2300755055779713,1.7157556753211616,1.6451123036039237,2.9633163805550846,2.959390781154414
gaussian_hidden_resource,8,gaussian,1.8612097182041991,1.2581293931649913,1.288194632260714,1.476297423857519,1.475045353273307
gaussian_hidden_resource,8,gaussian,2.8161699013021884,0.9970742612097714,1.046619535140131,0.7865583513094238,0.782333892330915
gaussian_hidden_resource,8,gaussian,4.26110654561404,0.8096642094501865,0.761892149013714,0.42770995084422664,0.42347147461361456
gaussian_hidden_resource,8,gaussian,6.447419590941251,0.6663009364901478,0.7781609800010315,0.22758208140867958,0.2318557763065347
gaussian_hidden_resource,8,gaussian,9.75549870360324,0.5530755243637415,0.4800203999804849,0.11853581202506669,0.12790272232121536
gaussian_hidden_resource,9,gaussian,1.2300755055779713,1.7068041510222982,1.754594183473606,2.9557364774905484,2.959390781154414
gaussian_hidden_resource,9,gaussian,1.8612097182041991,1.254637114448424,1.2376816745466175,1.483147696871676,1.475045353273307
gaussian_hidden_resource,9,gaussian,2.8161699013021884,0.9972856601403142,0.9554297594913312,0.7858228389841517,0.782333892330915
gaussian_hidden_resource,9,gaussian,4.26110654561404,0.8123323135317739,0.8021139269044855,0.43877996351405324,0.42347147461361456
gaussian_hidden_resource,9,gaussian,6.447419590941251,0.6705774393972197,0.6538640009756784,0.23602723464287323,0.2318557763065347
gaussian_hidden_resource,9,gaussian,9.75549870360324,0.5583633214599691,0.5963164546082816,0.10048578849669818,0.12790272232121536
gaussian_hidden_resource,10,student,1.2300755055779713,1.7253643934128142,1.724875760441794,2.9512178745495947,2.959390781154414
gaussian_hidden_resource,10,student,1.8612097182041991,1.2745740202213054,1.2858175999902604,1.4544947524264042,1.475045353273307
gaussian_hidden_resource,10,student,2.8161699013021884,0.9830621998676746,0.9350190756348291,0.8059500615608902,0.782333892330915
gaussian_hidden_resource,10,student,4.26110654561404,0.7895150754184351,0.7745788042419143,0.44035155285585115,0.42347147461361456
gaussian_hidden_resource,10,student,6.447419590941251,0.65889533006034,0.5814665824298386,0.21199740060474265,0.2318557763065347
gaussian_hidden_resource,10,student,9.75549870360324,0.5685889810194312,0.6982421772613633,0.135988358002517,0.12790272232121536
gaussian_hidden_resource,11,gaussian,1.2300755055779713,1.707933219050086,1.6962936510364743,2.957799540608208,2.959390781154414
gaussian_hidden_resource,11,gaussian,1.8612097182041991,1.2550735039159175,1.2879546868398732,1.4767580299228975,1.475045353273307
gaussian_hidden_resource,11,gaussian,2.8161699013021884,0.9972627065944831,0.9609809144894108,0.8026949673924144,0.782333892330915
gaussian_hidden_resource,11,gaussian,4.26110654561404,0.8120010291945137,0.8730619604019576,0.46726376642834844,0.42347147461361456
gaussian_hidden_resource,11,gaussian,6.447419590941251,0.6700393551122573,0.6109341620989442,0.20516163559526138,0.2318557763065347
gaussian_hidden_resource,11,gaussian,9.75549870360324,0.5576901861327422,0.5707746251333399,0.09032206005287143,0.12790272232121536
gaussian_hidden_resource,12,gaussian,1.2300755055779713,1.7067602003032711,1.6790925219372133,2.9566507304880933,2.959390781154414
gaussian_hidden_resource,12,gaussian,1.8612097182041991,1.2546201273135482,1.2201453054869045,1.5214021736368553,1.475045353273307
gaussian_hidden_resource,12,gaussian,2.8161699013021884,0.9972865536425825,0.9125167140684639,0.7876990218680324,0.782333892330915
gaussian_hidden_resource,12,gaussian,4.26110654561404,0.8123452092869162,0.8155860867837137,0.4095859484117417,0.42347147461361456
gaussian_hidden_resource,12,gaussian,6.447419590941251,0.6705983851601317,0.7491601969311745,0.21208447818423598,0.2318557763065347
gaussian_hidden_resource,12,gaussian,9.75549870360324,0.5583895242935509,0.6234991747925305,0.11257764741104125,0.12790272232121536
gaussian_hidden_resource,13,student,1.2300755055779713,1.712928698539032,1.7232857454310226,2.8845181097240578,2.959390781154414
gaussian_hidden_resource,13,student,1.8612097182041991,1.2695949033920881,1.1996345123311751,1.4776904116451612,1.475045353273307
gaussian_hidden_resource,13,student,2.8161699013021884,0.9837303356154947,0.9912518084692954,0.7837911052583021,0.782333892330915
gaussian_hidden_resource,13,student,4.26110654561404,0.7935361424239076,0.8300681803517114,0.4637092501542138,0.42347147461361456
gaussian_hidden_resource,13,student,6.447419590941251,0.6647636272959182,0.6679821719446202,0.2403672795664761,0.2318557763065347
gaussian_hidden_resource,13,student,9.75549870360324,0.5754462927335587,0.5877775814721753,0.14992384365178885,0.12790272232121536
gaussian_hidden_resource,14,gaussian,1.2300755055779713,1.7228283254662773,1.8209828086598094,2.9742300347810895,2.959390781154414
gaussian_hidden_resource,14,gaussian,1.8612097182041991,1.2608964135446268,1.2337900602037348,1.480618823499254,1.475045353273307
gaussian_hidden_resource,14,gaussian,2.8161699013021884,0.996900212835063,0.9406651971546729,0.7791160182799864,0.782333892330915
gaussian_hidden_resource,14,gaussian,4.26110654561404,0.8075461965150196,0.8087107752429155,0.4283793779414485,0.42347147461361456
gaussian_hidden_resource,14,gaussian,6.447419590941251,0.6629195555003569,0.6382177696880672,0.2181859266422247,0.2318557763065347
gaussian_hidden_resource,14,gaussian,9.75549870360324,0.5489092961386559,0.5576333890508002,0.11946981885599703,0.12790272232121536
gaussian_hidden_resource,15,gaussian,1.2300755055779713,1.7065572511947456,1.68293397713063,2.9882246198330527,2.959390781154414
gaussian_hidden_resource,15,gaussian,1.8612097182041991,1.2545416866428198,1.2412360056014085,1.4776095669109943,1.475045353273307
gaussian_hidden_resource,15,gaussian,2.8161699013021884,0.9972906795247692,0.9615487351465483,0.7741223454255651,0.782333892330915
gaussian_hidden_resource,15,gaussian,4.26110654561404,0.812404757391424,0.8173611233113529,0.4038500244579816,0.42347147461361456
gaussian_hidden_resource,15,gaussian,6.447419590941251,0.6706951053959872,0.6876853455954403,0.23421797175309203,0.2318557763065347
gaussian_hidden_resource,15,gaussian,9.75549870360324,0.5585105198502536,0.6092348132146204,0.12197547161931381,0.12790272232121536
gaussian_hidden_resource,16,student,1.2300755055779713,1.7330199444947674,1.6934645109401427,3.0505703626177825,2.959390781154414
gaussian_hidden_resource,16,student,1.8612097182041991,1.2776601376982655,1.2188042710558016,1.4510725119641885,1.475045353273307
gaussian_hidden_resource,16,student,2.8161699013021884,0.9826159057950332,1.0274642977715769,0.7596953730650545,0.782333892330915
gaussian_hidden_resource,16,student,4.26110654561404,0.7870057652534542,0.8159024054780794,0.40793778908247524,0.42347147461361456
gaussian_hidden_resource,16,student,6.447419590941251,0.65528452751255,0.5960759118629599,0.21160738474922267,0.2318557763065347
gaussian_hidden_resource,16,student,9.75549870360324,0.5644137192459302,0.6482886028914391,0.11911657852127641,0.12790272232121536
gaussian_hidden_resource,17,gaussian,1.2300755055779713,1.6833105539003415,1.633771183383391,2.9905766692511735,2.959390781154414
gaussian_hidden_resource,17,gaussian,1.8612097182041991,1.2455567418887283,1.2109775810992862,1.5362118072765238,1.475045353273307
gaussian_hidden_resource,17,gaussian,2.8161699013021884,0.9977632764973533,0.9689181898102688,0.803434829585448,0.782333892330915
gaussian_hidden_resource,17,gaussian,4.26110654561404,0.819225663233351,0.8288861401911989,0.3831337409020878,0.42347147461361456
gaussian_hidden_resource,17,gaussian,6.447419590941251,0.6817738731792762,0.7759459959405685,0.18900596958858348,0.2318557763065347
gaussian_hidden_resource,17,gaussian,9.75549870360324,0.5723698913009496,0.5815009095752869,0.09763698339618393,0.12790272232121536
gaussian_hidden_resource,18,gaussian,1.2300755055779713,1.7012445426466165,1.6751882386872943,2.9198295801992185,2.959390781154414
gaussian_hidden_resource,18,gaussian,1.8612097182041991,1.2524883027924172,1.3454011188409771,1.5287312412633012,1.475045353273307
gaussian_hidden_resource,18,gaussian,2.8161699013021884,0.9973986849736413,0.9387240673407133,0.7782618487254527,0.782333892330915
gaussian_hidden_resource,18,gaussian,4.26110654561404,0.8139635803206974,0.8031311036801135,0.4218950035783482,0.42347147461361456
gaussian_hidden_resource,18,gaussian,6.447419590941251,0.6732270033064567,0.7024206814313261,0.2101164784166609,0.2318557763065347
gaussian_hidden_resource,18,gaussian,9.75549870360324,0.5616778859601714,0.5351347900195755,0.14116584781701794,0.12790272232121536
gaussian_hidden_resource,19,student,1.2300755055779713,1.7390892639562487,1.6924663924169325,2.954504502161633,2.959390781154414
gaussian_hidden_resource,19,student,1.8612097182041991,1.2801068110549996,1.335487524643454,1.4430765374561987,1.475045353273307
gaussian_hidden_resource,19,student,2.8161699013021884,0.9822620839379739,0.9701171270784869,0.7790135864407006,0.782333892330915
gaussian_hidden_resource,19,student,4.26110654561404,0.7850163846254398,0.7748351879936235,0.42286990018973725,0.42347147461361456
gaussian_hidden_resource,19,student,6.447419590941251,0.6524218839300999,0.7449466986973592,0.24780951103695295,0.2318557763065347
gaussian_hidden_resource,19,student,9.75549870360324,0.5611035724952372,0.48214706917014455,0.1527259627147775,0.12790272232121536
gaussian_hidden_resource,20,student,1.2300755055779713,1.7243096658843315,1.7407303954951208,3.0081397374858736,2.959390781154414
gaussian_hidden_resource,20,student,1.8612097182041991,1.2741488368446634,1.2679807063841673,1.449675822837281,1.475045353273307
gaussian_hidden_resource,20,student,2.8161699013021884,0.9831236870995113,0.9158460827514024,0.771240508218557,0.782333892330915
gaussian_hidden_resource,20,student,4.26110654561404,0.789860790374834,0.8293852107220326,0.4336524158639889,0.42347147461361456
gaussian_hidden_resource,20,student,6.447419590941251,0.6593928008245346,0.6873057529229681,0.20169815755767256,0.2318557763065347
gaussian_hidden_resource,20,student,9.75549870360324,0.569164218972126,0.5587518517243081,0.1355933580366265,0.12790272232121536
gaussian_hidden_resource,21,gaussian,1.2300755055779713,1.6968171685793685,1.6709059984611745,2.9418985137220446,2.959390781154414
gaussian_hidden_resource,21,gaussian,1.8612097182041991,1.2507771043844826,1.2359084824236077,1.4632301756474548,1.475045353273307
gaussian_hidden_resource,21,gaussian,2.8161699013021884,0.997488691891793,0.836774232544694,0.7603700488898865,0.782333892330915
gaussian_hidden_resource,21,gaussian,4.26110654561404,0.8152626337413723,0.8325169344587101,0.4334391566968394,0.42347147461361456
gaussian_hidden_resource,21,gaussian,6.447419590941251,0.6753369739642071,0.8027744138230936,0.26657361916270783,0.2318557763065347
gaussian_hidden_resource,21,gaussian,9.75549870360324,0.5643174274387771,0.62111993828872,0.13448848588106724,0.12790272232121536
gaussian_hidden_resource,22,gaussian,1.2300755055779713,1.7011578852746903,1.6285717166237528,2.931211846845971,2.959390781154414
gaussian_hidden_resource,22,gaussian,1.8612097182041991,1.2524548093593744,1.3010803593548013,1.4699989921153862,1.475045353273307
gaussian_hidden_resource,22,gaussian,2.8161699013021884,0.9974004466867613,1.0224221091768795,0.8047217196224947,0.782333892330915
gaussian_hidden_resource,22,gaussian,4.26110654561404,0.8139890068045946,0.8437785201367155,0.43095073722797994,0.42347147461361456
gaussian_hidden_resource,22,gaussian,6.447419590941251,0.6732683019429091,0.6555673603315196,0.23350210531328314,0.2318557763065347
gaussian_hidden_resource,22,gaussian,9.75549870360324,0.5617295499316706,0.5485799343763309,0.12961459887488433,0.12790272232121536
gaussian_hidden_resource,23,student,1.2300755055779713,1.757903301917546,1.7769619130363816,2.9368620822995686,2.959390781154414
gaussian_hidden_resource,23,student,1.8612097182041991,1.2876911548524597,1.3556278828639317,1.487504308526135,1.475045353273307
gaussian_hidden_resource,23,student,2.8161699013021884,0.9811652858714869,1.0446102047924892,0.7883452664320997,0.782333892330915
gaussian_hidden_resource,23,student,4.26110654561404,0.7788495840652676,0.7954587869213974,0.40829943186115886,0.42347147461361456
gaussian_hidden_resource,23,student,6.447419590941251,0.6435480908513738,0.5615658577533272,0.24393195952969113,0.2318557763065347
gaussian_hidden_resource,23,student,9.75549870360324,0.5508425824418656,0.46577535463247255,0.13505695135134674,0.12790272232121536
