document,genre,sentences,candidate_letter_runs,ascii_tokens,vocabulary_tokens,dictionary_absent,unseen_in_fitting_genres,training_count_below_five,non_ascii_letter_run,uniform_loss_sum,inverse_letters_loss_sum,letters_power_loss_sum,composite_power_loss_sum,letters_exponential_loss_sum,training_unigram_loss_sum
answers-20080426140040AA4YiX5_ans,answers,2,11,11,9,0,1,1,0,70.84866581880186,65.33965604211245,62.9297808431475,61.50001017161608,63.548339802998456,48.853243666085305
answers-20081218053636AA9vV0u_ans,answers,11,89,89,60,5,11,13,0,472.3244387920124,448.6348273972193,441.7112428103678,434.8714975999933,441.6358895002285,380.70830484197904
answers-20090203211448AAoG2yX_ans,answers,4,10,10,6,0,4,0,0,47.23244387920124,46.06554748130549,46.216134097317166,45.278606632689765,45.41578777453947,48.87645926554667
answers-20090605110621AA3jC62_ans,answers,3,8,8,6,1,1,0,0,47.23244387920124,45.91491062077803,45.95986349240241,45.697957562300765,46.37901763955226,40.507280201309904
answers-20090709103651AAwwZKx_ans,answers,3,30,30,22,0,6,2,0,173.1856275570712,160.99950559934877,156.00653945079114,150.57202557356737,154.48418186065152,123.45505723922854
answers-20090716131314AA4W9uJ_ans,answers,2,11,11,9,0,1,1,0,70.84866581880186,67.1314155113405,65.97800742881181,64.43096608616018,64.51156966801125,56.942744276639885
answers-20090716131753AAhQKkW_ans,answers,2,12,12,11,1,0,0,0,86.5928137785356,81.65259396587868,79.96453804975732,77.89911551118118,78.20532079533855,69.37931087463924
answers-20090717130909AAPrVWu_ans,answers,6,53,53,48,1,2,2,0,377.85955103360993,357.28766090246256,350.6126310791213,343.2273046959615,349.8410840861367,297.38890937703
answers-20090717131703AARh8u2_ans,answers,3,32,32,23,0,5,4,0,181.05770153693808,169.94281550291348,165.8625293567372,158.7300980800141,162.29428728932794,135.25050607414306
answers-20090730195539AAVSpaH_ans,answers,4,44,44,30,0,6,8,0,236.16221939600618,219.23017333012456,212.20096568537247,204.1659882065823,211.66726103249272,179.39914421189192
answers-20090801154222AA09uXV_ans,answers,4,16,16,8,0,5,3,0,62.97659183893499,57.732493224563385,55.34690802679914,52.61691734314242,55.256619441815616,47.10176315587727
answers-20110101171252AA43jJo_ans,answers,4,36,36,26,0,6,4,0,204.6739234765387,187.65411960709076,179.91745869394927,173.1214852480773,177.53714972274858,144.0137849925535
answers-20110320195750AAkPbFG_ans,answers,8,116,116,93,5,10,8,0,732.1028801276193,683.5565308807444,664.5310021464794,643.6992793473528,662.2850188435586,540.7807890571751
answers-20110828235728AAvFDPs_ans,answers,2,25,25,21,0,2,2,0,165.31355357720435,150.91053337142625,144.20149420830154,138.75832727981185,142.82115697192393,124.61182195171558
answers-20111024111513AAAQhAO_ans,answers,7,72,72,57,2,8,5,0,448.70821685241174,420.9531119134483,410.694174548124,404.47958908713883,409.53650442908406,342.2994255510622
answers-20111024202518AA18Sg7_ans,answers,4,45,45,28,7,4,6,0,220.41807143627244,206.27315644315084,200.87546125483323,194.39111005719724,197.97350990516543,165.1085606151703
answers-20111103205154AAOod9K_ans,answers,10,143,143,125,5,3,10,0,984.0092474833592,928.1990260054492,909.2470304614496,886.6990551688577,902.5760939110769,781.916174871008
answers-20111104115933AA30CRJ_ans,answers,9,90,90,66,4,6,14,0,519.5568826712137,488.2941068209497,477.02872843205813,463.40516503254344,478.8642234221592,409.198607519672
answers-20111105235047AAgQW4l_ans,answers,5,46,46,40,1,3,2,0,314.882959194675,298.676287156856,293.77052963162237,286.76510161041466,293.6212347793083,259.34413907211723
answers-20111106015552AAj6rCu_ans,answers,7,126,126,93,8,14,11,0,732.1028801276192,679.470866421666,657.5802750884375,631.7386251605458,646.3917260708477,566.7185680347006
answers-20111106022931AAwpqXm_ans,answers,11,69,69,61,2,2,4,0,480.19651277187927,453.1906281207756,444.1029930362468,432.3361829852492,438.3688514812578,397.7164566571611
answers-20111106103415AAqdokn_ans,answers,18,137,137,87,15,20,15,0,684.8704362484178,643.228748212346,628.0762269510509,616.9833599028768,622.1669953265896,535.6845493582314
answers-20111106112223AAmR2im_ans,answers,2,31,31,25,1,1,4,0,196.80184949667182,180.29381686747323,172.75455600496085,167.23228026110826,170.69027415908494,146.0453239775495
answers-20111106130843AA7yj7U_ans,answers,6,99,99,90,2,1,6,0,708.4866581880185,661.3135038124153,642.7664897678874,625.1317678567984,633.0753233674525,537.0543035409431
answers-20111106230959AAuYQ5Q_ans,answers,10,141,141,120,2,10,9,0,944.6488775840248,882.523341032291,858.3353539926875,832.1231956851749,848.11388892749,723.9818349254215
answers-20111107035344AAdi9dS_ans,answers,8,57,57,38,5,7,7,0,299.1388112349412,281.12600398839703,274.63074173574114,265.4458041312543,269.3319551368403,254.28300434231903
answers-20111107082312AAPNaxb_ans,answers,9,132,132,102,0,13,17,0,802.9515459464211,749.2277882292435,728.0249189327199,706.8375851739079,722.9436690515188,596.6781278756638
answers-20111107143529AAW8bjR_ans,answers,6,70,70,54,0,8,8,0,425.0919949128112,396.8821863292753,385.8199541157535,374.29465942461206,382.73488361550994,329.6500144744931
answers-20111107144434AA0lJDI_ans,answers,2,13,13,8,0,4,1,0,62.976591838934986,61.13369060622554,61.133187078161484,60.45909724028343,60.554383699385966,57.087531232063675
answers-20111107155815AA6LXXJ_ans,answers,7,70,70,53,3,10,4,0,417.21992093294426,389.21184210152353,378.1295940737996,362.8394397350043,375.4063931193399,307.3460370954416
answers-20111107155845AAE3kCA_ans,answers,10,103,103,82,2,10,9,0,645.5100663490836,607.7982377135199,594.5941294764403,572.5101948851558,589.3774623057905,479.082957071623
answers-20111107163942AA08rP5_ans,answers,10,54,54,39,1,6,8,0,307.01088521480807,284.7366311696178,275.4145176942623,266.6315292940409,276.17883070050397,248.70635041701635
answers-20111107164802AAq8nhF_ans,answers,7,80,80,64,2,10,4,0,503.8127347114799,474.2590969325106,463.86929094149576,449.2814457415933,457.4646333747296,353.8429954656912
answers-20111107173321AASNJjc_ans,answers,2,12,12,9,0,2,1,0,70.84866581880186,67.43971687099501,66.50250439229109,65.06408369841421,65.95641446553043,59.90401176568203
answers-20111107200249AAIyCy5_ans,answers,7,131,131,99,3,17,12,0,779.3353240068204,727.9653953787113,707.9287082122673,687.0749168503139,705.7743468880726,577.9553672722534
answers-20111107201117AANg07J_ans,answers,6,44,44,28,0,12,4,0,220.41807143627247,202.48669666069804,194.43375544964834,186.43958810779117,192.19413071508868,160.7549670184228
answers-20111107211645AA391wC_ans,answers,9,99,99,75,0,17,7,0,590.4055484900155,546.6978498288883,528.15880352802,513.4600833871023,527.4825003174594,447.94224940902114
answers-20111107214231AA68BMD_ans,answers,5,65,65,56,1,3,5,0,440.8361428725449,413.3354821801605,403.09349491597663,392.8731997214421,403.65285873043314,349.0667733963608
answers-20111107221352AAlIioO_ans,answers,10,99,99,80,3,6,10,0,629.7659183893498,600.3955969896654,592.7179944383755,585.9690907323784,592.540233816187,521.1010844909101
answers-20111108044633AAdN4ph_ans,answers,3,15,14,11,0,2,1,1,86.5928137785356,82.5813072177514,81.54450928665376,79.83693431782166,79.65016559285772,73.16265540936624
answers-20111108044917AALAHtc_ans,answers,4,26,26,23,2,1,0,0,181.05770153693808,173.38459070866372,171.7178413359551,169.1225314461093,170.96335607444308,157.90041144604464
answers-20111108050147AAOkFgL_ans,answers,7,136,136,127,0,2,7,0,999.753395443093,937.6903201113983,914.6764821566217,889.5740972104301,907.6007762532892,760.962525312307
answers-20111108051957AALVg5J_ans,answers,4,28,28,17,4,4,3,0,133.82525765773684,128.17239671946177,126.95347286135302,123.57554735057467,126.02918323240999,101.25740111786433
answers-20111108063043AAOhkv9_ans,answers,4,16,16,9,4,1,2,0,70.84866581880186,65.45743907776884,63.13015895572012,62.08644580129008,62.103495005479274,48.98858174717529
answers-20111108064636AAvIKDE_ans,answers,7,57,57,50,0,3,4,0,393.60369899334364,368.6915816309356,359.29593432041577,346.33227131002866,357.27384109088086,324.374069126074
answers-20111108071652AA8GAZw_ans,answers,9,63,63,40,8,7,8,0,314.8829591946749,293.2176614431538,284.48405546616624,273.5107468148774,285.915395859206,243.37654931664645
answers-20111108073410AAlpgTl_ans,answers,3,38,38,27,2,5,4,0,212.5459974564056,196.98404902238093,190.43118413550596,187.38199649518543,188.7185596789698,157.90617884374512
answers-20111108074455AAiMwmn_ans,answers,13,146,146,118,0,18,10,0,928.904729624291,858.9213564431618,828.9001232788386,808.1929118661487,827.1959138125669,699.7612798880473
answers-20111108074555AAFT8Aj_ans,answers,11,94,94,67,9,10,8,0,527.4289566510805,498.23886526472893,488.58843031323465,482.55249046126,487.15594378334197,454.1472609276807
answers-20111108075238AAOhbL0_ans,answers,4,127,127,57,50,18,2,0,448.7082168524118,373.92975871403416,330.69580544153223,357.637649181789,356.07724692087425,454.95280208814154
answers-20111108075412AA4d7Up_ans,answers,5,65,65,47,8,6,4,0,369.9874770537431,339.9600440226659,326.4928586363754,318.79187907420487,324.69284108723014,283.8788734708869
answers-20111108081113AAiSNVY_ans,answers,2,31,31,27,0,2,2,0,212.5459974564056,201.82478527968178,198.66647531554966,192.98898696957588,194.49793886904652,174.46838127237604
answers-20111108081519AAdHz5c_ans,answers,6,63,63,49,3,5,6,0,385.7316250134768,356.03741587511934,343.12685961783995,334.2937500644165,342.23951167460854,283.20158138841146
answers-20111108081911AAy6QeW_ans,answers,6,103,103,73,4,17,9,0,574.6614005302818,534.3102979615983,517.8021001237446,503.2586580062697,516.6784387851706,434.2511545826602
answers-20111108082432AAph0C0_ans,answers,6,82,82,60,5,6,11,0,472.32443879201236,434.7271313923151,418.0508076707389,403.0388996407876,416.11029807738953,345.8405529318554
answers-20111108083559AAp6Jfq_ans,answers,6,76,76,57,1,12,6,0,448.7082168524118,418.8530510845658,407.1214509989803,396.9231422437066,408.09165963156477,344.3078630491928
answers-20111108084036AAh8Ws9_ans,answers,6,75,75,57,2,8,8,0,448.70821685241174,428.28986084482574,423.1758014233004,407.45034466165987,419.65041801171833,357.2536816040354
answers-20111108084122AAYLqSQ_ans,answers,3,63,63,53,6,2,2,0,417.2199209329443,385.0673502641972,371.0787870767814,358.9856695134252,364.81086460419925,318.70992541411357
answers-20111108084149AAbQBhq_ans,answers,4,43,43,32,1,5,5,0,251.90636735573992,234.87813495029755,228.1044335184577,219.50210316080376,224.39778229480726,199.96416454424715
answers-20111108090345AAQiffR_ans,answers,5,42,42,32,2,2,6,0,251.90636735573992,238.19459110350462,233.746546754087,231.5395059915897,229.69554655237755,200.2115344018668
answers-20111108100703AAo53QA_ans,answers,7,71,71,66,0,2,3,0,519.5568826712137,491.1960011830197,481.96556939490335,472.1168192938486,491.3862116673255,408.9622575569912
answers-20111108101906AA2JJqq_ans,answers,4,35,35,24,1,1,9,0,188.92977551680497,177.9204328953346,174.07563714786852,169.86371636557917,172.5124673805364,141.1402452953911
answers-20111108102205AArwNzY_ans,answers,11,135,135,104,3,9,19,0,818.6956939061548,771.0026215155794,754.3517127872369,732.603951150523,748.1961785589996,628.6690985555376
answers-20111108102612AASRNao_ans,answers,4,51,51,35,1,7,8,0,275.5225892953406,258.41784422105684,252.07492344620633,244.84123793650184,253.1258628384069,207.57013561900865
answers-20111108103704AAB0G7y_ans,answers,5,102,102,76,6,8,12,0,598.2776224698823,560.4852815298932,546.2558442562146,527.470923389641,534.8109908136295,450.4063191179434
answers-20111108104517AAw5v4L_ans,answers,10,143,143,100,8,19,16,0,787.2073979866873,730.9536083793389,707.6536035089798,677.6112776640455,707.8050731266723,575.7682994581867
answers-20111108104957AAsMzvU_ans,answers,7,87,87,63,1,14,9,0,495.9406607316131,457.95450153295576,441.48993138749654,424.0562055784186,446.76483835101476,382.62050651841514
answers-20111108105137AA9BNtk_ans,answers,11,125,125,87,16,10,12,0,684.870436248418,639.2083826092309,621.2365894182376,609.8534246496426,622.1669953265895,552.1447672743905
answers-20111108111112AAAjhoy_ans,answers,10,134,134,112,4,5,13,0,881.6722857450898,828.2474870274984,808.8690453140222,785.3210841223399,799.599878540764,690.2901058278325
email-enronsent04_01,email,34,484,484,409,12,23,40,0,3219.6782577655504,3059.3248011999035,3012.921953127785,2961.251011521451,3018.5436699638312,2598.553536282784
email-enronsent04_02,email,15,156,156,132,1,11,12,0,1039.1137653424273,979.394797824165,958.8321516075866,930.9491512044586,955.8019871142928,805.9140158970806
email-enronsent09_02,email,41,324,324,255,24,24,21,0,2007.3788648660527,1866.3438453421477,1808.620343215569,1762.9247023812923,1789.298612659807,1542.799473607872
email-enronsent18_01,email,15,208,208,158,14,18,18,0,1243.787688818966,1180.8429923643596,1162.2167478598199,1141.5876560563524,1168.4970269100081,973.9140110412675
email-enronsent18_02,email,64,540,540,448,20,33,39,0,3526.689142980359,3335.3056152333666,3273.4406574988793,3207.991542860931,3273.5314436340536,2796.954749653987
email-enronsent21_01,email,21,151,151,114,5,17,15,0,897.4164337048236,853.0079002159243,840.2750499596486,819.9101058630847,839.3008360234365,739.2850366385112
email-enronsent21_02,email,61,580,580,505,28,23,24,0,3975.3973598327702,3766.900522932073,3702.2391621141446,3649.7545274773047,3697.998010970836,3148.1080468289424
email-enronsent23_01,email,5,23,23,23,0,0,0,0,181.05770153693808,170.42659876309256,166.6855644910304,158.26714975089635,165.66559181687273,138.54578295791353
email-enronsent23_02,email,6,36,36,26,0,3,7,0,204.6739234765387,190.51496337708542,184.78446243351198,176.19755073684468,183.7981438453317,159.06216190453983
email-enronsent23_03,email,9,81,81,72,1,4,4,0,566.7893265504149,532.6213404516511,520.2875601767762,507.5342828680499,519.9454768041411,456.78207591905806
email-enronsent23_04,email,21,241,241,184,23,13,21,0,1448.4616122955047,1342.1538942192558,1297.3178692700717,1281.6907752181974,1292.0933041920407,1127.3686864529682
email-enronsent23_05,email,5,24,24,20,1,0,3,0,157.44147959733746,146.35234734195,141.8056859863326,134.3129208127384,139.82720086831145,113.1071098256935
email-enronsent23_06,email,9,58,58,52,0,0,6,0,409.34784695307746,379.2068991685615,366.4675034718588,353.076784578047,367.5962876906634,322.7067640524038
email-enronsent23_07,email,12,71,71,60,0,5,6,0,472.3244387920124,435.50853362063,419.38016637504813,399.7256902224255,418.0367578074151,357.78908845875
email-enronsent23_09,email,3,20,20,18,0,0,2,0,141.69733163760372,128.5998705425451,122.32191665104139,116.7415849779567,121.31730041592017,93.79641183269486
email-enronsent23_10,email,4,21,21,15,1,1,4,0,118.0811096980031,111.57041961230897,109.42698842336583,106.93834827458144,107.51928278001874,89.26895208272765
email-enronsent23_12,email,4,27,27,25,0,1,1,0,196.80184949667182,183.79592041444383,178.71250143288384,172.1932968950512,177.43288321417444,163.44970035971613
email-enronsent27_02,email,12,127,127,112,1,5,9,0,881.6722857450899,831.1852119607998,813.8668429519587,793.1174257977957,810.6770219884111,683.6242413888049
email-enronsent28_01,email,41,418,418,342,14,24,38,0,2692.2493011144707,2544.380543492125,2495.9135131852454,2445.849125737762,2483.226232929849,2009.0325379828782
email-enronsent29_02,email,44,352,352,281,17,26,28,0,2212.0527883425916,2078.679338769919,2030.5269311107338,1972.9252397337643,2016.4421004307144,1759.6288645264765
email-enronsent32_01,email,55,553,553,454,34,18,47,0,3573.92158685956,3388.415324097029,3331.6406545913005,3265.579441345906,3314.131082083529,2726.4582616032253
email-enronsent32_02,email,31,266,266,209,12,14,31,0,1645.2634617921765,1555.7955417595276,1526.8053438262327,1500.944291262811,1517.2060657243483,1290.170819793423
email-enronsent36_01,email,29,276,276,229,12,11,24,0,1802.7049413895143,1726.4833227541178,1710.0116291160011,1699.600437264712,1717.7167480884655,1499.699269787106
newsgroup-groups.google.com_8TRACKGROUPFORCOOLPEOPLE_3b43577fb9121c9f_ENG_20050320_090500,newsgroup,2,40,40,24,1,11,4,0,188.92977551680497,178.28062165857315,174.68840743473868,167.41242623535265,173.95731217805556,152.48374084376678
newsgroup-groups.google.com_APassionforRats_207517af35c166ef_ENG_20050526_150700,newsgroup,5,80,80,64,1,4,11,0,503.81273471147983,465.1311256048445,448.3403511747307,432.1025490337137,446.8691048595889,365.50418168072986
newsgroup-groups.google.com_CognitiveScienceNews_05a0175fc6ece48b_ENG_20050828_091900,newsgroup,5,95,95,61,2,16,16,0,480.19651277187927,457.60361439644646,451.610575565428,447.8270877547577,452.81729945644963,349.27717700349984
newsgroup-groups.google.com_GUHarryPotterReaders_75faa7d55aff9230_ENG_20050715_234000,newsgroup,2,58,58,44,5,3,6,0,346.37125511414246,323.02353108808904,313.75604095537324,305.59260573382994,310.89482345132865,253.00457355451098
newsgroup-groups.google.com_GayNews_0f9e221229ed0ee5_ENG_20050307_110600,newsgroup,4,48,48,34,0,5,9,0,267.6505153154737,259.18192068230087,258.73360177710447,253.38364424249778,257.8377456548967,226.98102126768697
newsgroup-groups.google.com_HarryPotterAppreciationSociety_a3adbf6ac3dc191c_ENG_20050921_061800,newsgroup,9,40,40,34,1,4,1,0,267.6505153154737,247.2384564716704,238.414811360744,234.81272294603306,236.6466886246154,216.55355482292887
newsgroup-groups.google.com_HistoricalLinguistics_f65a1220aacc96f3_ENG_20050517_153400,newsgroup,3,75,75,59,1,9,6,0,464.4523648121455,439.5299971375032,431.5804667781574,421.5516845744861,430.93609447651363,329.48751441327335
newsgroup-groups.google.com_HumorUniversity_00dd93cc9545deb3_ENG_20051130_122700,newsgroup,11,51,51,31,9,6,5,0,244.03429337587306,226.95511918333003,219.98421661429342,213.87140881889934,217.55090673114358,201.28980949401142
newsgroup-groups.google.com_IndiaNewsWindow_8945cbef01f41435_ENG_20051113_092500,newsgroup,5,73,73,54,4,10,5,0,425.0919949128112,408.20946440048203,405.0904593107061,399.9876270692527,401.99948091576573,354.5957691789969
newsgroup-groups.google.com_JokeEruption_df151b356f94881c_ENG_20050819_155700,newsgroup,61,315,315,237,3,34,41,0,1865.681533228449,1742.467143497027,1694.3337062096634,1644.4009033454058,1685.8010647466235,1506.500277477492
newsgroup-groups.google.com_JyotishRemedies_cc96334336b9368b_ENG_20050623_013400,newsgroup,3,45,45,33,4,5,3,0,259.77844133560683,250.813617313038,249.85584038614135,250.09469096961155,254.36217461877786,206.92121463906665
newsgroup-groups.google.com_RagnarokOnlineII_9a68fd122989608b_ENG_20051110_012200,newsgroup,3,59,59,49,3,3,4,0,385.7316250134768,357.893713865485,346.28488221089793,340.1161681235067,344.1659714046341,294.536054748421
newsgroup-groups.google.com_alt.animals.bears_07e0e03c803ffdbd_ENG_20040217_113500,newsgroup,15,161,161,110,3,27,21,0,865.9281377853561,817.1654186920583,800.7332926998916,784.2031804662797,796.9832708610838,696.3995548384064
newsgroup-groups.google.com_alt.animals.cat_003362349f033873_ENG_20040712_077100,newsgroup,16,155,155,117,11,16,11,0,921.0326556444242,867.4404454285504,848.7519984390196,836.0166866105068,842.9849400767037,722.8014355839173
newsgroup-groups.google.com_alt.animals.cat_0e976a5d400ddce1_ENG_20040103_090500,newsgroup,4,60,60,45,5,3,7,0,354.2433290940093,343.2475191693963,342.8032580970445,351.75219018976657,340.8592157752992,336.9626570690515
newsgroup-groups.google.com_alt.animals.cat_0f877e44e3521d27_ENG_20040131_084700,newsgroup,7,80,80,64,6,7,3,0,503.81273471147983,475.0674263670269,465.2444594920653,458.6560544731015,457.94624830723603,416.04837310291504
newsgroup-groups.google.com_alt.animals_0b4766087b0d36b7_ENG_20031231_183500,newsgroup,2,40,40,28,1,4,7,0,220.41807143627244,213.61430353677565,213.36457049319566,213.09158308947121,213.38518774537005,185.34412533417446
newsgroup-groups.google.com_chantonline_3e01677617c74720_ENG_20060112_102000,newsgroup,13,218,218,186,8,4,20,0,1464.2057602552386,1384.9897951966443,1359.474755031959,1336.9295671189666,1355.8750083000332,1170.9076172640325
newsgroup-groups.google.com_civilization_1201f7692b7769fb_ENG_20050908_010400,newsgroup,9,132,132,103,8,5,16,0,810.823619926288,782.7046352615506,779.6185312151975,777.3063855696208,786.621106650937,653.6474493275691
newsgroup-groups.google.com_fineart_0339fc0ed4e53c5a_ENG_20050930_025500,newsgroup,12,166,166,110,6,24,26,0,865.9281377853563,808.3903000136468,785.8046426733243,765.1752249771212,780.12674822336,669.6696652240282
newsgroup-groups.google.com_hiddennook_1fd8f731ae7ffaa0_ENG_20050214_192900,newsgroup,14,190,190,149,6,16,19,0,1172.939023000164,1130.2173708778514,1124.319183720458,1118.0651555855584,1118.4339052171886,983.9432631526234
newsgroup-groups.google.com_hiddennook_88969236563fa748_ENG_20050215_173600,newsgroup,15,264,264,212,8,13,31,0,1668.8796837317773,1604.4078998171476,1593.430618571756,1566.1134080621996,1588.797875261017,1345.1054524280003
newsgroup-groups.google.com_hiddennook_e21e429b3ad58235_ENG_20050830_214700,newsgroup,12,306,306,229,7,22,48,0,1802.7049413895138,1719.0639218133742,1697.3893907041559,1663.5827376431798,1682.077243082992,1434.3718741293028
newsgroup-groups.google.com_hiddennook_f50294175d32a8ac_ENG_20041120_152800,newsgroup,10,154,154,122,7,11,14,0,960.3930255437585,923.4243580070836,917.2005228929186,915.7139352097729,920.0830468880912,799.7645324519937
newsgroup-groups.google.com_jokecity_0566f0ba3b5f748f_ENG_20051125_240500,newsgroup,15,194,194,154,1,20,19,0,1212.2993928994983,1130.9777094923463,1098.818732765786,1068.7736691078185,1097.7641807297782,933.5665966496541
newsgroup-groups.google.com_n3td3v_e874a1e5eb995654_ENG_20060120_052200,newsgroup,13,172,172,140,8,4,20,0,1102.0903571813624,1034.2359787597827,1009.260221398571,989.79142779093,1003.3527676360061,912.0301254846539
reviews-001325,reviews,4,17,17,11,0,3,3,0,86.5928137785356,83.84981854321491,83.70256119758355,81.34948403336875,82.53985518789611,73.3070442102256
reviews-002288,reviews,1,3,3,2,0,0,1,0,15.744147959733747,14.926643562646348,14.676327183107428,14.418066071428665,14.175366059833701,13.853884593093749
reviews-002317,reviews,3,16,16,11,0,1,4,0,86.59281377853561,81.88816003719145,80.36529427490257,77.33139287262946,79.16855066035134,60.06043512626471
reviews-005265,reviews,2,10,10,7,0,1,2,0,55.10451785906812,50.595334036260056,48.56362778000634,47.05793971828321,48.40974387815197,39.36013247447279
reviews-005760,reviews,4,30,30,24,2,1,3,0,188.92977551680497,180.01271353689825,177.6351246716223,174.21626385743525,175.88377190808114,147.6683884792693
reviews-011806,reviews,2,25,25,15,1,7,2,0,118.0811096980031,113.05897724967208,111.95939360521696,110.1208801040973,113.29866197009548,94.94121200776021
reviews-012047,reviews,3,31,31,25,0,3,3,0,196.80184949667182,190.47720630514218,190.0790233507085,186.4305617272178,188.51002666182154,166.6229716252218
reviews-014764,reviews,3,24,24,20,0,0,4,0,157.44147959733746,150.39012155268372,148.67493987193973,148.69888862334835,147.05142485590733,126.34192816468187
reviews-022273,reviews,2,20,20,18,0,1,1,0,141.69733163760372,135.99802014042066,134.9080012657815,132.32717000707262,133.35767372858004,117.31496026740497
reviews-024306,reviews,3,35,35,28,0,6,1,0,220.41807143627244,209.73537852665078,206.76555843676437,202.59793120014692,205.67934882526774,180.80011778293368
reviews-025516,reviews,3,21,21,15,0,3,3,0,118.0811096980031,111.70882193516807,109.66244504982843,107.75066006939024,110.40897237505712,91.63134215221126
reviews-025894,reviews,5,50,50,38,0,7,5,0,299.1388112349412,284.24813264469674,279.94225577400516,274.0631801152364,278.0010239219554,229.5484771768529
reviews-028996,reviews,3,37,37,28,0,4,5,0,220.41807143627244,207.02287397519916,202.15091644409083,197.83056804309345,205.19773389276133,166.52165514229884
reviews-030395,reviews,4,24,24,15,0,1,8,0,118.0811096980031,113.72372495571032,113.09029407768838,109.40375759351176,113.78027690260188,98.84464096249721
reviews-030430,reviews,4,38,38,30,0,4,4,0,236.1622193960062,227.13118038211698,225.64253536201022,218.36284144558635,225.15247914267178,187.55868855455583
reviews-034320,reviews,4,29,29,17,2,2,8,0,133.82525765773684,127.487217708551,125.78781367948906,124.98622113064658,124.58433843489081,99.8409430138502
reviews-034858,reviews,1,9,9,6,0,0,3,0,47.23244387920124,43.61677987813336,42.05017396801553,40.21663064161375,41.08125338198192,30.128558473666374
reviews-034995,reviews,2,29,29,24,0,4,1,0,188.92977551680497,179.46087793628178,176.69631565311053,171.63432677031972,174.43892711056196,153.62348091429303
reviews-035993,reviews,3,34,34,28,0,1,5,0,220.41807143627244,205.9775062010499,200.3724869753567,190.28366671639193,199.4183547026846,153.5631889061276
reviews-037179,reviews,2,38,38,29,1,4,4,0,228.29014541613935,213.15525878631848,207.22482664332574,199.29292133576763,202.8939257388035,150.69219825166113
reviews-038523,reviews,3,10,10,8,0,1,1,0,62.976591838934986,61.287841286052796,61.395435559901124,60.731073304486166,61.51761356439876,48.061921601657524
reviews-039173,reviews,2,30,30,26,0,0,4,0,204.6739234765387,195.31178040045148,192.94503612005207,186.98790447356996,189.09590810290206,162.48947678804097
reviews-042085,reviews,4,34,34,21,0,8,5,0,165.31355357720435,155.15902861347564,151.42923675315473,147.16316631929837,149.56376602701346,132.67519424873416
reviews-042530,reviews,4,50,50,37,0,6,7,0,291.2667372550743,270.68968209711977,262.2347686948816,250.2305398311347,260.0770049106447,201.68443250589934
reviews-045972,reviews,3,35,35,32,0,1,2,0,251.90636735573995,236.71113299393107,231.22281713190196,224.86985568500214,230.65877641739036,205.94072764472955
reviews-046500,reviews,2,13,13,8,0,3,2,0,62.976591838934986,59.9297178018996,59.08493117462535,57.76453710171095,57.66469410434759,53.1238328066525
reviews-047891,reviews,2,16,16,15,0,0,1,0,118.0811096980031,111.71327628551745,109.67002300289079,107.56040569329141,107.51928278001874,90.70528230918116
reviews-048201,reviews,4,47,47,34,1,8,4,0,267.65051531547374,255.19622185748145,251.95294101938566,244.3075105430625,247.24221713975606,196.0681708226049
reviews-048644,reviews,5,44,44,38,1,2,3,0,299.13881123494116,282.41513460106324,276.82387216056094,268.28762607900535,272.7032596643851,223.09486129722706
reviews-054269,reviews,2,28,28,20,1,3,4,0,157.44147959733746,151.81051340943992,151.09137817975056,150.61308424453165,155.23887870851604,131.20204514716698
reviews-056408,reviews,2,7,7,5,0,2,0,0,39.360369899334366,37.172767870389976,36.446108732973926,35.75579866051379,35.19760768333106,33.092526977228786
reviews-058009,reviews,1,7,7,6,0,1,0,0,47.23244387920124,44.086783507379096,42.849766537571085,41.19980094264524,42.04448324699471,32.96422540062656
reviews-058878,reviews,3,12,12,7,0,4,1,0,55.10451785906811,53.814209861128255,54.039732711402415,52.731968157010456,52.744278270709515,52.439815682514144
reviews-059655,reviews,3,20,20,16,0,1,3,0,125.95318367786997,118.11646629874059,115.20463991570301,112.95645565472559,112.9213135461632,94.59352698111883
reviews-059685,reviews,1,7,7,5,0,0,2,0,39.360369899334366,37.837744173983225,37.57739810649849,37.03197867329532,37.124067413356634,33.145306476705684
reviews-060396,reviews,2,31,31,22,1,1,7,0,173.18562755707123,162.5066802355396,158.57061675814043,154.74104162678518,155.44741172566432,130.52956583917782
reviews-061079,reviews,1,6,6,4,0,1,1,0,31.488295919467493,29.265500460390577,28.352683684086678,27.051274192769775,28.350732119667402,25.079834246617608
reviews-061721,reviews,5,27,27,22,0,3,2,0,173.18562755707123,159.6571304721637,153.7228269207924,148.20581430226943,151.59449226561316,117.70964935094989
reviews-080814,reviews,3,30,30,23,1,1,5,0,181.05770153693808,177.88600166036096,179.37585613739245,174.66015398312786,177.70596512953261,158.30378207194786
reviews-081116,reviews,1,6,6,4,0,1,1,0,31.488295919467493,29.67096556849874,29.04248024624859,28.311686408912713,28.350732119667402,21.243724807259866
reviews-083563,reviews,3,29,29,21,3,2,3,0,165.31355357720435,157.78679193647213,155.89971293009518,151.43572214638198,156.78799001460936,136.65138399949382
reviews-085009,reviews,4,33,33,23,1,7,2,0,181.05770153693808,171.67116496438376,168.80287981574278,166.16962301097868,167.59205154689832,148.46924787696952
reviews-086914,reviews,2,12,12,9,1,0,2,0,70.84866581880186,66.66141188209477,65.17841485925625,63.11459768866193,64.51156966801125,57.2904532111059
reviews-087368,reviews,4,39,39,31,1,5,2,0,244.03429337587306,235.40777385360866,234.36427550494557,231.8508042959608,232.9625845713482,206.93388099538987
reviews-088954,reviews,1,22,22,16,1,2,3,0,125.95318367786997,122.58958547727458,122.81452340454354,121.7875283792999,127.36976152135506,101.50104547570062
reviews-089136,reviews,3,16,16,11,0,5,0,0,86.5928137785356,80.61852019834815,78.20532248323786,75.57381130590281,76.27886106531298,68.65985096894042
reviews-097548,reviews,1,26,26,23,1,1,1,0,181.05770153693808,171.63853973706767,168.74737622445377,161.92206713918404,164.70236195185993,134.77380765383026
reviews-101864,reviews,4,27,27,21,0,1,5,0,165.31355357720435,155.31763364365224,151.6990631879567,147.77063559651967,151.49022575703904,132.68960195243875
reviews-103519,reviews,3,40,40,32,1,2,5,0,251.90636735573995,240.0065532800502,236.8291431480907,228.47219305786234,236.4381556074671,186.74295444482757
reviews-103878,reviews,2,15,15,13,0,0,2,0,102.33696173826935,97.82403232737123,96.75856945863026,95.22532486138022,96.23360631522343,84.56088103296764
reviews-104703,reviews,3,16,16,10,3,1,2,0,78.72073979866873,73.35228396776968,71.20245022165776,69.5178223330318,70.39521536666211,61.49245585861668
reviews-107608,reviews,4,47,47,32,3,9,3,0,251.90636735573997,237.87386722385156,233.20091600765815,226.41706893826859,229.2139316198712,187.06744855098327
reviews-118668,reviews,6,45,45,30,1,6,8,0,236.16221939600618,219.06027429332917,211.91192534835574,207.37358138830768,208.29595650494798,167.51883805227988
reviews-118679,reviews,3,44,44,42,0,1,1,0,330.6271071544087,315.75411616604106,312.10655599949735,304.4014017716546,312.612750164206,265.3869952089757
reviews-120724,reviews,1,9,9,9,0,0,0,0,70.84866581880186,65.23429552645462,62.75053651352448,60.37152516447877,62.58510993798566,52.02220880560783
reviews-122514,reviews,2,24,24,21,0,0,3,0,165.31355357720435,156.35503324815238,153.4639368268036,148.30515866192118,151.00861082453264,140.00534232350924
reviews-122564,reviews,4,40,40,35,0,2,3,0,275.5225892953406,263.43644768480226,260.6128107931539,255.66484273532717,257.4603972309645,233.22891332941637
reviews-124492,reviews,2,10,10,8,1,1,0,0,62.976591838934986,63.21800307813997,64.67911877202803,65.7410882114558,65.37053302444991,58.97823087647201
reviews-126086,reviews,1,18,18,14,0,2,2,0,110.20903571813622,102.68232294929783,99.6649299131381,93.73565768872506,98.74594748632951,88.35171209271597
reviews-126134,reviews,2,11,11,8,1,0,2,0,62.976591838934986,61.40562432170918,61.59581367247374,61.36899205412776,60.55438369938596,61.31550464827267
reviews-128808,reviews,4,23,23,15,1,5,2,0,118.0811096980031,111.08466762609507,108.60060399853323,107.39214175362106,108.96412757753792,88.9080851336858
reviews-130216,reviews,2,36,36,29,0,3,4,0,228.29014541613935,218.75742316217165,216.7554956203923,211.35924063959135,213.00783932143776,196.56143705250582
reviews-130647,reviews,3,24,24,21,0,3,0,0,165.31355357720435,158.83215971062143,157.67814239882932,155.00481222473198,155.34314521709018,128.73728285976813
reviews-131965,reviews,2,46,46,39,0,3,4,0,307.010885214808,291.8628470520098,287.53797571469016,281.5346276617039,285.81112935063186,238.3658061654214
reviews-138110,reviews,2,19,19,18,0,0,1,0,141.69733163760372,128.71765357820144,122.52229476361401,118.78937968984229,123.24376014594574,102.63553166736921
reviews-138249,reviews,3,39,39,30,0,4,5,0,236.1622193960062,219.79756930537894,213.1662467546638,207.03517763620414,212.63049089750552,181.36460549245118
reviews-139152,reviews,4,13,13,6,3,3,1,0,47.23244387920124,44.81629833210992,44.09085191848931,42.84243270651734,43.4893280445139,41.45337902335412
reviews-145645,reviews,3,37,37,29,1,2,5,0,228.29014541613935,225.40826802736873,228.07022981513174,227.05053064193473,229.3827470266552,212.64043572641185
reviews-146820,reviews,3,17,17,11,0,2,4,0,86.5928137785356,82.90535693437405,82.09579810541007,81.96016553231738,83.0214701204025,66.35963192142972
reviews-152281,reviews,2,7,7,6,0,0,1,0,47.23244387920124,46.25583720774862,46.53986404717067,46.40750899315137,45.89740270704586,47.38926706228122
reviews-153921,reviews,4,47,47,42,0,2,3,0,330.6271071544087,313.3874247046718,308.0802277135257,301.3229995925992,302.9804515140781,249.9223149326714
reviews-155050,reviews,2,17,17,15,0,0,2,0,118.0811096980031,112.44724546059766,110.91868633687136,108.13113486874914,109.92735744255071,101.80446298218158
reviews-158285,reviews,1,21,21,15,0,4,2,0,118.0811096980031,111.42559421306566,109.18060455330149,106.76034257128897,106.55605291500596,95.43855516606149
reviews-163250,reviews,4,45,45,40,1,2,2,0,314.882959194675,302.031877560483,299.4792199187973,291.3242682172041,296.5109243743467,255.2290193805563
reviews-165032,reviews,3,49,49,41,0,5,3,0,322.75503317454184,308.26539713446573,304.725185395646,296.74400170576087,299.9864954104655,252.77815120360742
reviews-166983,reviews,1,6,6,5,0,1,0,0,39.360369899334366,36.191938617378256,34.777475271633435,32.50167721328673,33.752762885811876,25.13940998405042
reviews-169610,reviews,3,28,28,21,1,1,5,0,165.31355357720435,158.16718340702818,156.54685302530476,153.13642166571603,156.30637508210296,131.15335644972777
reviews-171120,reviews,1,10,10,8,0,1,1,0,62.976591838934986,59.11878758568327,57.705338050301535,54.93115470774559,56.21984930682841,47.62685694471443
reviews-171255,reviews,2,24,24,20,1,2,1,0,157.44147959733746,153.19907791909435,153.45367028811154,150.48831116249474,153.31241897849048,120.26345105342978
reviews-171877,reviews,4,24,24,19,1,3,1,0,149.56940561747058,139.32054866930451,135.2016500691628,127.8519788621688,133.94355516966056,105.49420259944986
reviews-174824,reviews,2,9,9,5,0,2,2,0,39.360369899334366,36.07415558172187,34.57709715906081,31.91524158361274,34.234377818318265,29.434586633561693
reviews-175434,reviews,2,15,15,13,0,2,0,0,102.33696173826935,93.58350525497104,89.54438274366431,86.95067797926097,90.45422712514667,66.83048798271922
reviews-178726,reviews,8,47,47,41,0,0,6,0,322.75503317454184,311.2611294080197,309.8216678848464,305.7331772464589,309.6187940605935,276.0093502277059
reviews-181696,reviews,3,22,22,17,2,0,3,0,133.82525765773684,128.4272249670425,127.38699881860016,123.61768283836409,128.91887282744835,118.8932786650044
reviews-184290,reviews,2,8,8,2,0,3,3,0,15.744147959733747,14.233496382086404,13.497112171356228,12.578920819169984,13.212136194820912,6.462526646496881
reviews-186235,reviews,2,33,33,31,0,0,2,0,244.03429337587306,229.52518364145834,224.35653273299255,218.90627164319986,224.29351578623312,189.30602352573334
reviews-187163,reviews,2,8,8,6,0,1,1,0,47.23244387920124,45.22621779056746,44.78822643371357,43.98719396212741,45.89740270704587,42.3190163590764
reviews-188382,reviews,3,41,41,31,0,2,8,0,244.0342933758731,230.48984795761672,225.99766563350542,219.10010768434125,225.2567456512459,177.4631721212028
reviews-192399,reviews,3,14,14,12,1,0,1,0,94.46488775840248,88.72076028269507,86.63044433609411,85.1862585583628,85.05219635900221,75.24312867728378
reviews-193257,reviews,3,40,40,35,1,1,3,0,275.5225892953406,258.41784422105684,252.07492344620633,248.8190491848533,247.34648364833018,216.04094662026966
reviews-199045,reviews,2,13,13,8,1,3,1,0,62.976591838934986,59.23657062133966,57.90571616287416,58.02230413941705,57.1830791718412,49.67601934187422
reviews-200566,reviews,3,27,27,22,1,2,2,0,173.1856275570712,163.22490105365168,159.79248823684395,151.19291925441445,156.4106415906771,119.58313245538001
reviews-200668,reviews,2,18,18,13,0,3,2,0,102.33696173826935,95.97570250665477,93.61410269545954,90.37542018501449,92.86230178767866,73.7633581774066
reviews-206303,reviews,5,44,44,37,0,4,3,0,291.2667372550743,277.7528317266944,274.2509354009352,267.4339475787028,275.97029768335574,234.59092920971563
reviews-207348,reviews,1,11,11,8,0,1,2,0,62.976591838934986,59.7065742505854,58.705308732429714,56.575364054016994,58.14630903685399,45.51216563717058
reviews-210153,reviews,4,20,20,12,2,3,3,0,94.46488775840248,89.20764078228873,87.45874864166163,86.37067420698219,88.42350088654698,70.38889279211865
reviews-210875,reviews,3,46,46,39,0,4,3,0,307.010885214808,291.3846466555599,286.72443841419425,280.0668914176508,284.84789948561905,234.15573022533505
reviews-211709,reviews,1,7,7,6,1,0,0,0,47.23244387920124,43.681318399270936,42.159969975409176,41.73188351323644,41.081253381981924,40.46541650481017
reviews-211933,reviews,3,53,53,35,0,10,8,0,275.52258929534054,262.17411526529077,258.46527073145205,255.59762849419627,257.4603972309645,205.44588052232666
reviews-212369,reviews,3,13,13,9,0,1,3,0,70.84866581880186,64.86965241286671,62.13018827359194,60.516839870584604,61.62188007297288,55.166350792737134
reviews-214912,reviews,4,35,35,31,0,0,4,0,244.03429337587306,230.25428188630391,225.5969094083602,218.14248844437532,223.3302859212203,174.11089332597055
reviews-216281,reviews,8,49,49,45,0,2,2,0,354.24332909400925,340.25446755537166,337.71133607356774,334.22146180893856,337.00629631524805,303.1306468627573
reviews-217747,reviews,4,29,29,25,1,2,1,0,196.80184949667185,187.02721875931059,184.20974014722952,180.29003570250885,182.7306474717448,148.37640052293057
reviews-219984,reviews,1,5,5,5,0,0,0,0,39.360369899334366,38.88756629848191,39.36340552829499,38.18781555004826,39.05052714338221,32.638563155707836
reviews-223040,reviews,1,16,16,16,0,0,0,0,125.95318367786999,118.82536183626868,116.41064678273125,113.70681506052941,115.32938820869518,94.68258909309577
reviews-224117,reviews,2,13,13,10,0,0,3,0,78.72073979866873,73.94007063267179,72.20242090378594,67.81293426000427,69.91360043415571,52.660869056868755
reviews-225861,reviews,4,51,51,43,1,2,5,0,338.49918113427555,313.9688612252521,303.7106001804563,297.86556346357327,301.639873225133,258.27976332648393
reviews-226715,reviews,2,18,18,13,1,0,4,0,102.33696173826935,98.68375270775698,98.2211667350707,100.49939484287549,99.60491084276816,104.8249687073429
reviews-227515,reviews,4,42,42,34,1,4,3,0,267.6505153154737,250.82684634036113,244.51955119068558,239.2032857770811,241.46283794967928,209.01143384542084
reviews-227605,reviews,1,6,6,5,0,1,0,0,39.360369899334366,36.990446313596024,36.13593461300766,35.85440645798393,37.124067413356634,33.94391843785748
reviews-229100,reviews,8,39,39,29,3,4,3,0,228.29014541613935,211.2583673989876,203.99774462909156,200.39789293238425,201.4490809412843,169.93213331551922
reviews-229442,reviews,3,53,53,44,0,5,4,0,346.3712551141424,331.31448348877655,327.86100423994907,320.78492453144406,322.4535818314821,286.0990806080501
reviews-232278,reviews,1,16,16,12,0,1,3,0,94.46488775840247,87.52124182871852,84.58976638562034,80.58149028057909,83.12573662897663,64.19019140580394
reviews-235190,reviews,4,48,48,41,0,1,6,0,322.75503317454184,307.9402189044633,304.17197669615473,300.1099591612199,300.46811034297195,253.16902201246506
reviews-241108,reviews,4,17,17,14,1,1,1,0,110.20903571813622,106.73274827758509,106.55570648274798,105.80990164740251,107.41501627144461,99.1528794436245
reviews-245928,reviews,4,21,21,17,0,4,0,0,133.82525765773684,128.52461731305112,127.55268731833594,124.8543480031146,127.47402802992917,110.49403331311812
reviews-250878,reviews,2,10,10,6,0,2,2,0,47.23244387920124,44.662147652282655,43.82860343674967,44.02975333258199,43.48932804451389,37.80136863228774
reviews-251755,reviews,5,42,42,31,0,4,7,0,244.03429337587306,229.326697147811,224.01885805219865,215.2859205312328,220.92221125868835,201.14307899941724
reviews-252791,reviews,3,38,38,29,0,4,5,0,228.29014541613932,207.59320447149096,197.76239481330418,191.2339818727511,197.59616148123314,160.3415011587651
reviews-254908,reviews,3,48,48,45,0,2,1,0,354.2433290940093,331.04881013129983,322.0502330178863,310.6464421497954,318.2233139474987,282.0597740617477
reviews-255757,reviews,2,8,8,4,2,0,2,0,31.488295919467493,30.546434305852642,30.531869377966057,29.17057565138567,29.795576917186583,21.197120112348877
reviews-256677,reviews,5,32,32,26,0,5,1,0,204.6739234765387,188.8580924114167,181.96571459748543,174.48283523191594,179.46360945277416,149.8959553824135
reviews-257735,reviews,3,39,39,31,1,4,3,0,244.0342933758731,227.72968175537548,221.30193936945022,215.9450530733698,218.5141365961564,176.27589795040572
reviews-263909,reviews,4,32,32,29,1,0,2,0,228.2901454161393,216.26900269308385,212.52207614615196,209.81848030972094,210.1181497263994,186.54931843289694
reviews-264993,reviews,4,30,30,22,0,5,3,0,173.18562755707123,160.0217735857516,154.3431751607249,148.58624718528097,153.52095199563874,132.57244056990052
reviews-266955,reviews,2,13,13,8,0,4,1,0,62.976591838934986,61.33663145022223,61.47843971201774,60.77891510059866,60.55438369938596,47.937288890756435
reviews-268952,reviews,4,51,51,38,0,4,9,0,299.13881123494116,278.17906187901247,269.61726339865726,264.06845028955127,270.7767999343595,216.71139085101504
reviews-270889,reviews,3,27,27,20,1,1,5,0,157.44147959733746,153.21482627606252,153.4804621433886,151.37773021672396,152.34918911347768,133.3966780292916
reviews-275595,reviews,4,47,47,41,0,4,2,0,322.75503317454184,308.9833893550228,305.94666797329637,298.06247815609123,303.3577999380103,250.3669361129157
reviews-277703,reviews,1,12,12,10,0,2,0,0,78.72073979866873,75.24940395265556,74.4299211369451,72.32549589424588,75.21136469172606,63.58346019817384
reviews-283903,reviews,3,8,8,7,0,0,1,0,55.10451785906811,54.373825649063676,54.991777755303964,55.338554142322316,55.63396786574788,51.81739567512611
reviews-286172,reviews,3,11,11,9,1,1,0,0,70.84866581880186,68.66389238263848,68.58513010416661,67.01307389313237,66.9196443305432,59.36427113647433
reviews-287360,reviews,7,29,29,27,0,1,1,0,212.5459974564056,200.23929249142,195.96915943606905,189.15657579497315,194.49793886904652,171.19718504686944
reviews-289763,reviews,1,5,5,3,0,2,0,0,23.61622193960062,21.994809879462725,21.342233469444224,20.34929643714493,21.985471488510143,16.23806825813522
reviews-290238,reviews,4,32,32,29,1,1,1,0,228.29014541613932,215.49753736045295,211.20962256226943,205.0787105273584,211.0813795914122,177.2822369780042
reviews-294978,reviews,3,27,27,23,0,2,2,0,181.05770153693808,172.70101297911992,170.55490633025303,166.7063331650092,169.5185112769239,149.76148764868773
reviews-295935,reviews,1,8,8,6,0,2,0,0,47.23244387920124,45.50944551266986,45.2700669302405,44.681577958776025,44.45255790952668,37.23742508193577
reviews-296357,reviews,1,16,16,15,1,0,0,0,118.0811096980031,110.9589164207895,108.38667005607337,105.16397284414886,108.48251264503153,86.86412805995244
reviews-299169,reviews,3,32,32,24,0,3,5,0,188.92977551680497,176.8379855435199,172.23412613478303,167.57995049199494,172.99408231304278,149.12523621575536
reviews-299524,reviews,1,18,18,16,0,1,1,0,125.95318367786996,119.13811754627255,116.94272169927288,113.66727336908606,114.3661583436824,96.89651289894178
reviews-302465,reviews,5,37,37,30,0,5,2,0,236.1622193960062,224.50477417005527,221.17436796685786,215.64552511435136,218.40987008758228,188.75285827506383
reviews-303728,reviews,1,5,5,4,0,1,0,0,31.488295919467493,31.28040348093284,31.78053271194663,32.171415213274926,31.722036647212164,26.783533749037424
reviews-304759,reviews,2,9,9,6,1,2,0,0,47.23244387920124,43.275853291162775,41.47017341324727,40.040967258329346,41.08125338198192,35.89226897792082
reviews-307170,reviews,3,34,34,25,1,5,3,0,196.80184949667182,189.3710424267101,188.19716465245872,187.21652035763947,190.43648639184713,167.96195353953408
reviews-309258,reviews,3,41,41,33,2,0,6,0,259.7784413356068,247.13616087858955,243.59957627054683,237.32489400417728,243.76664610363716,209.38530470806822
reviews-313126,reviews,2,24,24,19,1,3,1,0,149.5694056174706,141.25867863104085,138.49888911117694,137.76365898438704,138.2780895622181,125.62516204212002
reviews-314024,reviews,2,21,21,17,0,3,1,0,133.82525765773684,127.27982251420492,125.43498309257043,122.11563392139647,123.13949363737163,109.5946550893524
reviews-314711,reviews,1,5,5,5,0,0,0,0,39.360369899334366,36.584981205487864,35.44613805084575,35.23768790804303,34.71599275082466,31.2821917220314
reviews-314880,reviews,3,49,49,40,0,4,5,0,314.8829591946749,295.8820365807534,289.01681740664753,281.4278086030696,286.39701079171243,239.46755382416887
reviews-314938,reviews,1,7,7,5,0,2,0,0,39.360369899334366,36.990446313596024,36.13593461300766,34.70560533745182,35.19760768333106,26.349399534558348
reviews-325330,reviews,3,25,25,19,0,4,2,0,149.56940561747058,140.09065689100055,136.51179487125728,133.8208755352352,135.38839996717974,108.85474511422916
reviews-325741,reviews,4,47,47,39,1,2,5,0,307.01088521480807,284.0352872218537,274.2213579515707,264.908169103444,271.8442963079464,220.1611388200618
reviews-327867,reviews,1,6,6,4,0,2,0,0,31.488295919467493,30.364112749058688,30.22169525799979,29.625084072054037,29.31396198468019,33.831472130529384
reviews-329807,reviews,3,23,23,20,0,3,0,0,157.44147959733746,148.93019198739728,146.19123813042154,143.53150114086043,147.05142485590736,126.57899045024084
reviews-332068,reviews,2,35,35,32,0,1,2,0,251.90636735573995,236.50819214993436,230.87756449804573,228.77264299785259,231.62200628240316,200.31384153571838
reviews-333628,reviews,1,6,6,6,0,0,0,0,47.23244387920124,44.41528757435114,43.40863330938975,41.369063587544126,43.0077131120075,37.183707842459036
reviews-334808,reviews,1,4,4,3,0,1,0,0,23.61622193960062,23.49091910658982,23.887485775632,23.771611398705744,23.430316286029324,24.345354175657395
reviews-334928,reviews,2,21,21,16,0,2,3,0,125.95318367786997,117.71100119063242,114.5148433535411,110.39845325578557,112.9213135461632,91.10300084312225
reviews-335490,reviews,5,38,38,28,0,2,8,0,220.41807143627244,210.04345128875028,207.28966649919047,202.20213837536426,203.75288909524215,168.3137817619544
reviews-336285,reviews,3,26,26,21,1,2,2,0,165.31355357720435,154.78173438233415,150.78736582921942,146.13045885422162,147.63730629698787,111.76797729964565
reviews-336305,reviews,1,16,16,12,0,4,0,0,94.46488775840248,88.46124908720998,86.18895152473146,84.77082970814035,84.08896649398942,71.31354711579613
reviews-341750,reviews,6,37,37,29,0,2,6,0,228.29014541613932,208.10848444560634,198.63901365815147,192.17401798076463,197.11454654872676,158.88529845244457
reviews-343336,reviews,2,11,11,10,0,0,1,0,78.72073979866873,75.14404343699773,74.25067680732208,73.87929434460715,73.28490496170048,64.49078596689638
reviews-343813,reviews,6,31,31,26,2,1,2,0,204.6739234765387,195.2678611665166,192.8703186265484,189.6110551393793,191.50398276543405,163.76566527582304
reviews-346074,reviews,2,12,12,8,0,2,2,0,62.976591838934986,57.4448111521116,54.85748957720985,53.73543554340762,54.77500450930923,45.89567971437648
reviews-346563,reviews,7,44,44,32,0,5,7,0,251.90636735573992,239.25260999520748,235.5464989068239,232.14297570141213,239.80946013501188,207.5292297278309
reviews-351950,reviews,2,6,6,5,1,0,0,0,39.360369899334366,38.6644227471677,38.98378308609935,38.6067282548867,38.08729727836942,40.83319560621579
reviews-353891,reviews,4,35,35,27,0,6,2,0,212.5459974564056,201.7759951155124,198.58347116343305,192.843839231166,194.49793886904655,153.3228801886322
reviews-354474,reviews,4,45,45,41,0,1,3,0,322.75503317454184,310.547362940257,308.6073743592052,298.50386109630097,305.7658746005423,256.0223428408434
reviews-354555,reviews,2,9,9,8,0,0,1,0,62.976591838934986,60.20165151738325,59.54755776893761,57.3562015979709,58.62792396936038,41.340044619437236
reviews-357217,reviews,5,49,49,33,1,8,7,0,259.77844133560683,246.71007648327867,242.87470119449495,237.27478201756867,242.32180130611798,200.29948688697763
reviews-362073,reviews,1,8,8,7,0,1,0,0,55.10451785906811,54.507357041688195,55.21894772315362,55.81515808015444,55.15235293324149,50.619201991537466
reviews-363428,reviews,4,23,23,16,0,7,0,0,125.95318367786997,120.57320207156188,119.38415587489189,116.83039348558445,118.21907780373355,102.68631677998115
reviews-363482,reviews,2,18,18,14,0,3,1,0,110.20903571813622,101.71391621628466,98.0174302347472,94.62137666920063,97.30110268881032,82.18498079968425
reviews-369608,reviews,3,27,27,24,0,2,1,0,188.92977551680497,177.40960727156863,173.20659625608357,168.50319402493528,171.0676225830172,149.25021094109326
reviews-374344,reviews,7,34,34,22,4,5,3,0,173.1856275570712,161.05584735328216,156.10239072724437,150.38580380144197,154.00256692814514,130.78934143383788
reviews-384229,reviews,3,43,43,37,5,1,0,0,291.2667372550743,273.98616414056426,267.8429010232246,258.4265663676289,267.78284383074697,222.93671060366026
reviews-388121,reviews,1,9,9,7,1,1,0,0,55.10451785906812,52.38709350548811,51.61185436567064,50.41733727964724,49.85458867567115,50.87277146068486
reviews-389298,reviews,4,44,44,37,0,1,6,0,291.2667372550743,277.91816125575497,274.53220187365815,267.9042330690803,271.63576329079814,224.73611458223616
reviews-390330,reviews,1,19,19,16,0,3,0,0,125.95318367786997,123.74328773226064,124.77725665417137,124.93817363459831,127.36976152135504,104.2637797229794
reviews-392826,reviews,4,25,25,19,1,2,3,0,149.56940561747058,143.33015200307148,142.0229783165433,140.83873827444899,141.6493940897629,127.4484016898276
reviews-395218,reviews,2,8,8,3,2,3,0,0,23.61622193960062,22.063802750949677,21.45960742990023,20.91059279743791,21.022241623497354,15.212463368914417
reviews-395640,reviews,2,11,11,8,0,0,3,0,62.976591838934986,60.440543425665595,59.953972066410294,59.627686735873844,59.59115383437317,49.78012477208564
reviews-396046,reviews,2,22,22,17,1,4,0,0,133.82525765773684,125.26937384401205,122.01471201777284,118.40560158774292,121.69464883985245,104.46618852412854
weblog-blogspot.com_aggressivevoicedaily_20060629164800_ENG_20060629_164800,weblog,10,224,224,158,9,25,32,0,1243.787688818966,1160.0713029273022,1126.878960026903,1107.9627763763208,1130.9310621745094,965.6323562973587
weblog-blogspot.com_aggressivevoicedaily_20060811122000_ENG_20060811_122000,weblog,42,378,378,232,43,53,50,0,1826.3211633291148,1727.2712100983995,1695.2756354673195,1674.8162233918997,1701.1730249764637,1543.3093715678983
weblog-blogspot.com_floppingaces_20041126180010_ENG_20041126_180010,weblog,9,126,126,105,6,7,8,0,826.5677678860218,773.6358979835321,753.4727731419805,727.5319942643639,745.4107554725354,612.1183778084483
weblog-blogspot.com_floppingaces_20050313182621_ENG_20050313_182621,weblog,14,333,333,262,5,22,44,0,2062.4833827251205,1984.1036977131712,1971.447449948791,1943.5934024356884,1981.711221357371,1583.2292058462408
weblog-blogspot.com_grandpasgripes_20060413051000_ENG_20060413_051000,weblog,16,182,182,159,1,5,17,0,1251.6597627988328,1209.3874971297444,1205.4192244536964,1197.4631671738202,1205.2040282890684,1001.3786232262337
weblog-blogspot.com_marketview_20050224181500_ENG_20050224_181500,weblog,5,127,127,104,0,12,11,0,818.6956939061548,776.0645457199347,762.9632994423257,742.6302583842238,754.4571726815826,638.2769958022643
weblog-blogspot.com_marketview_20050511222700_ENG_20050511_222700,weblog,7,73,73,60,1,7,5,0,472.3244387920124,446.87527657542216,438.7178111104419,424.4677607943545,433.93005058012614,370.59109276273955
weblog-blogspot.com_marketview_20060625150800_ENG_20060625_150800,weblog,14,314,314,256,2,25,31,0,2015.2509388459196,1905.9607759208382,1870.6597581996498,1830.290779922137,1854.9025099892508,1571.4834667772625
weblog-blogspot.com_tacitusproject_20040715092419_ENG_20040715_092419,weblog,10,245,245,204,2,20,19,0,1605.903091892842,1535.231274426942,1518.6144075964999,1494.4030408555227,1509.4605091938815,1277.6220179011939
weblog-blogspot.com_zentelligence_20040423000200_ENG_20040423_000200,weblog,3,32,32,23,1,5,3,0,181.05770153693808,171.61792044986495,168.7122977105638,165.59373850919704,167.59205154689832,159.8154128251192
weblog-juancole.com_juancole_20030914114200_ENG_20030914_114200,weblog,9,210,210,158,8,12,32,0,1243.787688818966,1188.9252562487045,1175.9666802964707,1154.8752739411668,1170.9051015725402,950.178036328814
weblog-juancole.com_juancole_20040722101300_ENG_20040722_101300,weblog,40,677,677,567,16,36,58,0,4463.465946584516,4267.313701101243,4221.320612381025,4133.990387172371,4193.783305928929,3509.5628603583127
weblog-juancole.com_juancole_20041018060600_ENG_20041018_060600,weblog,21,520,520,405,22,42,51,0,3188.189961846084,3028.6874927105373,2982.235484258708,2927.9956958089406,2969.4834957463886,2426.3531944342876
weblog-juancole.com_juancole_20041109060653_ENG_20041109_060653,weblog,13,372,372,289,20,24,39,0,2275.0293801815264,2169.8834819580543,2142.817404966135,2102.472659636427,2135.75350589588,1702.2071645448802
