sent_id,document,genre,text_sha256,candidate_letter_runs,vocabulary_tokens,reason
weblog-blogspot.com_floppingaces_20050313182621_ENG_20050313_182621-0009,weblog-blogspot.com_floppingaces_20050313182621_ENG_20050313_182621,weblog,ab5df625bc76dbd4e163bed2dd888df828f90159bb93556525c31821b6541d46,0,0,exact_original_text_in_official_training
email-enronsent23_02-0005,email-enronsent23_02,email,d03075c0750a10355bfd0b6ba6f6c42de575006d5342303532801de6d9a288fc,4,4,exact_original_text_in_official_training
email-enronsent27_02-0003,email-enronsent27_02,email,2404a7bc8ae983798e55cc5ec0158d9b13b4f29b6e4c42ffbc8682ec7b03efdc,1,1,exact_original_text_in_official_training
email-enronsent27_02-0014,email-enronsent27_02,email,9dc415325a95c6e2558bf141a8772a175de49b08f0a027c8720ad942d6ec63f7,1,1,exact_original_text_in_official_training
email-enronsent21_01-0022,email-enronsent21_01,email,6307ab01368bdf95d382b574131d1223a6ebc16f44394d0dc0fa9361e432434a,1,1,exact_original_text_in_official_training
email-enronsent04_02-0005,email-enronsent04_02,email,d31fb39a364bef21fd15adcf1004b0d96374e01d6a3887f09775d8ad10907060,1,1,exact_original_text_in_official_training
email-enronsent04_02-0009,email-enronsent04_02,email,b69770ef35263fe11a6796b022b666983b4cdeaaed53947f7e1c0b9d4ad488a2,1,1,exact_original_text_in_official_training
email-enronsent04_02-0010,email-enronsent04_02,email,aea5a5ee6792fab36f3c60e62ef64e40061a8dac7d868b359aff7a4786a32e51,1,1,exact_original_text_in_official_training
email-enronsent18_01-0001,email-enronsent18_01,email,683e5811e334afef662b9c7f8c8e1c6cff32f2324cc7d69c6c68b798c8f5a0ce,1,1,exact_original_text_in_official_training
email-enronsent18_01-0016,email-enronsent18_01,email,8569efc4ed5a6273140c2b6ec0ab8d99f4398210808fbb7c0cbbae4fbcc21350,2,2,exact_original_text_in_official_training
email-enronsent36_01-0004,email-enronsent36_01,email,818b5cc5f21d3e6e4e6071c06294528d44595022218446d8b79304d2b766327a,1,1,exact_original_text_in_official_training
email-enronsent36_01-0012,email-enronsent36_01,email,f51bead488e14b656af3a13e33eb1d6fa9580832cbb9d7a20061f84c4b1c160f,1,1,exact_original_text_in_official_training
email-enronsent36_01-0017,email-enronsent36_01,email,f51bead488e14b656af3a13e33eb1d6fa9580832cbb9d7a20061f84c4b1c160f,1,1,exact_original_text_in_official_training
email-enronsent36_01-0023,email-enronsent36_01,email,f6dce2c608ef3fd522dcd3a4ab897f855945309f2d04e64f86e507730137596a,1,1,exact_original_text_in_official_training
email-enronsent36_01-0028,email-enronsent36_01,email,f51bead488e14b656af3a13e33eb1d6fa9580832cbb9d7a20061f84c4b1c160f,1,1,exact_original_text_in_official_training
email-enronsent36_01-0029,email-enronsent36_01,email,53b1fb446230b347c3f6406cca4b1ddbac60905ba4ab1977179f44b8fb134447,1,1,exact_original_text_in_official_training
email-enronsent09_02-0009,email-enronsent09_02,email,f51bead488e14b656af3a13e33eb1d6fa9580832cbb9d7a20061f84c4b1c160f,1,1,exact_original_text_in_official_training
email-enronsent09_02-0010,email-enronsent09_02,email,9dc415325a95c6e2558bf141a8772a175de49b08f0a027c8720ad942d6ec63f7,1,1,exact_original_text_in_official_training
email-enronsent09_02-0015,email-enronsent09_02,email,bb47b8ff5f623996f8f46b80933095a90e29a5bb4442ac09498c9e9e8fc1cbf4,1,1,exact_original_text_in_official_training
email-enronsent09_02-0034,email-enronsent09_02,email,8a8de823d5ed3e12746a62ef169bcf372be0ca44f0a1236abc35df05d96928e1,0,0,exact_original_text_in_official_training
email-enronsent09_02-0036,email-enronsent09_02,email,8a8de823d5ed3e12746a62ef169bcf372be0ca44f0a1236abc35df05d96928e1,0,0,exact_original_text_in_official_training
email-enronsent09_02-0045,email-enronsent09_02,email,11dfba8f980e7ce31e5de46e0d0bb05246dee4e9ce923cc145ec0f661d608269,1,1,exact_original_text_in_official_training
email-enronsent29_02-0015,email-enronsent29_02,email,1aa7b1c1d5fb1fd6d299eae251a665c7898baeb43d48fb6b8a5b76da6c6ef739,1,1,exact_original_text_in_official_training
email-enronsent28_01-0042,email-enronsent28_01,email,71ee0a013e35d79fbe831b968c4c981ceb55c9fbeec6de4c4dd0cc8a54630b3f,1,1,exact_original_text_in_official_training
email-enronsent04_01-0025,email-enronsent04_01,email,a6a2729cbf6bcadce577a31f7f76201d5ce63c57d6c53318000d67714bb354ef,1,1,exact_original_text_in_official_training
email-enronsent32_01-0005,email-enronsent32_01,email,bb47b8ff5f623996f8f46b80933095a90e29a5bb4442ac09498c9e9e8fc1cbf4,1,1,exact_original_text_in_official_training
email-enronsent32_01-0008,email-enronsent32_01,email,54d18a6c0e595ca4e7acd5a5c9f6e6e6149007738068b78e9099543178b9ca7a,3,2,exact_original_text_in_official_training
email-enronsent32_01-0013,email-enronsent32_01,email,54d18a6c0e595ca4e7acd5a5c9f6e6e6149007738068b78e9099543178b9ca7a,3,2,exact_original_text_in_official_training
email-enronsent32_01-0018,email-enronsent32_01,email,8569efc4ed5a6273140c2b6ec0ab8d99f4398210808fbb7c0cbbae4fbcc21350,2,2,exact_original_text_in_official_training
email-enronsent32_01-0037,email-enronsent32_01,email,8569efc4ed5a6273140c2b6ec0ab8d99f4398210808fbb7c0cbbae4fbcc21350,2,2,exact_original_text_in_official_training
email-enronsent32_01-0042,email-enronsent32_01,email,8a8de823d5ed3e12746a62ef169bcf372be0ca44f0a1236abc35df05d96928e1,0,0,exact_original_text_in_official_training
email-enronsent32_01-0051,email-enronsent32_01,email,d7cda0ca2c8586e512c425368fcb2bba62e81475bfceb4284f4906de8ec242bc,1,1,exact_original_text_in_official_training
email-enronsent32_01-0055,email-enronsent32_01,email,d7cda0ca2c8586e512c425368fcb2bba62e81475bfceb4284f4906de8ec242bc,1,1,exact_original_text_in_official_training
email-enronsent32_01-0057,email-enronsent32_01,email,bb47b8ff5f623996f8f46b80933095a90e29a5bb4442ac09498c9e9e8fc1cbf4,1,1,exact_original_text_in_official_training
email-enronsent32_01-0064,email-enronsent32_01,email,bb47b8ff5f623996f8f46b80933095a90e29a5bb4442ac09498c9e9e8fc1cbf4,1,1,exact_original_text_in_official_training
email-enronsent18_02-0001,email-enronsent18_02,email,683e5811e334afef662b9c7f8c8e1c6cff32f2324cc7d69c6c68b798c8f5a0ce,1,1,exact_original_text_in_official_training
email-enronsent18_02-0007,email-enronsent18_02,email,15b9ef7d26485fae2ecdc74f8f9f465e0c082fe19a996aef2f1daf712aec5751,1,1,exact_original_text_in_official_training
email-enronsent18_02-0009,email-enronsent18_02,email,0bc6f06fc94cafb519d3214812c57bedaee335a8be822a6a9a60f33161896d83,1,1,exact_original_text_in_official_training
email-enronsent18_02-0018,email-enronsent18_02,email,15b9ef7d26485fae2ecdc74f8f9f465e0c082fe19a996aef2f1daf712aec5751,1,1,exact_original_text_in_official_training
email-enronsent18_02-0019,email-enronsent18_02,email,aab6bbc82b5bf3b0ea931cad1b5e639f086b61782490147e602a0d979b0bf7af,1,1,exact_original_text_in_official_training
email-enronsent18_02-0025,email-enronsent18_02,email,15b9ef7d26485fae2ecdc74f8f9f465e0c082fe19a996aef2f1daf712aec5751,1,1,exact_original_text_in_official_training
email-enronsent18_02-0033,email-enronsent18_02,email,9dc415325a95c6e2558bf141a8772a175de49b08f0a027c8720ad942d6ec63f7,1,1,exact_original_text_in_official_training
email-enronsent18_02-0036,email-enronsent18_02,email,9239b546d1a424fab541c17763aed1b3bdbaa6c5c35e9bb72fe1202762b258b1,3,3,exact_original_text_in_official_training
email-enronsent18_02-0041,email-enronsent18_02,email,15b9ef7d26485fae2ecdc74f8f9f465e0c082fe19a996aef2f1daf712aec5751,1,1,exact_original_text_in_official_training
email-enronsent18_02-0046,email-enronsent18_02,email,b69770ef35263fe11a6796b022b666983b4cdeaaed53947f7e1c0b9d4ad488a2,1,1,exact_original_text_in_official_training
email-enronsent18_02-0057,email-enronsent18_02,email,19a6c59f1ca4050d7522a0f07fcd6540a1717bd73483ac37ec919dab28ae4fc8,2,1,exact_original_text_in_official_training
email-enronsent18_02-0058,email-enronsent18_02,email,15b9ef7d26485fae2ecdc74f8f9f465e0c082fe19a996aef2f1daf712aec5751,1,1,exact_original_text_in_official_training
email-enronsent18_02-0063,email-enronsent18_02,email,15b9ef7d26485fae2ecdc74f8f9f465e0c082fe19a996aef2f1daf712aec5751,1,1,exact_original_text_in_official_training
email-enronsent18_02-0065,email-enronsent18_02,email,0bc6f06fc94cafb519d3214812c57bedaee335a8be822a6a9a60f33161896d83,1,1,exact_original_text_in_official_training
email-enronsent18_02-0072,email-enronsent18_02,email,6199cf9cc2da0c283fa10c199b138fd7aa91c87dea66c5d6c2cc230aab225810,2,2,exact_original_text_in_official_training
email-enronsent18_02-0077,email-enronsent18_02,email,15b9ef7d26485fae2ecdc74f8f9f465e0c082fe19a996aef2f1daf712aec5751,1,1,exact_original_text_in_official_training
email-enronsent18_02-0080,email-enronsent18_02,email,11dfba8f980e7ce31e5de46e0d0bb05246dee4e9ce923cc145ec0f661d608269,1,1,exact_original_text_in_official_training
email-enronsent21_02-0003,email-enronsent21_02,email,bb47b8ff5f623996f8f46b80933095a90e29a5bb4442ac09498c9e9e8fc1cbf4,1,1,exact_original_text_in_official_training
email-enronsent21_02-0009,email-enronsent21_02,email,11dfba8f980e7ce31e5de46e0d0bb05246dee4e9ce923cc145ec0f661d608269,1,1,exact_original_text_in_official_training
email-enronsent21_02-0011,email-enronsent21_02,email,6eeab484b885033840d8271bed6863a4eac0e789769730f1195a6be2e1235797,1,1,exact_original_text_in_official_training
email-enronsent21_02-0019,email-enronsent21_02,email,75c1b44c7839ae001979ba7d3d3e63f6b7e4fab101b3c1065ef155bacf1d95ff,2,2,exact_original_text_in_official_training
email-enronsent21_02-0023,email-enronsent21_02,email,cd7673a7584a10a057c228f9eba7d4b7e60419ffaa58092f2e79459bb2fbf470,4,4,exact_original_text_in_official_training
email-enronsent21_02-0024,email-enronsent21_02,email,aea5a5ee6792fab36f3c60e62ef64e40061a8dac7d868b359aff7a4786a32e51,1,1,exact_original_text_in_official_training
email-enronsent21_02-0029,email-enronsent21_02,email,bb47b8ff5f623996f8f46b80933095a90e29a5bb4442ac09498c9e9e8fc1cbf4,1,1,exact_original_text_in_official_training
email-enronsent21_02-0041,email-enronsent21_02,email,bb47b8ff5f623996f8f46b80933095a90e29a5bb4442ac09498c9e9e8fc1cbf4,1,1,exact_original_text_in_official_training
email-enronsent21_02-0045,email-enronsent21_02,email,bb47b8ff5f623996f8f46b80933095a90e29a5bb4442ac09498c9e9e8fc1cbf4,1,1,exact_original_text_in_official_training
email-enronsent21_02-0053,email-enronsent21_02,email,11dfba8f980e7ce31e5de46e0d0bb05246dee4e9ce923cc145ec0f661d608269,1,1,exact_original_text_in_official_training
email-enronsent21_02-0060,email-enronsent21_02,email,bb47b8ff5f623996f8f46b80933095a90e29a5bb4442ac09498c9e9e8fc1cbf4,1,1,exact_original_text_in_official_training
email-enronsent21_02-0062,email-enronsent21_02,email,3bbc99eb788b1e6012161ebd3e6141fc2dfab5393ac8b5a89f5d2e0d5bf5a51e,1,1,exact_original_text_in_official_training
email-enronsent21_02-0066,email-enronsent21_02,email,bb47b8ff5f623996f8f46b80933095a90e29a5bb4442ac09498c9e9e8fc1cbf4,1,1,exact_original_text_in_official_training
email-enronsent21_02-0074,email-enronsent21_02,email,bb47b8ff5f623996f8f46b80933095a90e29a5bb4442ac09498c9e9e8fc1cbf4,1,1,exact_original_text_in_official_training
newsgroup-groups.google.com_JyotishRemedies_cc96334336b9368b_ENG_20050623_013400-0001,newsgroup-groups.google.com_JyotishRemedies_cc96334336b9368b_ENG_20050623_013400,newsgroup,dafe7694460f4e37b708f5134f2f7f759cb997f9cb612d6ca566dd6e6a34353f,1,1,exact_original_text_in_official_training
newsgroup-groups.google.com_JyotishRemedies_cc96334336b9368b_ENG_20050623_013400-0004,newsgroup-groups.google.com_JyotishRemedies_cc96334336b9368b_ENG_20050623_013400,newsgroup,92d33df8dcf79108fd9b220b2d5092e351cddd26f7c170da3d3550a0024197e6,1,1,exact_original_text_in_official_training
newsgroup-groups.google.com_HumorUniversity_00dd93cc9545deb3_ENG_20051130_122700-0007,newsgroup-groups.google.com_HumorUniversity_00dd93cc9545deb3_ENG_20051130_122700,newsgroup,d8156bae0c4243d3742fc4e9774d8aceabe0410249d720c855f98afc88ff846c,0,0,exact_original_text_in_official_training
newsgroup-groups.google.com_alt.animals.cat_0e976a5d400ddce1_ENG_20040103_090500-0005,newsgroup-groups.google.com_alt.animals.cat_0e976a5d400ddce1_ENG_20040103_090500,newsgroup,5ec1f7e700f37c3d0b2981d04855fc34b94aaa15457b05ca571817442d228f81,0,0,exact_original_text_in_official_training
newsgroup-groups.google.com_RagnarokOnlineII_9a68fd122989608b_ENG_20051110_012200-0004,newsgroup-groups.google.com_RagnarokOnlineII_9a68fd122989608b_ENG_20051110_012200,newsgroup,c253f451bdd56431ff15f638498d0003c36aabd5b07e5d21aaa7f1391410747c,1,1,exact_original_text_in_official_training
newsgroup-groups.google.com_APassionforRats_207517af35c166ef_ENG_20050526_150700-0004,newsgroup-groups.google.com_APassionforRats_207517af35c166ef_ENG_20050526_150700,newsgroup,b69770ef35263fe11a6796b022b666983b4cdeaaed53947f7e1c0b9d4ad488a2,1,1,exact_original_text_in_official_training
newsgroup-groups.google.com_APassionforRats_207517af35c166ef_ENG_20050526_150700-0005,newsgroup-groups.google.com_APassionforRats_207517af35c166ef_ENG_20050526_150700,newsgroup,c47d6edb98152fe87bdd671364e75a8cd6d911e6b7428fa656ab834a6d3ad411,1,1,exact_original_text_in_official_training
newsgroup-groups.google.com_CognitiveScienceNews_05a0175fc6ece48b_ENG_20050828_091900-0005,newsgroup-groups.google.com_CognitiveScienceNews_05a0175fc6ece48b_ENG_20050828_091900,newsgroup,d8156bae0c4243d3742fc4e9774d8aceabe0410249d720c855f98afc88ff846c,0,0,exact_original_text_in_official_training
newsgroup-groups.google.com_hiddennook_f50294175d32a8ac_ENG_20041120_152800-0010,newsgroup-groups.google.com_hiddennook_f50294175d32a8ac_ENG_20041120_152800,newsgroup,d8156bae0c4243d3742fc4e9774d8aceabe0410249d720c855f98afc88ff846c,0,0,exact_original_text_in_official_training
newsgroup-groups.google.com_hiddennook_1fd8f731ae7ffaa0_ENG_20050214_192900-0014,newsgroup-groups.google.com_hiddennook_1fd8f731ae7ffaa0_ENG_20050214_192900,newsgroup,d8156bae0c4243d3742fc4e9774d8aceabe0410249d720c855f98afc88ff846c,0,0,exact_original_text_in_official_training
newsgroup-groups.google.com_hiddennook_88969236563fa748_ENG_20050215_173600-0015,newsgroup-groups.google.com_hiddennook_88969236563fa748_ENG_20050215_173600,newsgroup,d8156bae0c4243d3742fc4e9774d8aceabe0410249d720c855f98afc88ff846c,0,0,exact_original_text_in_official_training
newsgroup-groups.google.com_hiddennook_e21e429b3ad58235_ENG_20050830_214700-0012,newsgroup-groups.google.com_hiddennook_e21e429b3ad58235_ENG_20050830_214700,newsgroup,d8156bae0c4243d3742fc4e9774d8aceabe0410249d720c855f98afc88ff846c,0,0,exact_original_text_in_official_training
newsgroup-groups.google.com_JokeEruption_df151b356f94881c_ENG_20050819_155700-0058,newsgroup-groups.google.com_JokeEruption_df151b356f94881c_ENG_20050819_155700,newsgroup,bb42d8f08b2a5c818b5a3e8478c2fc50910464415c61efbbf72e704a3b556c86,0,0,exact_original_text_in_official_training
newsgroup-groups.google.com_JokeEruption_df151b356f94881c_ENG_20050819_155700-0059,newsgroup-groups.google.com_JokeEruption_df151b356f94881c_ENG_20050819_155700,newsgroup,70d2bfd3839e9a4eb2ae37fa62feb35e028ea71f5014baf5b95a76683969ccb8,3,3,exact_original_text_in_official_training
answers-20111108044917AALAHtc_ans-0005,answers-20111108044917AALAHtc_ans,answers,62c66a7a5dd70c3146618063c344e531e6d4b59e379808443ce962b3abd63c5a,1,1,exact_original_text_in_official_training
answers-20111108084149AAbQBhq_ans-0005,answers-20111108084149AAbQBhq_ans,answers,5f9a2b795615ba6a3d5455fd5624d773fbca5bcd16249c421fd37411dc9837da,1,1,exact_original_text_in_official_training
answers-20111108102612AASRNao_ans-0005,answers-20111108102612AASRNao_ans,answers,bb47b8ff5f623996f8f46b80933095a90e29a5bb4442ac09498c9e9e8fc1cbf4,1,1,exact_original_text_in_official_training
answers-20111108081519AAdHz5c_ans-0005,answers-20111108081519AAdHz5c_ans,answers,a6a2729cbf6bcadce577a31f7f76201d5ce63c57d6c53318000d67714bb354ef,1,1,exact_original_text_in_official_training
answers-20111107143529AAW8bjR_ans-0004,answers-20111107143529AAW8bjR_ans,answers,5f9a2b795615ba6a3d5455fd5624d773fbca5bcd16249c421fd37411dc9837da,1,1,exact_original_text_in_official_training
answers-20111108100703AAo53QA_ans-0006,answers-20111108100703AAo53QA_ans,answers,268bc1833e83306f48ae6203eefb86e7a39dedb1d3d6df99c18ef70aa61ef84d,2,2,exact_original_text_in_official_training
reviews-034858-0002,reviews-034858,reviews,1aa7b1c1d5fb1fd6d299eae251a665c7898baeb43d48fb6b8a5b76da6c6ef739,1,1,exact_original_text_in_official_training
reviews-187163-0003,reviews-187163,reviews,a36c429c305a136c32df7d3765709948dedfa5be6f305985bfac13812db2c4d2,6,6,exact_original_text_in_official_training
reviews-192399-0004,reviews-192399,reviews,1aa7b1c1d5fb1fd6d299eae251a665c7898baeb43d48fb6b8a5b76da6c6ef739,1,1,exact_original_text_in_official_training
reviews-329807-0004,reviews-329807,reviews,05f1ef80f60b0a62fa479acc4cd746332773aac8640bbbcbb2bae9f2b1f34076,2,1,exact_original_text_in_official_training
reviews-374344-0003,reviews-374344,reviews,05f1ef80f60b0a62fa479acc4cd746332773aac8640bbbcbb2bae9f2b1f34076,2,1,exact_original_text_in_official_training
reviews-354474-0005,reviews-354474,reviews,bb47b8ff5f623996f8f46b80933095a90e29a5bb4442ac09498c9e9e8fc1cbf4,1,1,exact_original_text_in_official_training
reviews-210875-0004,reviews-210875,reviews,3afdda2c098fc8346a9f2e0ba06ec9c6188411cf78cc7934cfd8b666ce632f55,2,2,exact_original_text_in_official_training
