group,letters,vocabulary_types,uniform_type_share,count_share,letter_resource_share,composite_resource_share,uniform_count_share,inverse_letters_count_share,letters_power_count_share,composite_power_count_share,letters_exponential_count_share,training_unigram_count_share
primary,1,24,0.009149828440716736,0.07695456406058125,0.020676760640832934,0.005038263349103139,0.00914982844071674,0.047700441465858334,0.12920061048896467,0.09496151721188577,0.06683075713180035,0.04147316251993902
primary,2,57,0.02173084254670225,0.19334151998908444,0.1038970561278733,0.0452847477590092,0.02173084254670226,0.05664427424070676,0.09436297122426808,0.09962394225677053,0.09805670322294764,0.19727122365253422
primary,3,178,0.06786122760198246,0.2457361167962887,0.19807896762840488,0.11046558603701413,0.0678612276019825,0.11792609140170526,0.1478331780246864,0.18422299220398292,0.189173250712535,0.22318753568422475
primary,4,382,0.14563476934807473,0.227316141356256,0.24430839168530266,0.18296136971636195,0.1456347693480748,0.189808006666228,0.19447489326194217,0.22754435648625845,0.2508074194408456,0.18748270970552056
primary,5,455,0.17346549752192147,0.1076545231273025,0.1446273417164644,0.12866765488376447,0.17346549752192153,0.1808641738913795,0.1584687541825916,0.1694601691375115,0.18455495334798983,0.1081916264943229
primary,6,416,0.15859702630575676,0.057852367307954705,0.09326538842248047,0.11791246629188784,0.15859702630575684,0.1378012753458129,0.10624748752837071,0.0997018611287025,0.10424252735486994,0.07835520003767077
primary,7,403,0.15364086923370188,0.04529949515622868,0.08519998533563075,0.13736839134279855,0.15364086923370196,0.11442427327821979,0.07918397802401883,0.064582869745652,0.062386976723535825,0.06568251782003967
primary,8,275,0.10484178421654594,0.021148860690407972,0.04545954467133482,0.09169906589295845,0.104841784216546,0.06832094480787004,0.043053285601299465,0.031012381339603365,0.02630018965706807,0.04052550723102187
primary,9,195,0.07434235608082349,0.014326647564469915,0.03464457235033178,0.08344755901829629,0.07434235608082351,0.04306289854556656,0.02498533110535118,0.016055199956723717,0.011521209935131619,0.02816478607123307
primary,10,109,0.041555470834921844,0.006549324600900532,0.017597243098581225,0.05100543754213594,0.04155547083492186,0.021663950499077315,0.011674335563848622,0.007349078044761943,0.003978572433896422,0.014673941833977855
primary,11,65,0.024780785360274494,0.0021831082003001775,0.006452322469479781,0.019602252608762815,0.024780785360274508,0.011744426876063592,0.005919701700562995,0.0033151118556263848,0.0014657213716914447,0.0075989004844225485
primary,12,34,0.012962256957682043,0.0002728885250375222,0.0008798621549290611,0.003841394604620073,0.01296225695768205,0.0056313021174971625,0.0026704083834973506,0.0013125903843823597,0.0004736464353413639,0.0037670769248880176
primary,13,17,0.006481128478841022,0.0008186655751125665,0.0028595520035194486,0.012667319540596448,0.006481128478841024,0.0025990625157679206,0.0011652221604234866,0.0005523940782713244,0.0001463058089958579,0.002054234135602997
primary,14,10,0.003812428516965307,0.0005457770500750444,0.002053011694834476,0.010038491412690751,0.0038124285169653088,0.0014196559960076894,0.0006042347485439902,0.0002485977401050028,5.3167953111804115e-05,0.001306704808320531
primary,15,2,0.0007624857033930614,0.0,0.0,0.0,0.0007624857033930617,0.000265002452588102,0.00010746346249934265,3.918151426042545e-05,6.569271770889649e-06,0.0002001259616346758
primary,16,1,0.0003812428516965307,0.0,0.0,0.0,0.00038124285169653085,0.00012421989965067282,4.8144539130402755e-05,1.775691550194618e-05,2.029198467968972e-06,6.47466346465128e-05
secondary,1,24,0.009149828440716736,0.05666458723227282,0.014348902111526512,0.0031289056937579504,0.00914982844071674,0.047700441465858334,0.12920061048896467,0.09496151721188577,0.06683075713180035,0.04147316251993902
secondary,2,57,0.02173084254670225,0.20794343938448742,0.10531304302037807,0.040519202466364895,0.02173084254670226,0.05664427424070676,0.09436297122426808,0.09962394225677053,0.09805670322294764,0.19727122365253422
secondary,3,178,0.06786122760198246,0.23112913287585776,0.17558317097572534,0.0856768399266312,0.0678612276019825,0.11792609140170526,0.1478331780246864,0.18422299220398292,0.189173250712535,0.22318753568422475
secondary,4,382,0.14563476934807473,0.2040964857558744,0.20672950344900215,0.1380588654581547,0.1456347693480748,0.189808006666228,0.19447489326194217,0.22754435648625845,0.2508074194408456,0.18748270970552056
secondary,5,455,0.17346549752192147,0.10761072988147224,0.13624874940761414,0.11354753619119388,0.17346549752192153,0.1808641738913795,0.1584687541825916,0.1694601691375115,0.18455495334798983,0.1081916264943229
secondary,6,416,0.15859702630575676,0.06706175920149719,0.10189036912221579,0.11255617412960581,0.15859702630575684,0.1378012753458129,0.10624748752837071,0.0997018611287025,0.10424252735486994,0.07835520003767077
secondary,7,403,0.15364086923370188,0.05624870035350385,0.09970512347954294,0.14474628499266473,0.15364086923370196,0.11442427327821979,0.07918397802401883,0.064582869745652,0.062386976723535825,0.06568251782003967
secondary,8,275,0.10484178421654594,0.02921605323352048,0.05918593017745248,0.10803572776105949,0.104841784216546,0.06832094480787004,0.043053285601299465,0.031012381339603365,0.02630018965706807,0.04052550723102187
secondary,9,195,0.07434235608082349,0.01965065502183406,0.04478437154441577,0.09465747937851812,0.07434235608082351,0.04306289854556656,0.02498533110535118,0.016055199956723717,0.011521209935131619,0.02816478607123307
secondary,10,109,0.041555470834921844,0.008837596173840714,0.02237902164183034,0.0526203087709354,0.04155547083492186,0.021663950499077315,0.011674335563848622,0.007349078044761943,0.003978572433896422,0.014673941833977855
secondary,11,65,0.024780785360274494,0.007693907257226034,0.021431204254646938,0.05991587555697553,0.024780785360274508,0.011744426876063592,0.005919701700562995,0.0033151118556263848,0.0014657213716914447,0.0075989004844225485
secondary,12,34,0.012962256957682043,0.0019754626741526303,0.00600284345216155,0.02041024172912509,0.01296225695768205,0.0056313021174971625,0.0026704083834973506,0.0013125903843823597,0.0004736464353413639,0.0037670769248880176
secondary,13,17,0.006481128478841022,0.001039717196922437,0.0034226738981622874,0.012745321995471248,0.006481128478841024,0.0025990625157679206,0.0011652221604234866,0.0005523940782713244,0.0001463058089958579,0.002054234135602997
secondary,14,10,0.003812428516965307,0.0007278020378457059,0.0025801695539992625,0.011227919100542152,0.0038124285169653088,0.0014196559960076894,0.0006042347485439902,0.0002485977401050028,5.3167953111804115e-05,0.001306704808320531
secondary,15,2,0.0007624857033930614,0.0001039717196922437,0.0003949239113264178,0.002153316848999695,0.0007624857033930617,0.000265002452588102,0.00010746346249934265,3.918151426042545e-05,6.569271770889649e-06,0.0002001259616346758
secondary,16,1,0.0003812428516965307,0.0,0.0,0.0,0.00038124285169653085,0.00012421989965067282,4.8144539130402755e-05,1.775691550194618e-05,2.029198467968972e-06,6.47466346465128e-05
answers,1,24,0.009149828440716736,0.0958641468090934,0.02691893554837717,0.007981735114587371,0.00914982844071674,0.047700441465858334,0.12920061048896467,0.09496151721188577,0.06683075713180035,0.04147316251993902
answers,2,57,0.02173084254670225,0.2106272254176938,0.1182894939240117,0.05280952200793641,0.02173084254670226,0.05664427424070676,0.09436297122426808,0.09962394225677053,0.09805670322294764,0.19727122365253422
answers,3,178,0.06786122760198246,0.24349493289509722,0.20512228887863404,0.11780119557183358,0.0678612276019825,0.11792609140170526,0.1478331780246864,0.18422299220398292,0.189173250712535,0.22318753568422475
answers,4,382,0.14563476934807473,0.2207614352232265,0.24796185202276572,0.20198520098690506,0.1456347693480748,0.189808006666228,0.19447489326194217,0.22754435648625845,0.2508074194408456,0.18748270970552056
answers,5,455,0.17346549752192147,0.09339906874828813,0.1311336717428088,0.11935833642350249,0.17346549752192153,0.1808641738913795,0.1584687541825916,0.1694601691375115,0.18455495334798983,0.1081916264943229
answers,6,416,0.15859702630575676,0.0594357710216379,0.10013844023996309,0.1311573374426831,0.15859702630575684,0.1378012753458129,0.10624748752837071,0.0997018611287025,0.10424252735486994,0.07835520003767077
answers,7,403,0.15364086923370188,0.03834565872363736,0.07537301953545608,0.12958127762778882,0.15364086923370196,0.11442427327821979,0.07918397802401883,0.064582869745652,0.062386976723535825,0.06568251782003967
answers,8,275,0.10484178421654594,0.020542317173377157,0.04614674665436087,0.0960795286062778,0.104841784216546,0.06832094480787004,0.043053285601299465,0.031012381339603365,0.02630018965706807,0.04052550723102187
answers,9,195,0.07434235608082349,0.009038619556285949,0.022842639593908632,0.05625553425074222,0.07434235608082351,0.04306289854556656,0.02498533110535118,0.016055199956723717,0.011521209935131619,0.02816478607123307
answers,10,109,0.041555470834921844,0.0035606683100520404,0.00999846177511152,0.03022683750652507,0.04155547083492186,0.021663950499077315,0.011674335563848622,0.007349078044761943,0.003978572433896422,0.014673941833977855
answers,11,65,0.024780785360274494,0.0035606683100520404,0.010998307952622674,0.03344603435953391,0.024780785360274508,0.011744426876063592,0.005919701700562995,0.0033151118556263848,0.0014657213716914447,0.0075989004844225485
answers,12,34,0.012962256957682043,0.0002738975623116954,0.0009229349330872173,0.003871645104417827,0.01296225695768205,0.0056313021174971625,0.0026704083834973506,0.0013125903843823597,0.0004736464353413639,0.0037670769248880176
answers,13,17,0.006481128478841022,0.0005477951246233908,0.001999692355022304,0.008069317604952048,0.006481128478841024,0.0025990625157679206,0.0011652221604234866,0.0005523940782713244,0.0001463058089958579,0.002054234135602997
answers,14,10,0.003812428516965307,0.0005477951246233908,0.002153514843870174,0.01137649739231445,0.0038124285169653088,0.0014196559960076894,0.0006042347485439902,0.0002485977401050028,5.3167953111804115e-05,0.001306704808320531
answers,15,2,0.0007624857033930614,0.0,0.0,0.0,0.0007624857033930617,0.000265002452588102,0.00010746346249934265,3.918151426042545e-05,6.569271770889649e-06,0.0002001259616346758
answers,16,1,0.0003812428516965307,0.0,0.0,0.0,0.00038124285169653085,0.00012421989965067282,4.8144539130402755e-05,1.775691550194618e-05,2.029198467968972e-06,6.47466346465128e-05
email,1,24,0.009149828440716736,0.06734250543084722,0.017416817529184093,0.003909853081658911,0.00914982844071674,0.047700441465858334,0.12920061048896467,0.09496151721188577,0.06683075713180035,0.04147316251993902
email,2,57,0.02173084254670225,0.21409606565290853,0.11074349210312755,0.04363601731390812,0.02173084254670226,0.05664427424070676,0.09436297122426808,0.09962394225677053,0.09805670322294764,0.19727122365253422
email,3,178,0.06786122760198246,0.2242336471156167,0.17398089768400024,0.09154389789984216,0.0678612276019825,0.11792609140170526,0.1478331780246864,0.18422299220398292,0.189173250712535,0.22318753568422475
email,4,382,0.14563476934807473,0.21554429157615257,0.22298520506898056,0.14902259438919446,0.1456347693480748,0.189808006666228,0.19447489326194217,0.22754435648625845,0.2508074194408456,0.18748270970552056
email,5,455,0.17346549752192147,0.10234129857591118,0.132342842874087,0.11392477395782824,0.17346549752192153,0.1808641738913795,0.1584687541825916,0.1694601691375115,0.18455495334798983,0.1081916264943229
email,6,416,0.15859702630575676,0.060342746801834414,0.09363880392034458,0.10266499793781805,0.15859702630575684,0.1378012753458129,0.10624748752837071,0.0997018611287025,0.10424252735486994,0.07835520003767077
email,7,403,0.15364086923370188,0.048515568428674875,0.08783319807728322,0.1253772609747633,0.15364086923370196,0.11442427327821979,0.07918397802401883,0.064582869745652,0.062386976723535825,0.06568251782003967
email,8,275,0.10484178421654594,0.029205889452087862,0.060428241463262374,0.10970058023159693,0.104841784216546,0.06832094480787004,0.043053285601299465,0.031012381339603365,0.02630018965706807,0.04052550723102187
email,9,195,0.07434235608082349,0.014965001206854935,0.03483363505836819,0.07052799592939858,0.07434235608082351,0.04306289854556656,0.02498533110535118,0.016055199956723717,0.011521209935131619,0.02816478607123307
email,10,109,0.041555470834921844,0.00941346850108617,0.024346089019289592,0.06280306438407708,0.04155547083492186,0.021663950499077315,0.011674335563848622,0.007349078044761943,0.003978572433896422,0.014673941833977855
email,11,65,0.024780785360274494,0.009896210475500846,0.028154067045383604,0.07604264197107061,0.024780785360274508,0.011744426876063592,0.005919701700562995,0.0033151118556263848,0.0014657213716914447,0.0075989004844225485
email,12,34,0.012962256957682043,0.0028964518464880524,0.00898932517635308,0.031037888761601715,0.01296225695768205,0.0056313021174971625,0.0026704083834973506,0.0013125903843823597,0.0004736464353413639,0.0037670769248880176
email,13,17,0.006481128478841022,0.0004827419744146754,0.001623072601285973,0.006391755170661661,0.006481128478841024,0.0025990625157679206,0.0011652221604234866,0.0005523940782713244,0.0001463058089958579,0.002054234135602997
email,14,10,0.003812428516965307,0.0004827419744146754,0.0017479243398464323,0.008243969962377267,0.0038124285169653088,0.0014196559960076894,0.0006042347485439902,0.0002485977401050028,5.3167953111804115e-05,0.001306704808320531
email,15,2,0.0007624857033930614,0.0002413709872073377,0.000936388039203446,0.005172708034202881,0.0007624857033930617,0.000265002452588102,0.00010746346249934265,3.918151426042545e-05,6.569271770889649e-06,0.0002001259616346758
email,16,1,0.0003812428516965307,0.0,0.0,0.0,0.00038124285169653085,0.00012421989965067282,4.8144539130402755e-05,1.775691550194618e-05,2.029198467968972e-06,6.47466346465128e-05
newsgroup,1,24,0.009149828440716736,0.05976734857601284,0.01516539440203562,0.0035941881047460507,0.00914982844071674,0.047700441465858334,0.12920061048896467,0.09496151721188577,0.06683075713180035,0.04147316251993902
newsgroup,2,57,0.02173084254670225,0.2001604492579222,0.10157760814249364,0.041052138523751384,0.02173084254670226,0.05664427424070676,0.09436297122426808,0.09962394225677053,0.09805670322294764,0.19727122365253422
newsgroup,3,178,0.06786122760198246,0.233453670276775,0.17770992366412214,0.08521010218085731,0.0678612276019825,0.11792609140170526,0.1478331780246864,0.18422299220398292,0.189173250712535,0.22318753568422475
newsgroup,4,382,0.14563476934807473,0.19975932611311675,0.20274809160305343,0.14921439759165583,0.1456347693480748,0.189808006666228,0.19447489326194217,0.22754435648625845,0.2508074194408456,0.18748270970552056
newsgroup,5,455,0.17346549752192147,0.10709987966305656,0.13587786259541984,0.10996146401502997,0.17346549752192153,0.1808641738913795,0.1584687541825916,0.1694601691375115,0.18455495334798983,0.1081916264943229
newsgroup,6,416,0.15859702630575676,0.07501002807862012,0.11419847328244276,0.13038593970433615,0.15859702630575684,0.1378012753458129,0.10624748752837071,0.0997018611287025,0.10424252735486994,0.07835520003767077
newsgroup,7,403,0.15364086923370188,0.06377858002406739,0.1132824427480916,0.17262413576634483,0.15364086923370196,0.11442427327821979,0.07918397802401883,0.064582869745652,0.062386976723535825,0.06568251782003967
newsgroup,8,275,0.10484178421654594,0.028078620136381866,0.05699745547073791,0.10374263575147433,0.104841784216546,0.06832094480787004,0.043053285601299465,0.031012381339603365,0.02630018965706807,0.04052550723102187
newsgroup,9,195,0.07434235608082349,0.01764941837144003,0.04030534351145038,0.08619303508898694,0.07434235608082351,0.04306289854556656,0.02498533110535118,0.016055199956723717,0.011521209935131619,0.02816478607123307
newsgroup,10,109,0.041555470834921844,0.006417970316887285,0.016284987277353686,0.0361007960979116,0.04155547083492186,0.021663950499077315,0.011674335563848622,0.007349078044761943,0.003978572433896422,0.014673941833977855
newsgroup,11,65,0.024780785360274494,0.006417970316887284,0.017913486005089057,0.05479441523475299,0.024780785360274508,0.011744426876063592,0.005919701700562995,0.0033151118556263848,0.0014657213716914447,0.0075989004844225485
newsgroup,12,34,0.012962256957682043,0.0008022462896109105,0.0024427480916030535,0.006564449456280376,0.01296225695768205,0.0056313021174971625,0.0026704083834973506,0.0013125903843823597,0.0004736464353413639,0.0037670769248880176
newsgroup,13,17,0.006481128478841022,0.0008022462896109105,0.0026463104325699744,0.00969301895362914,0.006481128478841024,0.0025990625157679206,0.0011652221604234866,0.0005523940782713244,0.0001463058089958579,0.002054234135602997
newsgroup,14,10,0.003812428516965307,0.0008022462896109105,0.002849872773536896,0.01086928353024308,0.0038124285169653088,0.0014196559960076894,0.0006042347485439902,0.0002485977401050028,5.3167953111804115e-05,0.001306704808320531
newsgroup,15,2,0.0007624857033930614,0.0,0.0,0.0,0.0007624857033930617,0.000265002452588102,0.00010746346249934265,3.918151426042545e-05,6.569271770889649e-06,0.0002001259616346758
newsgroup,16,1,0.0003812428516965307,0.0,0.0,0.0,0.00038124285169653085,0.00012421989965067282,4.8144539130402755e-05,1.775691550194618e-05,2.029198467968972e-06,6.47466346465128e-05
reviews,1,24,0.009149828440716736,0.05818379554105492,0.014991243432574429,0.002563642241842527,0.00914982844071674,0.047700441465858334,0.12920061048896467,0.09496151721188577,0.06683075713180035,0.04147316251993902
reviews,2,57,0.02173084254670225,0.1761827079934747,0.09078809106830123,0.0389585565578162,0.02173084254670226,0.05664427424070676,0.09436297122426808,0.09962394225677053,0.09805670322294764,0.19727122365253422
reviews,3,178,0.06786122760198246,0.24796084828711257,0.19166374781085815,0.10429842846399082,0.0678612276019825,0.11792609140170526,0.1478331780246864,0.18422299220398292,0.189173250712535,0.22318753568422475
reviews,4,382,0.14563476934807473,0.23382272974442633,0.24098073555166372,0.16696774784606494,0.1456347693480748,0.189808006666228,0.19447489326194217,0.22754435648625845,0.2508074194408456,0.18748270970552056
reviews,5,455,0.17346549752192147,0.121805328983143,0.15691768826619965,0.13649413931827215,0.17346549752192153,0.1808641738913795,0.1584687541825916,0.1694601691375115,0.18455495334798983,0.1081916264943229
reviews,6,416,0.15859702630575676,0.05628058727569331,0.08700525394045533,0.1067773033536719,0.15859702630575684,0.1378012753458129,0.10624748752837071,0.0997018611287025,0.10424252735486994,0.07835520003767077
reviews,7,403,0.15364086923370188,0.05220228384991843,0.0941506129597198,0.14391513528978236,0.15364086923370196,0.11442427327821979,0.07918397802401883,0.064582869745652,0.062386976723535825,0.06568251782003967
reviews,8,275,0.10484178421654594,0.02175095160413268,0.04483362521891418,0.08801634482287377,0.104841784216546,0.06832094480787004,0.043053285601299465,0.031012381339603365,0.02630018965706807,0.04052550723102187
reviews,9,195,0.07434235608082349,0.01957585644371941,0.04539404553415061,0.10630830435582557,0.07434235608082351,0.04306289854556656,0.02498533110535118,0.016055199956723717,0.011521209935131619,0.02816478607123307
reviews,10,109,0.041555470834921844,0.009516041326808047,0.024518388791593692,0.06847431997899185,0.04155547083492186,0.021663950499077315,0.011674335563848622,0.007349078044761943,0.003978572433896422,0.014673941833977855
reviews,11,65,0.024780785360274494,0.0008156606851549755,0.0023117338003502625,0.00796357649626013,0.024780785360274508,0.011744426876063592,0.005919701700562995,0.0033151118556263848,0.0014657213716914447,0.0075989004844225485
reviews,12,34,0.012962256957682043,0.0002718868950516585,0.000840630472854641,0.0038159625531961343,0.01296225695768205,0.0056313021174971625,0.0026704083834973506,0.0013125903843823597,0.0004736464353413639,0.0037670769248880176
reviews,13,17,0.006481128478841022,0.001087547580206634,0.0036427320490367778,0.01653292911585899,0.006481128478841024,0.0025990625157679206,0.0011652221604234866,0.0005523940782713244,0.0001463058089958579,0.002054234135602997
reviews,14,10,0.003812428516965307,0.000543773790103317,0.0019614711033274957,0.008913609605552708,0.0038124285169653088,0.0014196559960076894,0.0006042347485439902,0.0002485977401050028,5.3167953111804115e-05,0.001306704808320531
reviews,15,2,0.0007624857033930614,0.0,0.0,0.0,0.0007624857033930617,0.000265002452588102,0.00010746346249934265,3.918151426042545e-05,6.569271770889649e-06,0.0002001259616346758
reviews,16,1,0.0003812428516965307,0.0,0.0,0.0,0.00038124285169653085,0.00012421989965067282,4.8144539130402755e-05,1.775691550194618e-05,2.029198467968972e-06,6.47466346465128e-05
weblog,1,24,0.009149828440716736,0.03923541247484909,0.009639149777558084,0.001782685073235352,0.00914982844071674,0.047700441465858334,0.12920061048896467,0.09496151721188577,0.06683075713180035,0.04147316251993902
weblog,2,57,0.02173084254670225,0.20590207914151576,0.10116987971659253,0.03616865675637444,0.02173084254670226,0.05664427424070676,0.09436297122426808,0.09962394225677053,0.09805670322294764,0.19727122365253422
weblog,3,178,0.06786122760198246,0.23876592890677398,0.175976272862086,0.07862238041619216,0.0678612276019825,0.11792609140170526,0.1478331780246864,0.18422299220398292,0.189173250712535,0.22318753568422475
weblog,4,382,0.14563476934807473,0.19181757209926226,0.18849892898335802,0.1155894283267667,0.1456347693480748,0.189808006666228,0.19447489326194217,0.22754435648625845,0.2508074194408456,0.18748270970552056
weblog,5,455,0.17346549752192147,0.1153588195841717,0.14170374031965727,0.11583965062928202,0.17346549752192153,0.1808641738913795,0.1584687541825916,0.1694601691375115,0.18455495334798983,0.1081916264943229
weblog,6,416,0.15859702630575676,0.06975184439973173,0.1028175976272862,0.11129004220244487,0.15859702630575684,0.1378012753458129,0.10624748752837071,0.0997018611287025,0.10424252735486994,0.07835520003767077
weblog,7,403,0.15364086923370188,0.06069751844399732,0.10438292964244522,0.1477000283022908,0.15364086923370196,0.11442427327821979,0.07918397802401883,0.064582869745652,0.062386976723535825,0.06568251782003967
weblog,8,275,0.10484178421654594,0.030181086519114688,0.059317844784972804,0.10924644684316681,0.104841784216546,0.06832094480787004,0.043053285601299465,0.031012381339603365,0.02630018965706807,0.04052550723102187
weblog,9,195,0.07434235608082349,0.027833668678739102,0.061542263964409295,0.13168806811279196,0.07434235608082351,0.04306289854556656,0.02498533110535118,0.016055199956723717,0.011521209935131619,0.02816478607123307
weblog,10,109,0.041555470834921844,0.01006036217303823,0.02471576866040534,0.052506270469341254,0.04155547083492186,0.021663950499077315,0.011674335563848622,0.007349078044761943,0.003978572433896422,0.014673941833977855
weblog,11,65,0.024780785360274494,0.005700871898054996,0.015406162464985995,0.043489106949813804,0.024780785360274508,0.011744426876063592,0.005919701700562995,0.0033151118556263848,0.0014657213716914447,0.0075989004844225485
weblog,12,34,0.012962256957682043,0.001676727028839705,0.004943153732081068,0.01766951853187427,0.01296225695768205,0.0056313021174971625,0.0026704083834973506,0.0013125903843823597,0.0004736464353413639,0.0037670769248880176
weblog,13,17,0.006481128478841022,0.002012072434607646,0.006426099851705388,0.023131749882972237,0.006481128478841024,0.0025990625157679206,0.0011652221604234866,0.0005523940782713244,0.0001463058089958579,0.002054234135602997
weblog,14,10,0.003812428516965307,0.001006036217303823,0.0034602076124567475,0.015275967503453322,0.0038124285169653088,0.0014196559960076894,0.0006042347485439902,0.0002485977401050028,5.3167953111804115e-05,0.001306704808320531
weblog,15,2,0.0007624857033930614,0.0,0.0,0.0,0.0007624857033930617,0.000265002452588102,0.00010746346249934265,3.918151426042545e-05,6.569271770889649e-06,0.0002001259616346758
weblog,16,1,0.0003812428516965307,0.0,0.0,0.0,0.00038124285169653085,0.00012421989965067282,4.8144539130402755e-05,1.775691550194618e-05,2.029198467968972e-06,6.47466346465128e-05
