group,model,tokens,loss_nats,perplexity,loss_minus_letters_power,bootstrap_delta_low,bootstrap_delta_high,count_total_variation,letter_share_total_variation
primary,uniform,7329,7.87207397986687,2622.9999999999895,0.6330653086585158,0.6023623625242709,0.666865422030459,0.7360960929656196,0.7283269652777513
primary,inverse_letters,7329,7.405038132632195,1644.2475343679694,0.16602946142384134,0.15337382670927752,0.17996173640084018,0.6956496450942931,0.6929288486956462
primary,letters_power,7329,7.239008671208354,1392.7126501594923,0.0,0.0,0.0,0.6817804185630059,0.6769140325493275
primary,composite_power,7329,7.054704073630204,1158.2946506260848,-0.18430459757814965,-0.19665589230129404,-0.16962586360503704,0.6463599356215417,0.6570214024471268
primary,letters_exponential,7329,7.194500477425258,1332.0847529610294,-0.044508193783095784,-0.055674248522862714,-0.03220797479656511,0.6731178505698281,0.6722304298021333
primary,training_unigram,7329,6.136038127933118,462.21868716666916,-1.1029705432752355,-1.1585582589326484,-1.0330001509270927,0.3565354692354955,0.44428516152528874
secondary,uniform,9618,7.8720739798668715,2622.9999999999945,0.5443665005727709,0.510276529889683,0.5793671894999205,0.6494356630688409,0.611451872655175
secondary,inverse_letters,9618,7.457175637778405,1732.2486441180713,0.12946815848430404,0.11541640545353575,0.143895306025239,0.6099616274047288,0.5817701074889639
secondary,letters_power,9618,7.327707479294101,1521.8888080697407,0.0,0.0,0.0,0.6060449112641617,0.5765575375981551
secondary,composite_power,9618,7.188965993579796,1324.7327150488886,-0.13874148571430478,-0.1512433474611538,-0.12507216601020202,0.5851635706666535,0.5775107574058578
secondary,letters_exponential,9618,7.303954073116592,1486.164729018346,-0.02375340617750865,-0.03328623364117085,-0.013647055871272254,0.6045242021703852,0.5891739389697461
secondary,training_unigram,9618,6.19936321340451,492.43536499191543,-1.1283442658895906,-1.1918151763913987,-1.0596452740507856,0.22327950212279768,0.28962203057387315
answers,uniform,3651,7.872073979866875,2623.0000000000036,0.7187243537719201,0.6728975155815963,0.7754814372698375,0.7663589052158848,0.7819392680393474
answers,inverse_letters,3651,7.354687412010323,1563.5081851197046,0.201337785915368,0.1824481418491502,0.22473283449060866,0.7185679330613974,0.7436597190860047
answers,letters_power,3651,7.153349626094955,1278.380889447278,0.0,0.0,0.0,0.7044865385193059,0.7254229975526494
answers,composite_power,3651,6.9612026655716654,1054.9014883424786,-0.1921469605232895,-0.21281889524845338,-0.16524883922205383,0.6692012299373583,0.6977558613752273
answers,letters_exponential,3651,7.117165620279813,1232.9508253839924,-0.036184005815141695,-0.055067546364323094,-0.013214879964904629,0.6931948730404318,0.7093053153512805
answers,training_unigram,3651,6.108514844629484,449.6703886134672,-1.0448347814654708,-1.1369650742910935,-0.9166134361786783,0.39944892377304264,0.4976954343690395
email,uniform,4143,7.87207397986687,2622.9999999999895,0.5888248370049736,0.5500842006114834,0.6464802424551886,0.7275946667962323,0.7113093419685953
email,inverse_letters,4143,7.431042854322224,1687.5665420956439,0.14779371146032805,0.13182497215231562,0.17155904484259563,0.6858517992046002,0.6970500171153503
email,letters_power,4143,7.283249142861896,1455.7101597897718,0.0,0.0,0.0,0.679190110351963,0.6884854678940711
email,composite_power,4143,7.134700227574802,1254.760789691528,-0.14854891528709402,-0.17373125275185625,-0.12946484377381648,0.652999598087675,0.679282606105624
email,letters_exponential,4143,7.264205423112835,1428.2503220822132,-0.01904371974906116,-0.03403387929080415,-0.00541757598982036,0.6701258473658123,0.6858496200359803
email,training_unigram,4143,6.178136519159746,482.0927481849343,-1.1051126237021505,-1.1895519402577472,-1.0261861603038605,0.3622271679598241,0.44604154633701254
newsgroup,uniform,2493,7.872073979866872,2622.999999999997,0.5440003585378221,0.4738376038622096,0.6190107791542582,0.7365611894776973,0.7739353577320218
newsgroup,inverse_letters,2493,7.457390857493793,1732.621498299586,0.12931723616474233,0.10039642218618701,0.16023623914760726,0.711319008549465,0.741327442985762
newsgroup,letters_power,2493,7.32807362132905,1522.446137559545,0.0,0.0,0.0,0.7077584814725307,0.7271794528597134
newsgroup,composite_power,2493,7.2026974427363175,1343.0486795463855,-0.12537617859273276,-0.15304944425921152,-0.09256697803406272,0.6786380890118471,0.7107613986891967
newsgroup,letters_exponential,2493,7.300092022412151,1480.436154622462,-0.027981598916899664,-0.04159283533550884,-0.012957781604873358,0.6930950574588419,0.7134466887192032
newsgroup,training_unigram,2493,6.304732294891579,547.1550923635899,-1.023341326437471,-1.117916624154149,-0.928931075591234,0.3764643241899483,0.48502152152553674
reviews,uniform,3678,7.872073979866876,2623.000000000006,0.5480350819839579,0.517505214657983,0.5800822671471633,0.7789080657429355,0.7831001405266694
reviews,inverse_letters,3678,7.455019231324561,1728.517236623783,0.13098033344164328,0.1183960411371752,0.1441900582440213,0.7464682772159441,0.7594325023218425
reviews,letters_power,3678,7.324038897882918,1516.3158637288595,0.0,0.0,0.0,0.7382670675564236,0.7480150131196515
reviews,composite_power,3678,7.147519092885694,1270.948934401792,-0.1765198049972243,-0.18808577079695676,-0.16440697354915348,0.7063026745701237,0.7288827986321144
reviews,letters_exponential,3678,7.2712676235476215,1438.3726128805827,-0.0527712743352966,-0.06368197866222995,-0.04093207422985401,0.7285471451896678,0.738853312299236
reviews,training_unigram,3678,6.163359364295699,475.02116659559357,-1.1606795335872189,-1.2101450402198723,-1.1086746410276647,0.42253130938598926,0.5214516559628681
weblog,uniform,2982,7.872073979866866,2622.9999999999804,0.48290503318661226,0.4334480864755258,0.5444576917669732,0.7340361907114311,0.7474185861795075
weblog,inverse_letters,2982,7.493302927888564,1795.974279715619,0.10413398120831019,0.08374802056021913,0.12950574713909033,0.7124759124627158,0.7257979732001791
weblog,letters_power,2982,7.389168946680254,1618.3606099613232,0.0,0.0,0.0,0.7128402254324732,0.718694945055363
weblog,composite_power,2982,7.252879664207387,1412.1655612752515,-0.13628928247286698,-0.15508366500950027,-0.11673897307023676,0.6904717598005039,0.7069540527391596
weblog,letters_exponential,2982,7.362407040712751,1575.6245947029258,-0.026761905967503274,-0.045432343985497316,-0.00466055021987958,0.7045000130278599,0.7133910185626001
weblog,training_unigram,2982,6.1407639760164505,464.40823211685824,-1.2484049706638034,-1.3621406445705744,-1.1146424074541574,0.365086790749737,0.4674494299779388
