scenario,sample_size,exponent_compatibility,neutral_profile_rejection,mechanism_profile_rejection,exponent_compatible_profile_rejected,observed_exponent_mean
neutral,100,0.953,0.0475,0.0475,0.037,2.0094113762267627
curved_same_exponent,100,0.934,0.0985,0.047,0.085,2.011297166260485
shifted_power,100,0.119,0.4225,0.0435,0.0075,2.410964141592222
neutral,1000,0.947,0.047,0.047,0.04,2.0015122207949236
curved_same_exponent,1000,0.9325,0.643,0.046,0.585,2.00134712504352
shifted_power,1000,0.0,1.0,0.046,0.0,2.399876213934989
neutral,10000,0.941,0.0515,0.0515,0.043,2.000392966779166
curved_same_exponent,10000,0.9235,1.0,0.061,0.9235,2.000144537027183
shifted_power,10000,0.0,1.0,0.0575,0.0,2.4002511484947133
